image,caption
images/002853597.jpg,go bananas at your baby shower in honor of the year of the monkey .
images/002240349.jpg,"a crate of bananas , apples , pears and other fruit on a wooden background"
images/003186313.jpg,"bananas , pears and citrus , to the light"
images/002198982.jpg,bananas on and old vintage table top with modeled tan background for a rustic feel and copy space
images/002567423.jpg,man with a bunch of bananas
images/001070040.jpg,"heat from the sun at banana tree with daytime , 4k video"
images/001905493.jpg,bananas for sale on a stall
images/000410606.jpg,a peeled banana with other bananas in the background
images/001988783.jpg,monkey eating banana on the ground
images/001203977.jpg,banana tree with a bunch of bananas .
images/000008195.jpg,bananas are isolated on a white background
images/002752328.jpg,bananas as sweet as the message written upon them .
images/001387102.jpg,cute pattern with monkey in a hat and bananas vector art illustration
images/003185818.jpg,green banana leaf isolate on a white background with clipping path .
images/000741855.jpg,true or false ? filming location is the world 's largest producer of bananas ?
images/001854988.jpg,seamless vector pattern of yellow bananas on a blue background .
images/000495023.jpg,"cocoa powder , chocolate chips , and plenty of mashed bananas make this quick bread to - die for !"
images/001609334.jpg,animal climbs to a banana
images/002109280.jpg,tropical bananas growing on a banana tree -- stock photo #
images/000899863.jpg,lady points down the road next to banana plantation
images/002472919.jpg,a bunch of bananas on a white background .
images/001366381.jpg,an illustration of religious practice from banana leaf and person decorated on tray with pedestal for paying respect to teachers or person .
images/000006042.jpg,bananas grow in the valley
images/001340948.jpg,bunch of bananas on a banana plantation
images/000523686.jpg,the average person consumes pounds of bananas every year .
images/002346906.jpg,biological species on a banana leaf
images/002969495.jpg,bananas on sale at a rural market
images/002633139.jpg,bananas for sale in the market
images/000896499.jpg,wave with bananas on a white background .
images/000710011.jpg,juvenile orangutan uses bananas as a stool
images/002860208.jpg,a bunch of ripe bananas on a white background
images/001780079.jpg,cocktail of passion fruit served on top of a banana leaf
images/002202407.jpg,man carrying a bunch of bananas on his shoulder during harvest on plantation
images/002303862.jpg,yellow bananas on an orange background seamless pattern .
images/001149820.jpg,"a glass and a bottle of milk , apple , bananas and yellow towel"
images/002062208.jpg,monkey with a banana on a white background
images/003040538.jpg,the bananas grow in a long spiral as the flower descends
images/000165366.jpg,"peanut butter and jelly sandwich , with dancing banana , and a glass of milk"
images/001544221.jpg,fried bananas and other side dishes from the restaurant
images/002606245.jpg,peeling the skin from a banana .
images/002182840.jpg,illustration of some bananas on white background - isolated object
images/002271492.jpg,banana and apple cartoons dancing as a couple .
images/001741621.jpg,"hard rain falling on the banana tree outside the house , resolution"
images/000734727.jpg,cartoon man slips on a banana
images/001822923.jpg,illustration of a banana rendered in a geometric style
images/000819412.jpg,slices of fresh banana being fried and turned over in a pan with a spatula
images/001466424.jpg,a bunch of bananas of a banana tree
images/000000380.jpg,eating banana is a natural cure to reduce the effects of stress and anxiety .
images/002498191.jpg,a woman looks up at the bananas growing in her tree
images/000328598.jpg,eating bananas to reduce the effects of stress
images/000654875.jpg,cheerful baby is eating a banana .
images/000568091.jpg,hand drawn sketch style chopped banana with the peel on white background .
images/002024854.jpg,texture of a new banana leaf
images/000231371.jpg,remember to freeze your bananas ahead of time for the best cocktail .
images/002026000.jpg,bananas in a female hand
images/001069304.jpg,bananas arranged on a wooden table
images/000594209.jpg,"red , yellow and green bananas hanging for sale at a market"
images/002278076.jpg,a little toddler boy eating a healthy breakfast of banana and granola cereal
images/000292801.jpg,"say goodbye to dry , hard to swallow chunks of banana bread ."
images/002992019.jpg,"monkey and banana ~ by the decorated cookie , yellow"
images/000284207.jpg,celebrity eats a banana during the third round
images/002862436.jpg,a worker carries a big branch of bananas on his shoulder at a banana plantation
images/000644128.jpg,a monkey eating a banana sitting on the ruins
images/002715487.jpg,man carrying a bunch of bananas on his shoulder during harvest on plantation
images/001342352.jpg,seamless vector pattern of yellow bananas on a blue background .
images/001653082.jpg,"bananas are a good source of vitamin c , potassium and fiber ."
images/001298700.jpg,have you ever found yourself stuck with extra bananas ? the first recipe that usually comes to mind is banana bread .
images/000768127.jpg,little girl eating a banana on the background of the christmas tree
images/001973174.jpg,a banana tree in a plantation in the region
images/000949386.jpg,"this secretly healthy banana bread tastes just like classic banana bread , but it 's gluten free , oil free , & refined sugar free !"
images/001363175.jpg,traditional south meal on a banana leaf .
images/001160194.jpg,image titled tv genre on a banana leaf step
images/002410952.jpg,bananas arrive to the wednesday market by boat
images/000573711.jpg,biological species eating a banana leaf left by a hiker
images/000868774.jpg,pattern with bananas on a light background .
images/001342039.jpg,note to self : buy bananas like a week beforehand
images/002865451.jpg,slicing a fresh banana horizontally on a plastic cutting board ready for cooking
images/000195252.jpg,this banana looks like my mom 's dog
images/000103982.jpg,bananas on a rustic table
images/002006156.jpg,huge banana besides a slightly smaller banana for scale
images/002439421.jpg,meal on a banana leaf
images/000326772.jpg,a bowl of separated bananas .
images/003165337.jpg,"an elderly woman buying bananas in a supermarket , business"
images/000862678.jpg,close - up of spices on a banana leaf
images/001953451.jpg,do you like bananas ? vector image of a banana .
images/001522077.jpg,"a few yellow old bananas , on wooden background"
images/001493160.jpg,a total of bunch of bananas decorative plastic artificial fruit free shipping
images/001309792.jpg,big bunch of bananas on sale in the market
images/000923806.jpg,ripe banana on a white background
images/003126872.jpg,ripe bananas painted in the heart of a dark color
images/002399361.jpg,vector seamless pattern with banana on the white background
images/002057818.jpg,man carrying a bunch of bananas on his shoulder during harvest on plantation
images/001271812.jpg,man eating a banana while driving a convertible car on country road
images/003040526.jpg,entrance gate to the banana plantation
images/002825935.jpg,food served in a banana leaf
images/002276160.jpg,guess how many bananas i can fit in my mouth !
images/002456645.jpg,illustration of some bananas on white background - isolated object
images/000008017.jpg,banana isolated on the white background
images/000177249.jpg,"the bananas were put on the table , old wooden floors ."
images/002283935.jpg,cultivated banana on the tree .
images/000074748.jpg,a bowl of sliced banana .
images/000525061.jpg,bunch of bananas on the banana tree
images/002074246.jpg,type of dish with bananas : butter with a side of bread
images/002153792.jpg,a lot of monkeys eat bananas in venture funded company
images/003236748.jpg,type of dish with bananas : butter with a side of bread
images/001520671.jpg,half a rotten banana on white background
images/000874136.jpg,person stands amongst the remains of his banana plantation .
images/001772219.jpg,"creative flat lay of a half peeled banana on a pink and white background , top view"
images/000390493.jpg,"this tangy , homemade , low - fat chocolate frozen yogurt features bananas that are caramelized in brown sugar ."
images/001405349.jpg,hand drown vector pattern of yellow bananas on a colored background .
images/000386578.jpg,yellow bananas on a white vector art illustration
images/001524233.jpg,what happens to your body if you eat bananas every day
images/002378471.jpg,isolated banana on a white background
images/002215477.jpg,sliced banana with peel on a white background -- stock photo #
images/001515516.jpg,illustration of the floating bananas
images/002653459.jpg,a banana tree is fruiting in the garden
images/001599187.jpg,our smoothie is not only great for when you want to just kick back and relax but the bananas are also good for lowering blood pressure .
images/002671877.jpg,a bowl of baby food with a banana
images/000934508.jpg,old truck in the banana plantation .
images/001756117.jpg,dark chocolate is drizzled on chunks of banana then frozen to make this sweet snack or dessert .
images/001168388.jpg,bananas in an open air market
images/001111291.jpg,a monkey eating a banana
images/002483037.jpg,an orangutan with a banana !
images/001303386.jpg,eating bananas is a great way to promote healthy bones in both children and adults .
images/000203839.jpg,"red , yellow and green bananas hanging for sale at a market"
images/000790136.jpg,person dressed as a banana trying to break a half - marathon world record
images/003165383.jpg,bananas painting with watercolor then designed on a white background .
images/001786910.jpg,make bananas last longer by wrapping a plastic cling film tightly at the crown of the bananas .
images/001384974.jpg,an illustration of religious practice from banana leaf and person decorated on tray with pedestal for paying respect to teachers or person .
images/000303331.jpg,a woman eats a healthy breakfast of banana and granola
images/002660306.jpg,"here is my banana , wondering what hit him ."
images/001926610.jpg,beautiful vector illustration with banana and milk splashes .
images/000593463.jpg,bananas in a market stall
images/002191082.jpg,drummers lead a procession of a sacred banana tree and holy water during festival .
images/000765574.jpg,bananas on a cart in the street .
images/002920595.jpg,the bananas just keep on forming !
images/001965574.jpg,illustration of a banana in hand drawn graphics .
images/000579483.jpg,chalk drawn illustration of banana and strawberry smoothie in a bottle with ingredients .
images/001854266.jpg,feed the elephant a banana as they visit zoo .
images/000956599.jpg,vector illustration of bananas falling into a splash of milk
images/001075545.jpg,"write on the skin of a banana in the morning while you 're packing their lunch ... by lunch time , where you wrote is brown and the message appears"
images/002613915.jpg,footpath along bodies of water near banana plantation
images/000993288.jpg,a delivery man carries a very large bunch of yellow bananas on his shoulder while unloading the produce from his
images/000833254.jpg,the chimpanzees of use sticks to fish for bananas on a clothesline and apples in the water
images/003250992.jpg,these buildings are made of bamboo and banana plants .
images/001902288.jpg,"a baby , eats a banana in front of a blurred crown ."
images/001395092.jpg,in this recipe the bananas are mashed and then put into the batter to distribute their flavor .
images/000412160.jpg,a bowl of separated bananas .
images/000203049.jpg,isolated bananas on a white background
images/000428887.jpg,woman sells bananas in a local market
images/002204789.jpg,boy selling bananas in a street .
images/000717880.jpg,portrait of a monkey eating a banana
images/003176411.jpg,"this creamy vegan yogurt is made with banana , chia seeds , and almond milk ."
images/003202983.jpg,woman with yellow bananas in the street market
images/002509451.jpg,bananas on an orange background .
images/000197675.jpg,banana tree with a bunch of bananas
images/000541921.jpg,bananas on sale for cents each in the section
images/000534081.jpg,illustration of the floating bananas
images/003289044.jpg,cartoon illustration of a banana -- stock vector #
images/002607446.jpg,"drizzle a little or drizzle a lot , banana bread is breakfast acceptable even when doused in chocolate ."
images/002196780.jpg,a banana tree with fruits ready for picking
images/001976352.jpg,tourists walking through a banana plantation
images/000292625.jpg,a spin on the classic - super moist banana bread studded with chocolate chips !
images/003029275.jpg,cocktail of passion fruit served on top of a banana leaf
images/002405015.jpg,banana tree with a bunch of bananas
images/003119290.jpg,a bunch of yellow bananas .
images/002714383.jpg,bananas on a banana leaf
images/001342447.jpg,bananas are one of the bestselling items in the produce
images/000970084.jpg,a vector illustration of bunch of bananas
images/002126944.jpg,yellow ripe bananas on a palm tree
images/001492928.jpg,a woman eats a healthy breakfast of banana and yogurt with granola
images/000070772.jpg,biological species eating a banana leaf left by a hiker
images/002290511.jpg,banana turning on itself on a white background
images/002749054.jpg,bunch of bananas in a vegetable and fruit market .
images/002949563.jpg,bananas in a market stall
images/002947849.jpg,a spin on the classic - super moist banana bread studded with chocolate chips !
images/001822816.jpg,close - up of spices on a banana leaf
images/000822151.jpg,bananas on sale at a rural market
images/000664128.jpg,traditional food served on a banana leaf
images/002718527.jpg,tourists feed elephants with bananas during a tour
images/000473757.jpg,oranges and bananas you eat both of them .
images/002223200.jpg,roasted bananas - healthy and easy vegan dessert without any added sugar .
images/000351811.jpg,"drawing of a banana with eyes , arms and legs ."
images/000369057.jpg,ripe bananas at the street market
images/002370596.jpg,seamless pattern of yellow bananas on a blue background
images/000920847.jpg,fresh purple smoothie in a glass bottle made from bananas and blueberries .
images/001108199.jpg,buying a bunch of ripe bananas from the markets
images/001274801.jpg,baby elephant taking a banana from a man
images/002892906.jpg,people pose on a banana during the celebrations
images/001041009.jpg,pattern of ripe bananas on a green background
images/000041118.jpg,workers process freshly harvested bananas
images/001884669.jpg,drawing of a peeled banana
images/003114599.jpg,why do bananas ripen other fruit in the fruit bowl ?
images/000601321.jpg,a spoon of yogurt with banana
images/000219390.jpg,sticker with hand drawn bananas on the gray background .
images/001866375.jpg,isolated banana on a white background
images/001909842.jpg,this is bananas mug made
images/001974277.jpg,~ ~ recipe banana bread takes a tropical twist with crushed pineapple and coconut .
images/003105319.jpg,bunch of bananas in a banana plantation
images/001775535.jpg,a bunch of yellow organic bananas with a green organic sticker
images/000566644.jpg,vector seamless pattern with hand drawn bananas on a blue background .
images/002002551.jpg,the monkey eats a banana .
images/002285517.jpg,hand drawn sketch style chopped banana with the peel on white background .
images/001869453.jpg,food with a pear on banana .
images/001608165.jpg,banana isolated on a white background
images/000484300.jpg,vector seamless pattern with banana on the white background
images/000035905.jpg,lace this classic banana and toffee pie with a little dark rum .
images/002030830.jpg,isolated outline of a group of bananas
images/002256663.jpg,changed the appearance of a banana
images/001494415.jpg,skinny cupcakes with toasted cream cheese frosting -- a mix between banana bread and carrot cake !
images/001661919.jpg,"a sweet pull - apart bread filled with caramelized bananas and drizzled with more caramel is the breakfast , brunch and dessert of your dreams , all rolled into one ."
images/001276754.jpg,bananas in a bowl with an avocado to hasten the ripening process - domestic setting
images/000023426.jpg,hand sticking a fork on a ripe banana
images/001664600.jpg,all day banana bread with granola and maple topping
images/000913771.jpg,"a bowl of fruit in a house , with oranges , pears , apples , bananas adn old black banana"
images/003288508.jpg,isolated banana on a white background .
images/003115299.jpg,bananas on display at a market
images/001175789.jpg,half eaten banana against a white background
images/000232265.jpg,ripe yellow bananas in a brown weaved basket
images/001047007.jpg,lace this classic banana and toffee pie with a little dark rum .
images/003115184.jpg,vegan banana and blueberry pancakes from person .
images/001651434.jpg,my friend made a clay sans figurine and tied it to a banana .
images/002245247.jpg,person found in the bunch of bananas
images/003020902.jpg,"red , yellow and green bananas hanging for sale at a market"
images/000249724.jpg,bananas on the fresh department of a supermarket
images/000765232.jpg,mayonnaise and bananas are the only things you 'll need to make this sandwich on classic white bread .
images/001386294.jpg,a large bunch of organic bananas on a banana tree
images/001885512.jpg,a banana tree is situated in front of a building .
images/002610005.jpg,bananas in the markets of island and indonesian province
images/002638638.jpg,a man carries a bunch of bananas to market on his shoulder
images/00002128.jpg,over ripe banana cut out on a white background
images/002638314.jpg,this tropical scene was inspired by the bananas that are grown all around where we live
images/000157535.jpg,biological species on a banana leaf
images/003194401.jpg,there is a reason animation film love bananas so much .
images/002164080.jpg,a banana tree with coconut trees in the background
images/003190208.jpg,these blue bags are designed to protect fresh bananas from pests and adverse weather conditions
images/002073789.jpg,the child eats banana on a picnic on the green lawn
images/000126760.jpg,bananas on sale in a market
images/000213779.jpg,a banana on wood background
images/000046786.jpg,yellow bananas seamless pattern on the blue background
images/002969338.jpg,pineapple - banana - orange smoothie with a side of strawberries
images/003019570.jpg,banana plantation in the wet tropics
images/001278892.jpg,seamless texture of the outlines of bananas
images/001721906.jpg,man carrying a bunch of bananas on his shoulder during harvest on plantation
images/000914919.jpg,the pattern of ripe yellow bananas and fresh
images/002311410.jpg,cut a banana into several pieces .
images/002425645.jpg,bananas to harvest fresh from the tree
images/002725766.jpg,person uses the banana as her canvas for her project .
images/001454924.jpg,"a banana , an apple , strawberries , raspberries and blackberries on a white plate"
images/003148595.jpg,fresh yellow bananas rotating on white surface in a seamless loop
images/000510988.jpg,vector icon - a yellow banana on a white background
images/001000665.jpg,feed the elephant a banana as they visit zoo .
images/002118486.jpg,biological species on a banana leaf
images/000272356.jpg,a banana tree seen from below .
images/002048144.jpg,food and a bunch of bananas on a plate
images/002019004.jpg,a spin on the classic - super moist banana bread studded with chocolate chips !
images/002968899.jpg,go bananas with this healthy banana bread !
images/001179841.jpg,bunch of bananas on the banana tree
images/001227510.jpg,some bananas bought from the market on the way to blogger
images/000430025.jpg,isolated banana on a white background
images/002943353.jpg,"pink banana on a blue background , 3d illustration"
images/001668357.jpg,girl placing strawberries and bananas into a blender
images/002835237.jpg,bananas on an orange background .
images/003105478.jpg,image titled tv genre on a banana leaf step
images/002930221.jpg,vegetarian food served in a banana leaf
images/001267384.jpg,seamless vector pattern of yellow bananas on a green background .
images/001136901.jpg,a bunch of bananas and mango isolated on white
images/000151178.jpg,banana plantation blown over in a storm .
images/002971489.jpg,little girl petting a dog and feed them with bananas .
images/002746457.jpg,bunch of bananas isolated on a white background
images/002947326.jpg,juices of orange and banana .
images/000405864.jpg,my banana tree which grows ?
images/002991577.jpg,young man eating a banana in dark studio .
images/000063859.jpg,colored bananas on a white background
images/001955789.jpg,local women with big branches of bananas hung up under the shade at a banana plantation
images/001087341.jpg,celebrity eats a banana during the third round
images/003298776.jpg,a large bunch of bananas on a banana tree .
images/001839173.jpg,"bananas and dates blended with coconut milk give this chocolate mousse a thick , creamy texture ."
images/003196239.jpg,bananas in a glass bowl are seen
images/000877680.jpg,a banana is pointed like a gun with its end peeled back in a comedic fashion
images/001480178.jpg,drawing of a bunch of bananas with speech bubble
images/002752991.jpg,monkey eating banana on the ground
images/000871215.jpg,seamless pattern with bananas on a striped background .
images/001296547.jpg,colorful pattern of bananas and pineapples on a striped background in pop art style
images/001432145.jpg,the chimpanzees of use sticks to fish for bananas on a clothesline and apples in the water
images/001885051.jpg,bananas on a banana tree
images/001855028.jpg,"a banana , strawberries and a handful of almonds , sunflower and pumpkin seeds"
images/002736385.jpg,seamless pattern with image of a banana leaves .
images/000959692.jpg,oranges and bananas you eat both of them .
images/002497469.jpg,biological species eating a banana leaf left by a hiker
images/002603235.jpg,biological species crawling on a banana leaf
images/000274732.jpg,woman in hospital shocked to see a banana for dinner
images/000564343.jpg,bananas on a wooden table
images/002592225.jpg,the big spider with long legs on banana leaf .
images/000585643.jpg,a bunch of bananas minus two by person
images/002171437.jpg,women selling bananas in the market
images/000062326.jpg,"kiwi fruit , ripe banana , sour lemon , a bunch of grapes ."
images/001367856.jpg,cutting the trunk of the banana tree
images/001240895.jpg,isolated banana on a white background .
images/002145256.jpg,why have plain banana bread when you can make it into pancakes ?
images/001490952.jpg,two single and bunches of fresh banana with leaf .
images/001999465.jpg,yellow banana on a white background .
images/002585283.jpg,banana tree with a bunch of bananas
images/002842097.jpg,sign the way of evacuation near fence of banana plantation
images/001107959.jpg,ripe bananas at the street market
images/001011762.jpg,eating banana is a natural cure to reduce the effects of stress and anxiety .
images/002215139.jpg,recycle overripe bananas by hanging them up in the garden .
images/001535178.jpg,banana with white stroke in a flat style .
images/003279439.jpg,german dish is a tasty cake that 's a little bit banana bread and a little bit coffee cake .
images/001289953.jpg,type of dish with bananas : butter with a side of bread
images/000762112.jpg,"measuring tape wrapped around a banana , isolated on a white background royalty - free"
images/001366874.jpg,butch of small bananas in a hand
images/002357190.jpg,path in the middle of a banana plantation
images/000403025.jpg,"a few yellow old bananas , on wooden background"
images/001325801.jpg,the flower and stem of the banana tree
images/000778331.jpg,a spin on the classic - super moist banana bread studded with chocolate chips !
images/000407165.jpg,"banana tree with green bananas fruits and the heart , growing banana ."
images/001785257.jpg,banana leaf in the rain
images/000699561.jpg,close of boy eating a banana
images/001200844.jpg,banana isolated on a white background
images/001815920.jpg,bright bananas painted in the heart for you
images/001340441.jpg,bananas in a glass bowl are seen
images/001869303.jpg,small bananas at a fruit stand
images/002277635.jpg,the pattern of ripe yellow bananas and fresh
images/001888782.jpg,gluten free vegan strawberry banana bread .
images/002921231.jpg,the composition of bananas in the style of printmaking artist
images/001227922.jpg,bunch of bananas hanging from a banana tree
images/002864050.jpg,"close - up of a locally grown naval orange , sliced open , sitting on a banana leaf ."
images/000624112.jpg,seamless vector pattern of yellow bananas on a pink background .
images/000496543.jpg,portrait of a smart serious young man eating banana
images/001346977.jpg,the monkey eats a banana .
images/001049953.jpg,"person , walks through his barren banana plantation behind his house ."
images/003256198.jpg,a bunch of bananas growing on a tree
images/001584248.jpg,close up a banana leaf in the wind
images/002209025.jpg,"both halves of the mold , on the kitchen counter next to a banana ."
images/003119764.jpg,bunch of ripe speckled bananas isolated against a black background
images/001222586.jpg,bananas painting with watercolor then designed on a white background .
images/002052969.jpg,"pink banana on a blue background , 3d illustration"
images/000608470.jpg,ripe banana on a white background
images/001243988.jpg,"bananas , fresh off the tree ."
images/000105034.jpg,two single and bunches of fresh banana with leaf .
images/003158454.jpg,vector seamless pattern with hand drawn bananas on a white background .
images/001173983.jpg,type of dish with bananas : butter with a side of bread
images/002293910.jpg,"person , poses for a photo as a banana saturday morning during contest via person"
images/003040062.jpg,the cucumber is combined with a banana
images/002502723.jpg,high contrast photo of bananas floating threateningly in the night
images/001917347.jpg,bananas on a white background - seamless pattern .
images/002721925.jpg,food and banana placed on a table
images/002953248.jpg,"strawberries and bananas are the main ingredients in one of our most popular smoothies , cake ."
images/001881012.jpg,brand - the softest banana bread you 've ever had swirled with thick ribbons of brand .
images/001415147.jpg,bananas and slices isolated on a white background .
images/002712348.jpg,banana plantation partly under netting covers on the southern coast
images/001547212.jpg,toddler looking at a banana
images/002037359.jpg,a spin on the classic - super moist banana bread studded with chocolate chips !
images/002986574.jpg,view of man moving hanging juicy bananas at the local market
images/000371834.jpg,banana seamless pattern on the white background .
images/000103769.jpg,"sliced banana next to a bottle of fragrance , on a black background"
images/000072792.jpg,a boy runs home through a banana plantation after collecting the fishing net his father lay across a nearby river to catch fish overnight .
images/001959415.jpg,bunch of bananas hanging from a banana tree
images/003220606.jpg,a vendor displays bananas at his stall .
images/002476775.jpg,pop artist putting his entire mouth around a banana .
images/001173793.jpg,half eaten banana against a white background
images/002591272.jpg,mini bananas - a little more starchy than normal bananas so you need to let them ripen completely
images/001475537.jpg,members of a pose near their banana plantation
images/002773454.jpg,fresh bananas at a market
images/000306936.jpg,a woman and man pointing at bananas in the store
images/001490099.jpg,how to quickly ripen bananas in the microwave
images/001976263.jpg,close up of bananas in a grocery store
images/000311750.jpg,bananas are one of the most popular fruits in the world .
images/000531663.jpg,a bunch of fresh bananas
images/001492015.jpg,an illustration of religious practice from banana leaf and person decorated on tray with pedestal for paying respect to teachers or person .
images/002420767.jpg,fried meat and fried chicken and fried pork put on the banana leaf for sale at street local market
images/00007790.jpg,feed the elephant a banana as they visit zoo .
images/001679312.jpg,person spotted bananas that are just right for baking isolated on white
images/000707804.jpg,over ripe banana cut out on a white background
images/002889877.jpg,bunch of organic bananas isolated on a white studio background
images/003119204.jpg,"meal served in banana leaf on the occasion of festival , selective focus"
images/003010719.jpg,"the boy who became a test player : grew up on his parents , person and banana farm"
images/001776247.jpg,feed the elephant a banana as they visit zoo .
images/001218306.jpg,colored chalk drawn illustration of banana and strawberry smoothie in a bottle with ingredients .
images/002535685.jpg,a dish of pancake at banana leaf .
images/002230193.jpg,women selling bananas at the market
images/001958002.jpg,a vendor displays bananas at his stall .
images/003279086.jpg,a man buys bananas in a supermarket
images/000233176.jpg,cute and funky bananas seamless pattern on the dark background .
images/002447761.jpg,"do you know how to properly store tomatoes , potatoes , green onions , mushrooms and bananas ? with these tips , your produce can last longer !"
images/001910516.jpg,letters in the form of a banana
images/000925445.jpg,pancakes with banana and honey on a white background
images/002699930.jpg,image titled tv genre on a banana leaf step
images/002625717.jpg,"bananas and dates blended with coconut milk give this chocolate mousse a thick , creamy texture ."
images/000140171.jpg,"say goodbye to dry , hard to swallow chunks of banana bread ."
images/001413829.jpg,"pink banana on a blue background , 3d illustration"
images/001804294.jpg,a large bunch of bananas
images/001863196.jpg,cute bananas on a white background .
images/002450315.jpg,three - toed sloth hanging from a banana tree
images/003146569.jpg,bananas on the fresh department of a supermarket
images/003177838.jpg,"complete protein drink and a banana , isolated on white , overhead shot"
images/001129911.jpg,close - up of a partly peeled banana
images/001229001.jpg,"but i only have this knitted outfit , will that do ? banana for scale ."
images/001942279.jpg,the frame consisting of different bananas .
images/002603722.jpg,sliced banana on a chopping board .
images/003232524.jpg,i got this tiny banana for western christian holiday .
images/000512952.jpg,banana seamless pattern in flat style .
images/001669038.jpg,"monkey is sitting and peeling a banana , prepare for eating"
images/000961532.jpg,"bananas by person , fashion illustration for newspaper"
images/000540606.jpg,vector seamless pattern with hand drawn bananas on a white background .
images/000867478.jpg,man selecting bananas at a roadside fruit stall .
images/001522426.jpg,seamless vector pattern of yellow bananas on a blue background .
images/001221921.jpg,ripe bananas at the street market
images/001408880.jpg,"moist , spiced banana bread filled with chocolate chips , no mixer needed ."
images/001351514.jpg,little monkey with a banana
images/002683494.jpg,vector summer seamless pattern with pineapples and bananas on the soft yellow background .
images/002644466.jpg,a spin on the classic - super moist banana bread studded with chocolate chips !
images/002900143.jpg,yellow ripe banana on a turquoise background .
images/001290542.jpg,a man rests in the street to eat a banana
images/000003158.jpg,cluster of bananas on a tropical tree
images/002576767.jpg,feed the elephant a banana as they visit zoo .
images/001463662.jpg,washing weighing and packing to get the bananas ready for shipping
images/001718675.jpg,banana bread in all forms and flavours
images/000269842.jpg,bananas on and old vintage table top with modeled tan background for a rustic feel and copy space
images/002933763.jpg,vector illustration of a banana tree
images/001345638.jpg,raw banana rotating on the white table with white seamless background
images/001297688.jpg,all eyes on this cheeky monkey as he refused to split his banana with any of his troop
images/001375963.jpg,woman in red turtleneck with banana on the cerulean blue background
images/002133788.jpg,bananas in a glass bowl are seen
images/000927202.jpg,little cute monkey eating banana on a wild nature background
images/001375899.jpg,"a few bananas from our property , and from friends ."
images/001654909.jpg,bananas and other fruit for sale on a market stall
images/001443319.jpg,seamless vector pattern of yellow bananas on a green background .
images/002032325.jpg,cream cheese stuffed banana carrot cake is a showstopper !
images/002181423.jpg,person was impressed with this banana tree along the way .
images/001259853.jpg,a lot of monkeys eat bananas in venture funded company
images/002739695.jpg,bananas on and old vintage table top with modeled tan background for a rustic feel and copy space
images/001435060.jpg,fat middle - aged man eats a banana while sitting on a bench in summer park
images/000530294.jpg,bananas on sale in a market
images/001838421.jpg,yellow banana on a blue background .
images/001658863.jpg,what happens to your body if you eat bananas every day .
images/001713080.jpg,"the disease isposing a serious threat to production and export of bananas , membership organisation said in a report ."
images/000794136.jpg,these waffles are made with % whole wheat flour and mashed bananas .
images/000558223.jpg,pink bananas on a pink background .
images/001569698.jpg,a vector illustration of bunch of bananas
images/002854312.jpg,white banana leaves diagonal pattern on a dark blue background
images/001910810.jpg,young girl holding an apple seated at table between her mother holding a broccoli and her grandmother with a banana
images/001287746.jpg,stack of unripe bananas on a market stall
images/002449933.jpg,girl selling bananas to passengers on a bus
images/001603817.jpg,cute baby monkey with banana isolated on a white background
images/001018451.jpg,the pattern of bananas on a blue background .
images/002107281.jpg,guess how many bananas i can fit in my mouth !
images/002354419.jpg,farm workers loading bananas at a collective farm
images/000519726.jpg,"biggest hands in the world , banana for scale"
images/003234812.jpg,person of old spotted bananas isolated over the white background
images/001118974.jpg,bright summer seamless pattern with bananas on a light yellow background .
images/001879939.jpg,remember to freeze your bananas ahead of time for the best cocktail .
images/002617269.jpg,rule of the day : never make eye contact while eating a banana .
images/002177622.jpg,an idyllic spot in the tropics allowed this banana tree to grow this beautiful bunch of bananas .
images/000685617.jpg,food served on a banana leaf
images/002773814.jpg,green banana leaf isolate on a white background with clipping path .
images/001754490.jpg,bananas grow on a stalk as a trio of men prepare to harvest in the 1950s .
images/002879254.jpg,is that a banana in your pocket .
images/000056617.jpg,close - up of spices on a banana leaf
images/00001245.jpg,"fruits like oranges , bananas , apples and lemons on a wooden board"
images/000204427.jpg,your kids will go bananas for this .
images/000835879.jpg,will i have time to scribble on a banana ? we can only hope !
images/001469989.jpg,banana with shadow on a white background .
images/002352951.jpg,found some bananas in the jungle
images/003016209.jpg,cute hand drawn bananas on a white background .
images/000964435.jpg,a spin on the classic - super moist banana bread studded with chocolate chips !
images/002650053.jpg,a woman and man pointing at bananas in the store
images/002592749.jpg,wide angle shot of the banana plantation
images/002821601.jpg,"bananas , pears and citrus , to the light"
images/003180074.jpg,your kids will go bananas for this .
images/001797187.jpg,close up view of yellow bananas on display in a supermarket
images/002219438.jpg,a silhouette of yellow bananas as an ornament framed into a circle
images/001458854.jpg,new versus old : facing bananas
images/002692724.jpg,a young man is hiding his face behind a bunch of bananas
images/001844918.jpg,banana covered in chocolate on a grey wooden table
images/000246391.jpg,bananas and other fruit trees from a sketch published
images/003246818.jpg,"watch your toes cozy up to this dark grey , banana printed pair in soft cotton ."
images/001528054.jpg,"creative flat lay of a half peeled banana on a pink and white background , top view"
images/002228116.jpg,man buying bananas at a fruit stall
images/001276631.jpg,young man eating a banana in dark studio .
images/000414853.jpg,a young school boy enjoys eating a banana - very shallow depth of field with copy space
images/002310496.jpg,the image of a banana royalty free stock vectors
images/001852969.jpg,bananas hanging for sale at the supermarket
images/001841949.jpg,we found the smallest banana in the world
images/002161645.jpg,background from bananas with an arrow by organic food .
images/001167749.jpg,bananas on a rustic table
images/001602503.jpg,a rotten banana on a white background .
images/002116949.jpg,eating bananas to reduce the effects of stress
images/003146754.jpg,bananas on sale at a street market
images/002380071.jpg,a house on stilts and a banana plantation
images/001447685.jpg,a spin on the classic - super moist banana bread studded with chocolate chips !
images/003008914.jpg,close - up of spices on a banana leaf
images/000321616.jpg,cute baby monkey with banana isolated on a white background
images/000965624.jpg,this cold - hardy banana is native .
images/002190851.jpg,cheesecake stuffed banana bread ... it 's a classic treat turned on it 's head .
images/000971910.jpg,isolated bananas on a white background
images/001128781.jpg,bananas on sale for cents each in the section
images/002519256.jpg,yellow bananas on an orange background seamless pattern .
images/000940634.jpg,"woman peels banana , housewife is cooking fruit salad , healthy food for kids at home , fruits and vegetables in the kitchen"
images/002217961.jpg,"a farm with banana , pineapple , and squash plants growing in a field"
images/001703639.jpg,small bananas at a fruit stand
images/001416966.jpg,an old woman with a glasses eating a banana
images/002617063.jpg,young construction worker eating a banana in lunch time in summer day wipe sweat
images/000426687.jpg,guests dressed as bananas form a bunch
images/001007139.jpg,food served on a banana leaf
images/001006368.jpg,"fruit , pineapple , bananas , orange juice , and a tiny taste of coconut !"
images/000484575.jpg,hand drown vector pattern of yellow bananas on a colored background .
images/003092792.jpg,seamless vector pattern of yellow bananas on a pink background vector art illustration
images/001669096.jpg,letters in the form of a banana
images/002172705.jpg,pattern with tropical palm leaves and bananas .
images/001229646.jpg,style grill in banana leaf at the market
images/000530363.jpg,a bunch of imperfect bananas in a white high key background
images/000668723.jpg,"big hungry gorilla eating a healthy snack of bananas for breakfast , isolated on white background -- stock photo #"
images/001417570.jpg,because there 's a first time for everything -- including pairing chia seeds with bourbon - soaked bananas .
images/000293371.jpg,bunch of bananas on a banana plantation .
images/003171416.jpg,banana plantation on the island
images/000866325.jpg,sweet bananas on the yellow background
images/001705723.jpg,a single banana isolated on a white background
images/001387756.jpg,animal climbs to a banana
images/000094917.jpg,boy selling bananas in a street .
images/001579875.jpg,drawing of a bunch of bananas with speech bubble
images/000877401.jpg,banana covered in chocolate on a grey wooden table
images/001174516.jpg,little girl petting a dog and feed them with bananas .
images/002994315.jpg,young woman sitting beside baskets of fruit and eating a banana
images/002881297.jpg,the pattern of bananas on a blue background .
images/000509951.jpg,a frozen banana just east
images/000004772.jpg,"a simple twist on traditional banana bread , food is made without any butter or oil - low in fat , high in taste !"
images/001328062.jpg,person wants to be a banana for western christian holiday .
images/002073061.jpg,bananas on the girl s legs .
images/002992905.jpg,isolated outline of a banana
images/002946649.jpg,"watercolor seamless pattern with apples , oranges and a banana ."
images/000945754.jpg,bananas cartoons in a joyful talking .
images/001279071.jpg,a bright blue house under a banana tree
images/002096778.jpg,"holding and peeling a banana on black background , slow motion"
images/002190542.jpg,the monkey eats a banana .
images/001917890.jpg,toddler eating a banana in a studio
images/000401007.jpg,isolated peeled banana on a white background
images/003159856.jpg,vector illustration of a yellow ripe banana on an isolated white background .
images/003141564.jpg,vitamins fly out of the peeled banana
images/001536330.jpg,fried meat and fried chicken and fried pork put on the banana leaf for sale at street local market
images/001427703.jpg,a spin on the classic - super moist banana bread studded with chocolate chips !
images/001949491.jpg,bananas on a banana leaf
images/001120054.jpg,"a pineapple , a banana and silk almond milk on a kitchen counter"
images/000964083.jpg,"green bananas , sliced lemon and apple falling into the water on the black background ."
images/001826343.jpg,people selling bananas in a market .
images/001386199.jpg,bananas cut out on a white background
images/001471879.jpg,bananas hanging for sale at the supermarket
images/002651602.jpg,man eating a banana while driving a convertible car on country road
images/001617813.jpg,vector hand drawn isolated banana with the inscription .
images/000729922.jpg,the decision is to choose between a hamburger or the healthy option of a banana
images/001821353.jpg,a woman balances a large basket of ripe bananas on her head as he walks down the street holding her young son 's head 1950s
images/001954561.jpg,a lady with her moped overloaded with bananas for sale
images/001865916.jpg,monkey with the plastic banana <3 i still have mine like this .
images/000683922.jpg,watercolor seamless pattern with watermelons and bananas on a white background
images/000386337.jpg,vector seamless pattern with hand drawn bananas on a white background .
images/001805209.jpg,a woman looks up at the bananas growing in her tree
images/000140627.jpg,a front view of small mini bananas .
images/001321001.jpg,"a good traveler 's breakfast with banana , potato , tomato and eggs in a basket ."
images/002155782.jpg,bananas freshly pick from the tree along the trail .
images/001086767.jpg,"a few bananas from our property , and from friends ."
images/003149885.jpg,"you probably already have the ingredients on hand for this peanut butter , banana , and apple smoothie ."
images/000918980.jpg,three - toed sloth in a banana tree
images/001393139.jpg,comedian with a banana that was considered too curved to be sold in a supermarket .
images/002156452.jpg,bananas displayed in a food market
images/002190029.jpg,bat hanging on the tree eating banana
images/002611716.jpg,"first class meal on a-hr flight -- mini sandwich , banana and cocktail"
images/003016049.jpg,is that a banana in your pocket .
images/002094001.jpg,a bunch of bananas and mango isolated on white
images/001212733.jpg,vector illustration of a banana in hand drawn graphics .
images/000853720.jpg,ripe yellow bananas in a brown weaved basket
images/001042272.jpg,seamless pattern of bananas on a white background .
images/003204476.jpg,a stall selling red & green bananas alongside art work at the roadside near town .
images/001741050.jpg,person spotted bananas that are just right for baking isolated on white
images/000612953.jpg,ripe bananas on a wooden table isolated green background
images/001748420.jpg,"first class meal on a-hr flight -- mini sandwich , banana and cocktail"
images/002825203.jpg,bananas for sale on a stall
images/000587711.jpg,yellow banana on a black background .
images/000834126.jpg,bananas being sold on a fruit and veg stall on market
images/002573754.jpg,a flower of banana tree
images/002368491.jpg,"seamless pattern with yellow bananas on a white background for fabric , wallpaper , album cover ."
images/001911999.jpg,isolated peeled banana on a white background
images/001969972.jpg,"heat from the sun at banana tree with daytime , 4k video"
images/000880981.jpg,man with a bunch of bananas
images/002743242.jpg,a bright blue house under a banana tree
images/001858524.jpg,a woman looks up at the bananas growing in her tree
images/001346965.jpg,bunch of bananas hanging from a banana tree
images/003024858.jpg,very high quality original trendy vector seamless pattern with a banana and apple
images/000460095.jpg,"no time to explain , get in the banana"
images/000255057.jpg,girl in gold dress holds in the rivers golden bananas
images/001392835.jpg,close up of bunches of bananas at different stages of ripening on a wooden surface
images/001011818.jpg,set of colored and hand drawn bananas on the white background .
images/000417548.jpg,note to self : buy bananas like a week beforehand
images/000054705.jpg,pattern of ripe bananas on a purple background
images/000562235.jpg,feed the elephant a banana as they visit zoo .
images/002104394.jpg,this little guy scored a lot of bananas
images/002285713.jpg,cute baby monkey with banana isolated on a white background
images/001365525.jpg,a man sells bananas in a small village ...
images/001168140.jpg,seamless pattern of bananas on a yellow background
images/002534263.jpg,a frozen treat with ingredients -- bananas and almond milk !
images/001437849.jpg,vector seamless pattern with banana on a white background .
images/003151409.jpg,a man sells bananas on a stall outside islamic structure
images/002860992.jpg,vector seamless pattern with banana on the white background
images/000742659.jpg,open banana turning on itself on a white background
images/002081389.jpg,monkey eating banana on the ground
images/000653711.jpg,bananas grow on a stalk as a trio of men prepare to harvest in the 1950s .
images/002441661.jpg,bananas in a market stall
images/002986891.jpg,ripe yellow bananas in small and medium bunches on display at the farmers market
images/001369169.jpg,an old woman with a glasses eating a banana
images/001346002.jpg,"person , walks through his barren banana plantation behind his house ."
images/002228736.jpg,"strawberries and bananas are the main ingredients in one of our most popular smoothies , cake ."
images/003037085.jpg,roasted bananas - healthy and easy vegan dessert without any added sugar .
images/002185077.jpg,is that a banana in your pocket .
images/002434760.jpg,cost of living bananas were really this expensive !
images/002887001.jpg,an idyllic spot in the tropics allowed this banana tree to grow this beautiful bunch of bananas .
images/000121245.jpg,bunch of bananas hanging from a banana tree
images/002753302.jpg,big bunch of bananas on sale in the market
images/001711568.jpg,banana tree with a bunch of bananas
images/002796196.jpg,several bananas lie on a wooden table next to a measuring tape .
images/00010485.jpg,"close - up of a young orangutan eating a banana , animal , isolated on white"
images/001332472.jpg,a bunch of bananas on the tree
images/002021104.jpg,feed the elephant a banana as they visit zoo .
images/001070837.jpg,big bunch of bananas on sale in the market
images/000292203.jpg,monkey with a banana on a white background
images/002939488.jpg,bunch of bananas hanging from a banana tree
images/000102747.jpg,seamless pattern of bananas on a white background
images/000561593.jpg,vector pattern of yellow bananas on a blue background .
images/001882151.jpg,close - up of a banana leaf
images/000656498.jpg,apples and bananas in a glass bowl
images/002784157.jpg,background from bananas with an arrow by organic food .
images/002423233.jpg,illustration of monkeys with banana inside the fence
images/002181444.jpg,illustration of a monkey holding bananas
images/001294434.jpg,biological species on a banana leaf
images/001435005.jpg,yellow banana on a white background .
images/002576616.jpg,"fruits like oranges , bananas , apples and lemons on a wooden board"
images/001668817.jpg,local bananas and papaya fruits on a market stall
images/002815156.jpg,toddler is scared of a banana in a skin
images/001762845.jpg,ripe bananas painted in the heart of a dark color
images/002392031.jpg,cartoon illustration of a happy banana
images/002318993.jpg,cheesecake stuffed banana bread ... it 's a classic treat turned on it 's head .
images/001585696.jpg,butterflies feasting on a banana
images/002125099.jpg,bunch of bananas on a banana plantation
images/000895700.jpg,"portrait of a cute baby eating a banana , on a blue studio background"
images/002254034.jpg,cartoon illustration of a happy banana
images/000726117.jpg,how to quickly ripen bananas in the microwave
images/000722035.jpg,ripe bananas on a striped surface
images/003183419.jpg,biological species sitting on a banana leaf
images/000633657.jpg,a cute monkey swinging from vines with a banana in his hand
images/003259035.jpg,"a few yellow old bananas , on wooden background"
images/001653958.jpg,biological species eating a banana while hanging on a cable
images/001049285.jpg,3d man holds a banana isolated on white .
images/002581144.jpg,bananas for sale in a street vendors stand
images/000059365.jpg,entrance gate to the banana plantation
images/001475403.jpg,a woman eats a healthy breakfast of banana and granola
images/000893497.jpg,isolated bananas on a white background
images/003099474.jpg,we found the smallest banana in the world
images/002210936.jpg,person spotted bananas that are just right for baking isolated on white
images/001777333.jpg,"here 's an amazing harvest , huge bunch of bananas ready to ripen ."
images/002269983.jpg,a hand of bananas hanging on a metal banana tree viewed from above
images/002092142.jpg,an elderly man checking bananas on a fruit stall at markets
images/001364220.jpg,funny bananas at a birthday party !
images/000672750.jpg,a market selling banana in the city
images/001335219.jpg,fruit with a large bunch of bananas in august
images/001681176.jpg,fresh bananas in a basket
images/000036856.jpg,monkey eating banana on the ground
images/002397081.jpg,our smoothie is not only great for when you want to just kick back and relax but the bananas are also good for lowering blood pressure .
images/002415483.jpg,bananas in an old box
images/001095319.jpg,cute hand drawn bananas on a white background .
images/000583339.jpg,loading bananas on to boats
images/002810700.jpg,cultivated banana for retail sale at a fruit market
images/003085860.jpg,"bananas , pears and citrus , to the light"
images/000543739.jpg,vector hand - drawn banana on a white background .
images/000433675.jpg,wild baby making a face while clutching piece of banana from supplemental feeding
images/001089917.jpg,"measuring tape wrapped around a banana , isolated on a white background"
images/002933974.jpg,young girl holding an apple seated at table between her mother holding a broccoli and her grandmother with a banana
images/001671685.jpg,vector seamless pattern with banana on a white background .
images/001544423.jpg,a young boy packs bananas into newspaper
images/002836451.jpg,"measuring tape wrapped around a banana , isolated on a white background"
images/000652298.jpg,hand of a man with a banana
images/000160614.jpg,cast bronze bananas with a realistic yet whimsical patina .
images/002644423.jpg,red - eyed tree frog hanging out of a fresh banana leaf
images/000644532.jpg,close up view of yellow bananas on display in a supermarket
images/002909727.jpg,portrait of happy girl holding a banana .
images/001029428.jpg,loose bananas in a pile and loosely arranged
images/002800581.jpg,slicing a banana into thin slices in slow motion
images/002466950.jpg,person had read research that showed that eating more calories and potassium - rich food like bananas resulted in more women having boys than girls
images/000003282.jpg,close up of bananas in a grocery store
images/002386524.jpg,extremely rare : this is a double banana which has turned up in a family 's weekly shop
images/001373393.jpg,eating bananas to reduce the effects of stress
images/000112042.jpg,fruit with bananas in a wooden crate
images/000827250.jpg,illustration of a banana in hand drawn graphics .
images/000747611.jpg,a spin on the classic - super moist banana bread studded with chocolate chips !
images/003148120.jpg,close - up of a hand of bananas
images/000000892.jpg,detail on a banana leaf with sun in background
images/000310708.jpg,this is no ordinary banana bread !
images/003164028.jpg,banana split ice cream on the white background
images/001477919.jpg,toddler looking at a banana
images/002515118.jpg,"landscape a banana tree , rocks in the background"
images/002643063.jpg,people selling bananas at a market
images/001154860.jpg,an overripe banana on a wooden table
images/003034942.jpg,illustration of a banana rendered in a geometric style
images/002859873.jpg,baby is eating a banana in the kitchen
images/002813809.jpg,a stall selling red & green bananas alongside art work at the roadside near town .
images/001263638.jpg,"seamless pattern with yellow bananas on a white background for fabric , wallpaper , album cover ."
images/001467018.jpg,a study discovered that bananas can supply you with enough energy for a strenuous exercise .
images/001094810.jpg,isolated silhouette of a banana
images/001161927.jpg,a bunch of bananas minus two by person
images/002372291.jpg,banana plantation in a forested central valley
images/002265878.jpg,gifts for the dead bananas
images/002714502.jpg,bananas cut out on a white background
images/000638635.jpg,very high quality original trendy seamless pattern with a banana
images/001658907.jpg,"the couple bought bananas for about 50p and were quickly surrounded by hungry monkeys , who hurled themselves at the tourists"
images/000499487.jpg,a bearded monkey sitting high up on a branch in a forest eating a banana
images/003300208.jpg,"aerial view of dirt road between the plantations of maize , sugar cane and bananas"
images/001346091.jpg,a monkey eating a banana sitting on the ruins
images/002939577.jpg,monkey with banana hanging on a branch .
images/000498112.jpg,seamless pattern of bananas on a white background
images/000721018.jpg,bunch of ripe bananas on a tree in plantation .
images/001812481.jpg,true or false ? filming location is the world 's largest producer of bananas ?
images/002968459.jpg,dolphin made from a banana
images/002689686.jpg,spray - painted it red to make it look more like an actual banana
images/003303898.jpg,found a double banana at work today
images/001081612.jpg,bananas in a female hand
images/002230123.jpg,wandering spiders in bananas was bad enough .
images/002876151.jpg,isolated banana on a white background .
images/002886372.jpg,"close - up of an orangutan eating a banana , looking at the camera , animal , isolated on white"
images/000519461.jpg,pineapple - banana - orange smoothie with a side of strawberries
images/000057988.jpg,a little toddler boy eating a healthy breakfast of banana and granola cereal
images/002920014.jpg,portrait of boy holding a banana
images/003072565.jpg,a lot of small bananas on the tree
images/001359003.jpg,an idyllic spot in the tropics allowed this banana tree to grow this beautiful bunch of bananas .
images/002571136.jpg,a woman inspects bananas at a fruit stand in an urban market
images/001895962.jpg,the ultimate guilt - free frozen ice cream made with ingredients - roasted bananas and coconut milk !
images/001472602.jpg,the cucumber is combined with a banana
images/002594530.jpg,image titled tv genre on a banana leaf step
images/000602402.jpg,bunch of bananas hanging from a banana tree
images/002515265.jpg,a young man is holding a bunch of bananas
images/002673058.jpg,we found the smallest banana in the world
images/001992693.jpg,little cute monkey eating a banana at sunset
images/001181126.jpg,"pink banana on a yellow background , 3d illustration"
images/001635808.jpg,what to do with bananas that are ripe
images/003117129.jpg,vector seamless pattern with hand drawn bananas on a white background .
images/001052432.jpg,"close up , environmental themed , dolly shot of a sprouting banana tree from what appears to be desolate , infertile ground"
images/002099401.jpg,close - up of a mid adult man carrying a bunch of bananas on his head
images/001898919.jpg,is that a banana in your pocket .
images/002949132.jpg,a bunch of bananas and market on palms background in fog
images/002450651.jpg,feed the elephant a banana as they visit zoo .
images/003168106.jpg,a large bunch of organic bananas on a banana tree in employer
images/003127931.jpg,a monkey eating a banana
images/001942690.jpg,"group of fruits like an apple , bananas , orange and pear with happy faces"
images/002524805.jpg,banana plantation in the province .
images/002709196.jpg,"still life with banana , purse and change from the series"
images/001108198.jpg,close - up view of a single fresh yellow organic ripe banana isolated on white background .
images/002789487.jpg,green and yellow bananas at wholesale market in the streets
images/000113457.jpg,bananas growing on a tree
images/003208632.jpg,bunch of bananas on a leaf
images/000977965.jpg,butch of small bananas in a hand
images/000912757.jpg,"a few yellow old bananas , on wooden background"
images/001376272.jpg,vector seamless pattern with hand drawn bananas on a white background .
images/002618528.jpg,pork steamed in a banana leaf
images/001461061.jpg,seamless vector pattern of yellow bananas on a pink background .
images/003303076.jpg,girl placing strawberries and bananas into a blender
images/000198617.jpg,food - this spectacular cake is made with layers or banana and pineapple cake and then topped off with cream cheese frosting
images/001916770.jpg,we had several people count how many bananas we ended up with .
images/002048337.jpg,bananas on a white background - seamless pattern .
images/001138573.jpg,cut a banana into several pieces .
images/000943513.jpg,banana bread crumb muffins l !
images/002062509.jpg,"a banana , strawberries and a handful of almonds , sunflower and pumpkin seeds"
images/000434531.jpg,that sounds bananas to me
images/000626202.jpg,"female fist wrapped in measuring tape , lie near the bananas"
images/003175269.jpg,cast bronze bananas with a realistic yet whimsical patina .
images/000383905.jpg,family was forced to flee home after finding a cluster of spiders in a bunch of bananas
images/000391931.jpg,seamless pattern of yellow bananas on a blue background .
images/000307350.jpg,"skin from banana in the female hand , isolated on white"
images/001030711.jpg,"measuring tape wrapped around a banana , isolated on a white background"
images/001321297.jpg,"red , yellow and green bananas hanging for sale at a market"
images/002809609.jpg,lentils in a wooden bowl on a banana leaf
images/001458022.jpg,type of dish with bananas : butter with a side of bread
images/001785118.jpg,aloe vera plants in pots with banana tree in the background
images/002874941.jpg,shoppers at the market can choose from many more varieties of banana
images/000883439.jpg,banana for sale in the fresh market
images/001393287.jpg,detail on a banana leaf with sun in background
images/002217331.jpg,monkey suited person in a tree eating a banana .
images/002374691.jpg,food served on a banana leaf .
images/000456173.jpg,a banana tree creates a towering centerpiece in the garden !
images/000130004.jpg,seamless vector pattern of banana and watermelon pieces on a black background .
images/001713056.jpg,iguanas in the sand eating a banana .
images/001418869.jpg,cute baby monkey with banana hanging on the vine isolated on a white background
images/001951854.jpg,leaf of a tropical tree of the banana isolated on a white background .
images/000558054.jpg,"but i only have this knitted outfit , will that do ? banana for scale ."
images/000212979.jpg,a hole peeled banana lying next to its peel
images/001053019.jpg,a man sells bananas in a small village ...
images/001678129.jpg,pattern of ripe bananas on a green background
images/002951750.jpg,person was very excited about the many new types of banana
images/001968575.jpg,colorful seamless pattern of bananas on a striped background in pop art style
images/002243920.jpg,"strawberries and bananas are the main ingredients in one of our most popular smoothies , cake ."
images/001143049.jpg,wandering spiders in bananas was bad enough .
images/002838091.jpg,rusty old wheelbarrow full of yellow bananas in the street
images/001514364.jpg,seamless vector pattern of yellow bananas on a green background .
images/000301317.jpg,a young man is taking a banana that has been lying on the kitchen counter and starts peeling it .
images/002177215.jpg,was amazed by this huge banana leaf
images/003251213.jpg,the plastic martial artist splits a banana with his bare hands
images/000705172.jpg,cute hanging monkey with banana .
images/002596178.jpg,person of old spotted bananas isolated over the white background
images/002448691.jpg,~ ~ recipe banana bread takes a tropical twist with crushed pineapple and coconut .
images/000066002.jpg,view of man moving hanging juicy bananas at the local market
images/002254661.jpg,"creative flat lay of a half peeled banana on a pink and white background , top view"
images/000013799.jpg,isolated banana on a white background
images/002113821.jpg,pattern with bananas on a light background .
images/000032465.jpg,a woman carries freshly harvested bananas
images/001036709.jpg,person stands amongst the remains of his banana plantation .
images/001696058.jpg,mini bananas in the courtyard of the village house
images/002764966.jpg,vector illustration with the image of environmentally friendly bananas .
images/001071513.jpg,eating banana is a natural cure to reduce the effects of stress and anxiety .
images/000447515.jpg,close up of bananas in a grocery store
images/002033061.jpg,pattern of ripe bananas on a white background
images/000663353.jpg,flower that looks like a banana
images/002930160.jpg,image titled tv genre on a banana leaf step
images/000561546.jpg,seamless vector pattern with yellow bananas on a blue background .
images/000581315.jpg,bunch of organic bananas isolated on a white studio background
images/003180105.jpg,"a plate of fresh whole and cut fruit including melons , bananas , blackberries and apples"
images/001863034.jpg,showing smiling women queueing for much awaited bananas .
images/002811722.jpg,lentils in a wooden bowl on a banana leaf
images/001028115.jpg,beautiful vector illustration with banana and milk splashes .
images/002902910.jpg,a bunch of ripening bananas
images/000035143.jpg,boy holding a large banana next to bowl of fruit
images/002768814.jpg,food and jelly had theirs ... but every once in a while it 's banana time !
images/000493990.jpg,portrait of boy holding a banana
images/002808219.jpg,"a crate of bananas , apples , pears and other fruit on a wooden background"
images/002509758.jpg,tourists wait to be served banana - flavoured treats .
images/001783615.jpg,a bunch of bananas on a white background #
images/000416798.jpg,person stands amongst the remains of his banana plantation .
images/002447090.jpg,ae - hem girls or boys banana print shirt - pink - i need this for holiday
images/000682033.jpg,bananas in a glass bowl are seen
images/001962746.jpg,huge banana besides a slightly smaller banana for scale
images/001609895.jpg,cast bronze bananas with a realistic yet whimsical patina .
images/002253388.jpg,"weird man eating a banana , isolated on white"
images/003316527.jpg,pink bananas in the garden
images/002438735.jpg,"a farm with banana , pineapple , and squash plants growing in a field"
images/000386723.jpg,person dressed as a banana trying to break a half - marathon world record
images/000020412.jpg,toddler girl on a bench holding a banana and making funny face .
images/001544535.jpg,nest of wasp is under the banana leaf .
images/000927811.jpg,bananas on the girl s legs .
images/001351805.jpg,girl placing strawberries and bananas into a blender
images/001616949.jpg,yellow ripe bananas on colored backgrounds with a long shadow .
images/000771842.jpg,bruised banana on a completely white background .
images/001455985.jpg,painting of a banana tree
images/002719265.jpg,bananas and other fruit for sale on a market stall
images/002956334.jpg,a peeled banana with other bananas in the background
images/002764414.jpg,image titled tv genre on a banana leaf step
images/002849381.jpg,a man carrying a basket of bananas on his head in the market
images/002194286.jpg,bananas on sale in a market
images/001293302.jpg,measuring ripe yellow bananas with a tailor 's tape measure .
images/003120929.jpg,bananas on an orange background .
images/002588234.jpg,girls with bananas on the kitchen have fun phone
images/002869727.jpg,bunch of bananas on a banana plantation
images/000872926.jpg,gluten - free pear & banana loaf a dash of compassion
images/001256462.jpg,banana plantation in a forested central valley
images/002085371.jpg,vector illustration of a smiling girl giving peeled banana to monkey
images/000043590.jpg,market fresh bananas hanging on an old blue wooden wall
images/001615242.jpg,eating bananas is a great way to promote healthy bones in both children and adults .
images/002854921.jpg,monkey suited person in a tree eating a banana .
images/003062561.jpg,buy a dozen bananas and get a spider for free !
images/002691930.jpg,bananas are isolated on a white background
images/000367804.jpg,biological species sitting on a banana leaf
images/002599881.jpg,a bunch of bananas on a white background #
images/001949706.jpg,bananas arrive to the wednesday market by boat
images/001377746.jpg,biological species sitting on a banana leaf
images/001499589.jpg,you 'll never feel guilty for trashing a browning banana again .
images/001593203.jpg,breakfast of banana bread and scrambled eggs on a white plate
images/000561706.jpg,three of ripe bananas isolated on a white background
images/001848682.jpg,a fish in a banana
images/001853375.jpg,banana leaf in the wind
images/000972904.jpg,feed the elephant a banana as they visit zoo .
images/000590777.jpg,fresh yellow bananas rotating on white surface in a seamless loop
images/001559180.jpg,local man wrapping boiled lobster in banana leaf on the beach
images/001143485.jpg,dish made of a banana leaf
images/003283230.jpg,hand drown vector pattern of yellow bananas on a colored background .
images/001838520.jpg,buy a dozen bananas and get a spider for free !
images/003234684.jpg,person had read research that showed that eating more calories and potassium - rich food like bananas resulted in more women having boys than girls
images/000360110.jpg,ants attack cicada shadow on banana leaf in the tropical sun
images/000108444.jpg,girl in gold dress holds in the rivers golden bananas
images/002443761.jpg,ants attack cicada shadow on banana leaf in the tropical sun
images/001305688.jpg,bananas and avocados on a fruit stand at a farmers market
images/003072764.jpg,bananas and measuring tape on a wooden table .
images/001130396.jpg,"film character made from strawberries , bananas , grapes , and mini marshmallows on a toothpick"
images/002181575.jpg,banana isolated on a white background
images/000103207.jpg,a banana on wood background
images/000555131.jpg,cute hanging monkey with banana .
images/003217890.jpg,bunch of ripe bananas on a tree in plantation .
images/002700863.jpg,"banana leaves on a white background , tropical palm leaves ."
images/002161064.jpg,vector illustration of the banana on white background
images/000224310.jpg,typical very sweet small bananas on the palm
images/003295453.jpg,"meal served in banana leaf on the occasion of festival , selective focus"
images/001164328.jpg,"porridge , oats , milk and banana on the table"
images/000201760.jpg,a ripe bunch of bananas is ready to be peeled and eaten
images/002732028.jpg,looks like this banana tree has more bananas on it then my last visit .
images/001145617.jpg,bananas on the grill with brand
images/000596124.jpg,chef has a recipe for a fabulous banana bread
images/002885168.jpg,"a banana has milligrams of potassium , which is beneficial for blood pressure"
images/001723362.jpg,"on weekdays , i usually have milk , cereal and banana with a mug of tea or coffee for my breakfast ."
images/001758870.jpg,close - up of spices on a banana leaf
images/002798825.jpg,freshly sliced bananas on a white background clipping path
images/001165371.jpg,biological species crawling on a banana leaf
images/001503995.jpg,fresh green bananas bunch in a market
images/001133485.jpg,a rotten banana on a white background .
images/002070470.jpg,ocean view and banana farm along the east coast
images/002334573.jpg,hand of bananas with half a dragon fruit and fruit juice
images/002578262.jpg,close - up of a banana leaf
images/002296100.jpg,over ripe banana cut out on a white background
images/003197904.jpg,baby elephant taking a banana from a man
images/002029708.jpg,mommy 's little monkey with a banana .
images/003217322.jpg,grilled pineapple and bananas with beverage !
images/000559521.jpg,banana bread fresh out of the oven
images/001627297.jpg,"first class meal on a-hr flight -- mini sandwich , banana and cocktail"
images/002766677.jpg,a family wades through flood waters on a boat made out of a banana tree
images/000191284.jpg,never make eye contact while she is eating a banana
images/001146490.jpg,close up of a backlit banana leaf
images/002833277.jpg,banana leaf in the wind
images/000243980.jpg,isolated pair of bananas on a white background
images/000365093.jpg,banana and fruit on display at a rural stall
images/001632742.jpg,"the ginger gives this sweet fruit salad of oranges , mango , and banana a needed kick ."
images/003310339.jpg,"a city : bananas , sold at the market"
images/002008422.jpg,type of dish with bananas : butter with a side of bread
images/001585974.jpg,price had a narrow escape from wandering spider from bananas
images/001846824.jpg,industry in a banana leaf
images/001084226.jpg,"a splash of juice in a glass surrounded by oranges , bananas , mango and apple"
images/001925668.jpg,a bearded monkey sitting high up on a branch in a forest eating a banana
images/000758370.jpg,hanging bananas for sale in the local market .
images/002734815.jpg,colorful seamless pattern of bananas on a striped background in pop art style
images/002004958.jpg,buy bananas in bulk dehydrate half with whatever flavors u want .
images/001235142.jpg,man walking past fresh bananas on sale
images/002892527.jpg,loose bananas in a pile and loosely arranged
images/003217399.jpg,meal on a banana leaf
images/001349400.jpg,"the bananas were put on the table , old wooden floors ."
images/001803740.jpg,stalk of bananas covered with raindrops on a banana tree
images/001416597.jpg,bunch of ripe bananas with real reflection on a black background isolated
images/001856994.jpg,"a good traveler 's breakfast with banana , potato , tomato and eggs in a basket ."
images/001047945.jpg,a trainer will feed a large elephant with bananas .
images/001956830.jpg,what to do with bananas that are brown
images/002459540.jpg,a woman looks up at the bananas growing in her tree
images/002331173.jpg,"heat from the sun at banana tree with daytime , 4k video"
images/000665046.jpg,colored bananas on a white background
images/002016326.jpg,my friend found an exceedingly straight banana .
images/001446191.jpg,bananas on the old truck in plantation .
images/000622871.jpg,a vector illustration of bunch of bananas
images/003142832.jpg,a woman wanted to see what will happen if she eats nothing but bananas .
images/003236067.jpg,have you heard of nice cream ? it 's essentially frozen and pureed bananas that taste just like ice cream .
images/001410956.jpg,eating bananas to reduce the effects of stress
images/001793686.jpg,different types of rice in wooden plates on the banana leaf prepared for cooking
images/001620463.jpg,the hand throws the skin off the banana .
images/001594875.jpg,illustration of a monkey with bananas on a white background
images/002856588.jpg,ripe yellow bananas in a brown weaved basket
images/002698517.jpg,banana leaf in the wind
images/001049731.jpg,bananas in an open air market
images/000099309.jpg,hand drawn oranges and bananas isolated on the white background .
images/001943222.jpg,woman with yellow bananas in the street market
images/001035675.jpg,mashed banana reduces the amount of added sugar required for these fibre - filled muffins
images/002531868.jpg,old truck in the banana plantation .
images/002720605.jpg,selling bananas and other fruits at the market
images/003220690.jpg,little monkey sitting on a banana
images/002517869.jpg,truck in the banana plantation
images/001302432.jpg,little girl eating a banana on the background of the christmas tree
images/001838590.jpg,cut out banana leaf is on a plate
images/003293603.jpg,# funny # smile on a banana .
images/003117481.jpg,bunch of bananas on the blackboard .
images/000879643.jpg,tourists feed elephants with bananas during a tour
images/001209242.jpg,illustration of a monkey holding bananas
images/002373442.jpg,a stack of healthy unripe fresh bananas for sale at a rural market
images/000458123.jpg,tourist attraction is seen beyond a banana plantation
images/003171648.jpg,a partially peeled banana in the shape of the letter n
images/000617992.jpg,grasshopper on green banana leaf in a nature with wind
images/002773581.jpg,"religious offerings of coconut , bananas and flowers for sale at the main entrance to person"
images/002847754.jpg,glass of milk and bananas on a wooden background .
images/000083937.jpg,reading bananas ? we caught up with this vendor who was reading about the latest religious news .
images/002660507.jpg,cute little girl in pajamas eating banana on the bed at the morning
images/002520723.jpg,selling bananas the goods are placed on a blanket on the ground
images/000146817.jpg,a banana is pointed like a gun with its end peeled back in a comedic fashion
images/000113519.jpg,cherries and chocolate come together in this rich and creamy smoothie that is naturally sweetened with ripe bananas .
images/001445982.jpg,macro closeup of bananas on a kitchen table by window showing detail and texture
images/001328838.jpg,cookies that taste like banana bread and are healthy enough for breakfast !
images/002571874.jpg,"red , yellow and green bananas hanging for sale at a market"
images/001407420.jpg,never make eye contact while eating a banana
images/002153688.jpg,are carrying a large bunch of bananas on her head
images/000984682.jpg,vector image of bananas on a transparent background .
images/000562564.jpg,small bananas at a fruit stand
images/001240819.jpg,this is no ordinary banana bread !
images/001569337.jpg,bunch fresh bananas baby on a white background
images/000745103.jpg,washing weighing and packing to get the bananas ready for shipping
images/000630533.jpg,some bananas bought from the market on the way to blogger
images/002760708.jpg,three - toed sloth hanging from a banana tree
images/002576025.jpg,a kitten dressed as a banana for scale
images/002021156.jpg,juvenile orangutan uses bananas as a stool
images/002014735.jpg,man riding a motorcycle laden with bananas
images/003214856.jpg,men are casing banana on a wooden floor .
images/003127416.jpg,a simple south side dish for lunch made with raw banana and coconut
images/000643901.jpg,"kiwi fruit , ripe banana , sour lemon , a bunch of grapes ."
images/002076127.jpg,girls with bananas on the kitchen have fun phone
images/001286660.jpg,a kitten dressed as a banana for scale
images/001344151.jpg,image titled tv genre on a banana leaf step
images/001738975.jpg,a man carrying a basket of bananas on his head in the market
images/002165612.jpg,"a simple twist on traditional banana bread , food is made without any butter or oil - low in fat , high in taste !"
images/001650443.jpg,monkey on the beach eating banana
images/000585124.jpg,slicing a fresh banana horizontally on a plastic cutting board ready for cooking
images/002098999.jpg,"kiwi fruit , ripe banana , sour lemon , a bunch of grapes ."
images/001376444.jpg,a bunch of bananas on a white background
images/001829323.jpg,bananas growing on a tree
images/002319996.jpg,a monkey eating a banana
images/001027040.jpg,huge banana besides a slightly smaller banana for scale
images/001636097.jpg,"sliced banana next to a bottle of fragrance , on a black background"
images/000442097.jpg,appropriate ? it has to be asked whether the dubious placement of the banana was a good look for this first birthday cake
images/000413835.jpg,go bananas at your baby shower in honor of the year of the monkey .
images/001031981.jpg,pink bananas in the garden
images/001961676.jpg,seamless pattern of hand - drawn bananas with a yellow background .
images/000581271.jpg,"is that a banana in your pocket , or are you just going to shoot me ?"
images/002139502.jpg,evening watering flower beds with a lone banana in a city park
images/000274691.jpg,bananas growing on a tree
images/002923689.jpg,watercolor seamless pattern with watermelons and bananas on a white background
images/002820244.jpg,bananas painting with watercolor then designed on a white background .
images/000714352.jpg,bananas on a banana tree
images/000260529.jpg,little monkey with a banana
images/000809043.jpg,bananas being removed from a boat
images/000862600.jpg,half of banana on the white background
images/002913002.jpg,"a splash of juice in a glass surrounded by oranges , bananas , mango and apple"
images/001848247.jpg,"a banana , an apple , strawberries , raspberries and blackberries on a white plate"
images/002770164.jpg,vector seamless pattern with hand drawn bananas on a blue background .
images/002690554.jpg,toddler is scared of a banana in a skin
images/001164363.jpg,a woman walks down a path carrying a large bunch of bananas on her head
images/001882394.jpg,here are some reasons why bananas are the best fruit at the grocery store .
images/000965568.jpg,little girl petting a dog and feed them with bananas .
images/001812573.jpg,monkeys eating bananas along the fence
images/003244605.jpg,close - up of a peeled banana
images/000294242.jpg,close - up view of a single fresh yellow organic ripe banana isolated on white background .
images/002535503.jpg,muffins on a plate with bananas
images/000821218.jpg,a silhouette of yellow bananas as an ornament framed into a circle
images/000981827.jpg,hand taking a banana from water in slow motion
images/002436590.jpg,women selling bananas in the market
images/000948120.jpg,a fan threw a banana at football player with the international forced to kick it off the pitch .
images/002859583.jpg,bananas in a bowl with an avocado to hasten the ripening process - domestic setting
images/000140477.jpg,extremely rare : this is a double banana which has turned up in a family 's weekly shop
images/000413981.jpg,bananas on sale in a market
images/000051175.jpg,vector seamless pattern with hand drawn bananas on a light green background .
images/001141420.jpg,bananas on a white background
images/002492787.jpg,the pattern of ripe yellow bananas and fresh
images/001601994.jpg,these blue bags are designed to protect fresh bananas from pests and adverse weather conditions
images/000750090.jpg,wide angle shot of the banana plantation
images/000439812.jpg,vector illustration with the image of environmentally friendly bananas .
images/002910600.jpg,big bunch of bananas on sale in the market
images/000978565.jpg,three - toed sloth hanging from a banana tree
images/001778675.jpg,"say goodbye to dry , hard to swallow chunks of banana bread ."
images/001222491.jpg,bananas on sale in a market
images/002141429.jpg,a spin on the classic - super moist banana bread studded with chocolate chips !
images/002021758.jpg,person dressed as a banana trying to break a half - marathon world record
images/002817330.jpg,the flower and stem of the banana tree
images/003121363.jpg,man with a bunch of bananas
images/001318851.jpg,bananas on an orange background .
images/001703473.jpg,painting of a banana tree
images/002383554.jpg,the hand throws the skin off the banana .
images/002440363.jpg,banana seamless pattern on the white background
images/000585873.jpg,stalk of bananas covered with raindrops on a banana tree
images/001827024.jpg,a vector illustration of bunch of bananas
images/003082955.jpg,gluten free vegan strawberry banana bread .
images/000423735.jpg,a large bunch of organic bananas on a banana tree in employer
images/000829622.jpg,industry in a banana leaf
images/000740601.jpg,banana plantation on the coast
images/001062909.jpg,man eating bananas on bicycle in the park
images/001195063.jpg,"a farm with banana , pineapple , and squash plants growing in a field"
images/000065679.jpg,a bunch of bananas on a white background
images/000914590.jpg,eating bananas is a great way to promote healthy bones in both children and adults .
images/001302589.jpg,monkey eating banana on the ground
images/001556438.jpg,three - toed sloth in a banana tree
images/000200099.jpg,grasshopper on green banana leaf in a nature with wind
images/002877382.jpg,learn the benefits of bananas to build muscle
images/003108969.jpg,"bananas - all of these are ripe , all were eaten by the next day"
images/002138295.jpg,scale the end of the banana so that it 's more a square than a rectangle .
images/003103793.jpg,close of boy eating a banana
images/000654900.jpg,transporting bananas to the market
images/000436589.jpg,woman cutting leaf from a banana tree
images/002960204.jpg,"cigarettes in a banana , smoker , bad teeth -- stock photo #"
images/002739138.jpg,a variety of bananas at a market
images/002121692.jpg,a delivery man carries a very large bunch of yellow bananas on his shoulder while unloading the produce from his
images/000584682.jpg,banana and cinnamon tea offers you a better sleep than sleeping pills
images/002727160.jpg,the player also had a banana thrown at him by a woman during a showdown in august last year
images/002232463.jpg,bunch of bananas in a banana plantation
images/001554126.jpg,every time i spell bananas i have to sing the song in my head .
images/002502749.jpg,bananas grow on a stalk as a trio of men prepare to harvest in the 1950s .
images/000390657.jpg,dolphin made from a banana
images/000889416.jpg,bunch of small green bananas and bungalow on the river
images/001070335.jpg,country consumes more bananas than any other fruit .
images/000555336.jpg,cluster of yellow bananas on a green background
images/000222562.jpg,this is bananas mug made
images/002879076.jpg,bananas hanging on a wall .
images/003042119.jpg,close - up of food with a bunch of organic bananas & organic braeburn apples
images/000846338.jpg,stack of unripe bananas on a market stall
images/002392932.jpg,bananas and slices isolated on a white background .
images/001641392.jpg,the hand throws the skin off the banana .
images/000659293.jpg,hand drown vector pattern of yellow bananas on a colored background .
images/000742181.jpg,oranges and bananas you eat both of them .
images/000578573.jpg,"banana leaves on a white background , tropical palm leaves ."
images/000175036.jpg,when the dog looks like your slice of banana .
images/003156597.jpg,handsome young man holding banana isolated on a white background
images/001762504.jpg,decorated the house with lots of bananas
images/002240729.jpg,"cigarettes in a banana , smoker , bad teeth -- stock photo #"
images/002532917.jpg,mashed banana reduces the amount of added sugar required for these fibre - filled muffins
images/000140201.jpg,banana tree with fruit in a greenhouse
images/000400634.jpg,a young man is hiding his face behind a bunch of bananas
images/001195642.jpg,beautiful vector illustration with banana and milk splashes .
images/002675308.jpg,a ripe bunch of bananas is ready to be peeled and eaten
images/000041341.jpg,a banana isolated on white .
images/000349349.jpg,bananas on the girl s legs .
images/001772365.jpg,overhead view of overripe peeled banana together with a small bunch of ripe bananas on a polka dot background
images/001505025.jpg,type of dish with bananas : butter with a side of bread
images/002010195.jpg,vector seamless pattern with hand drawn bananas on a pink background .
images/001468813.jpg,vector illustration of a banana in hand drawn graphics .
images/002327349.jpg,cartoon man slips on a banana
images/002178519.jpg,"the team consumed pounds of pizza , gallons of soda and more than a half ton of bananas ."
images/002025782.jpg,cute little girl in pajamas eating banana on the bed at the morning
images/002278114.jpg,fruit with bananas in a wooden crate
images/002138251.jpg,why did the banana go to the hospital
images/001312372.jpg,"orange juice pouring in to a glass with apples , oranges and a banana"
images/002943764.jpg,"fruit basket with a pineapple , apples , bananas and strawberries on a wooden table"
images/000268857.jpg,women selling bananas at the market
images/000483610.jpg,three - toed sloth hanging from a banana tree
images/000744973.jpg,bananas isolated on white background .
images/000346011.jpg,vector seamless pattern with hand drawn bananas on a white background .
images/000730183.jpg,local bananas and papaya fruits on a market stall
images/002025060.jpg,seamless vector pattern of yellow bananas on a light gray background .
images/002232428.jpg,a stall selling red & green bananas alongside art work at the roadside near town .
images/000016767.jpg,banana for sale in the fresh market
images/002941281.jpg,low polygon style illustration of a gold yellow banana abstract geometric background
images/001186062.jpg,three of ripe bananas isolated on a white background
images/002981073.jpg,drawing a banana with color background .
images/001768137.jpg,bananas growing by the side of the road
images/003229430.jpg,women selling bananas in the market
images/002673911.jpg,you will want to steal this apple - peach - banana baby food after you make it for your little one !
images/002681767.jpg,a lifestyle portrait of a little girl eating a banana during a fall mini session
images/000669586.jpg,a toddler eating a healthy breakfast of banana and granola cereal at the kitchen table in the home
images/000892294.jpg,series of painted purple bananas on a yellow background
images/000485265.jpg,a total of bunch of bananas decorative plastic artificial fruit free shipping
images/002742165.jpg,this little guy scored a lot of bananas
images/002993504.jpg,polynesian traditional meal served on a banana leaf
images/002405232.jpg,very high quality original trendy vector seamless pattern with a banana and apple
images/000740272.jpg,spinach wrapped in a banana leaf
images/003200643.jpg,rusty old wheelbarrow full of yellow bananas in the street
images/001969652.jpg,tourists walking through a banana plantation
images/000206778.jpg,monkey suited person in a tree eating a banana .
images/000856954.jpg,small bananas at a fruit stand
images/002134661.jpg,a lifestyle portrait of a little girl eating a banana during a fall mini session
images/000893536.jpg,cute and funky bananas seamless pattern on the white background .
images/000307880.jpg,coffee + homemade banana bread at this rustic cafe .
images/00013016.jpg,banana and apple cartoons dancing as a couple .
images/000770451.jpg,"close up of a black plate with slices of kiwi , banana and strawberry isolated on white ."
images/001705658.jpg,a villager holds a bunch of freshly harvested bananas
images/002349593.jpg,shoppers at the market can choose from many more varieties of banana
images/001975852.jpg,"teams , and the inflatable banana , which got a penalty at some point ."
images/000153018.jpg,hand of a man with a banana
images/001144056.jpg,"pancakes with banana and honey on a white background , top view"
images/000563223.jpg,meal on a banana leaf
images/000928426.jpg,bananas in a crate on rustic wood table
images/002563435.jpg,fruit with bananas in a wooden crate
images/000764519.jpg,"a city : bananas , sold at the market"
images/002787525.jpg,a bunch of bananas on the tree .
images/002097129.jpg,every time i spell bananas i have to sing the song in my head .
images/000857959.jpg,a bunch of bananas on white background
images/000973575.jpg,bunch of bananas hanging from a banana tree
images/002873083.jpg,a snowman with a banana for a mouth in the garden after the first snowfall
images/002927314.jpg,truck in the banana plantation
images/002225049.jpg,bananas are one of the most popular fruits in the world .
images/002152072.jpg,bananas in a glass bowl are seen
images/002293143.jpg,a banana unlike any other .
images/001962612.jpg,celebrity eats a banana during the third round
images/003031476.jpg,biological species sitting on a banana leaf
images/003148018.jpg,a bright blue house under a banana tree
images/002228667.jpg,a man carries a bunch of bananas to market on his shoulder
images/002847681.jpg,"skin from banana in the female hand , isolated on white"
images/002369673.jpg,seamless vector pattern of yellow bananas on a blue background .
images/000698233.jpg,a basket full of bananas at a market .
images/001441480.jpg,this banana looks exactly like my mom 's dog
images/002341091.jpg,illustration of the floating bananas
images/002627875.jpg,the bunch of short size banana with white background
images/000662980.jpg,plate it on a banana leaf garnished with prawns and mint leaves
images/000180013.jpg,"measuring tape wrapped around a banana , isolated on a white background"
images/001648187.jpg,"banana tree with green bananas fruits and the heart , growing banana ."
images/003151919.jpg,iguanas in the sand eating a banana .
images/002848096.jpg,pattern of bananas and green leaves on a pink .
images/001563919.jpg,close - up of spices on a banana leaf
images/000043493.jpg,"this combination may sound a little strange , but i have always put banana in my carrot cake to give a moist sponge"
images/000510748.jpg,close - up of spices on a banana leaf
images/000704835.jpg,how to quickly ripen bananas in the microwave
images/002973388.jpg,the child eats banana on a picnic on the green lawn
images/002924551.jpg,a spin on the classic - super moist banana bread studded with chocolate chips !
images/000659049.jpg,bananas in a crate on rustic wood table
images/002831451.jpg,"red , yellow and green bananas hanging for sale at a market"
images/000918709.jpg,person was impressed with this banana tree along the way .
images/002516180.jpg,ripe bananas on a large wooden background
images/002350428.jpg,close up of fresh bananas on a white background
images/002540244.jpg,a peeled banana with other bananas in the background
images/000978164.jpg,bunch of bananas hanging from a banana tree
images/002716585.jpg,"if you love banana bread and peanut butter cookies , these treats have your number ."
images/000808046.jpg,wide angle shot of the banana plantation
images/000682044.jpg,cute baby monkey with banana isolated on a white background
images/000050169.jpg,"bananas , oranges and cauliflower for sale at a market"
images/002841259.jpg,pork steamed in a banana leaf
images/001655576.jpg,bunch of bananas in the exhibition of agricultural farmers annual
images/00000884.jpg,portrait of boy holding a banana
images/003068137.jpg,# funny # smile on a banana .
images/001251465.jpg,a flower of banana tree
images/000588060.jpg,isolated pair of bananas on a white background
images/000180663.jpg,bananas in super slow motion receiving raindrops against a black background
images/000086426.jpg,"bananas , as offering in a temple"
images/002938699.jpg,bananas on a banana tree
images/002566540.jpg,bananas are large and extremely sugary .
images/002384771.jpg,bananas of all shapes and sizes are sold in the market
images/002071536.jpg,butch of small bananas in a hand
images/001556111.jpg,"an elderly woman buying bananas in a supermarket , business"
images/002384888.jpg,many different kinds of bananas i wish i could visit a fruit market someday .
images/000553496.jpg,little monkey holding a banana isolated on white
images/000679454.jpg,bunch of bananas in the exhibition of agricultural farmers annual
images/000093933.jpg,hand drown vector of yellow bananas on a colored background .
images/001903374.jpg,if you have a couple of overripe bananas then whip these muffins up for breakfast .
images/002594410.jpg,funky monkeys are going bananas all over the cake !
images/000912945.jpg,close - up of spices on a banana leaf
images/003219061.jpg,the chimpanzees of use sticks to fish for bananas on a clothesline and apples in the water
images/001931880.jpg,"banana leaves silhouette next on a sunny day , green hill"
images/000814049.jpg,have you ever found yourself stuck with extra bananas ? the first recipe that usually comes to mind is banana bread .
images/002897833.jpg,bananas and grapefruit on display in a market
images/001014996.jpg,"strawberries and bananas are the main ingredients in one of our most popular smoothies , cake ."
images/000613796.jpg,cutting the trunk of the banana tree
images/000021393.jpg,i see your spider in the grapes and raise you ... bananas
images/000441711.jpg,feed the elephant a banana as they visit zoo .
images/000137035.jpg,fresh bananas at a market
images/000325866.jpg,a black and white silhouette of a banana
images/001098459.jpg,"a glass and a bottle of milk , apple , bananas and yellow towel"
images/001521228.jpg,a woman wanted to see what will happen if she eats nothing but bananas .
images/001764909.jpg,a worker in a banana plantation
images/000510968.jpg,labourers packing fresh bananas into wooden boxes for delivery to markets at the fruit market .
images/002253435.jpg,seamless pattern with bananas on a striped background .
images/003249326.jpg,icon of a banana on a white background
images/002161102.jpg,industry in a banana leaf
images/001867932.jpg,vector illustration of the banana on white background
images/003226656.jpg,"stock image of yellow bananas on a white background , isolated ."
images/000017725.jpg,"religious offerings of coconut , bananas and flowers for sale at the main entrance to person"
images/001250620.jpg,ripe bananas at the street market
images/002654202.jpg,pattern of bananas and green leaves on a pink .
images/001097842.jpg,bananas washed in a large water tank during harvest and packing
images/001045139.jpg,roof terrace in the afternoon sun overlooking banana plantation
images/002349743.jpg,farm workers loading bananas at a collective farm
images/002587340.jpg,monkey eating banana on the ground
images/000163417.jpg,body is the length of a banana .
images/001185000.jpg,banana in hand like a gun on white background
images/001113389.jpg,bananas on sale at a street market
images/002297386.jpg,my friend made a clay sans figurine and tied it to a banana .
images/000231883.jpg,a spin on the classic - super moist banana bread studded with chocolate chips !
images/000481501.jpg,bananas are some of favorites .
images/000183275.jpg,banana tree with fruit in a greenhouse
images/002312265.jpg,vector illustration of a banana in hand drawn graphics .
images/002440887.jpg,"i 've got a lovely bunch of coconuts , and a really big banana ."
images/002606774.jpg,"our triple decker paisley shaped cake in chocolate , banana , and peanut butter !"
images/003060215.jpg,men loading a truck at a banana plantation
images/002129079.jpg,the banana with a flower .
images/001205903.jpg,"a bowl of fruit in a house , with oranges , pears , apples , bananas adn old black banana"
images/001696414.jpg,bananas on sale in a market
images/000046218.jpg,painting of a banana tree
images/001999162.jpg,view of man preparing bananas for the sale at the local market
images/001395231.jpg,an elderly gardener in a clients garden tending bananas .
images/000950609.jpg,the banana tree at our backyard also ripen .
images/000480539.jpg,you 'll never feel guilty for trashing a browning banana again .
images/003073276.jpg,the pattern of ripe yellow bananas and fresh
images/001040123.jpg,isolated geometric banana on a white background
images/003250455.jpg,a front view of small mini bananas .
images/000085022.jpg,yellow ripe bananas on colored backgrounds with a long shadow .
images/002684116.jpg,bunch of bananas in the exhibition of agricultural farmers annual
images/002757800.jpg,heavy rain falling on a banana tree
images/002856608.jpg,apples and bananas in a glass bowl
images/000762568.jpg,banana turning on itself on a white background
images/000015446.jpg,portrait of a tortoise eating a banana
images/003225333.jpg,bunch of bananas on a banana plantation
images/002700671.jpg,true or false ? filming location is the world 's largest producer of bananas ?
images/001011200.jpg,cultivated banana on the tree .
images/002661483.jpg,"fruit , pineapple , bananas , orange juice , and a tiny taste of coconut !"
images/001104492.jpg,frozen bananas into the food processor
images/001496606.jpg,several stalks of bananas and a half - peeled banana
images/000790561.jpg,washing weighing and packing to get the bananas ready for shipping
images/002454923.jpg,grasshopper on green banana leaf in a nature with wind
images/002539852.jpg,"i have a cursed image of my own , here 's a banana to scale ."
images/002245008.jpg,"hard rain falling on the banana tree outside the house , resolution"
images/000453395.jpg,bananas hanging for sale at the supermarket
images/000688464.jpg,cartoon illustration of a banana -- stock vector #
images/002429825.jpg,yellow banana on a pink background .
images/000325529.jpg,vector illustration of a smiling girl giving peeled banana to monkey
images/001555802.jpg,seamless pattern with image of a banana leaves .
images/001827321.jpg,food served in a banana leaf
images/002076877.jpg,a bunch of bananas on display at a market stall
images/003262602.jpg,twin banana isolated on the white background
images/000008891.jpg,a man sells bananas in a small village
images/001763421.jpg,what to do with bananas that are green
images/003290595.jpg,hand of bananas with a juice
images/000669779.jpg,food served on a banana leaf
images/001272628.jpg,seamless vector pattern of yellow bananas on a green background .
images/001585163.jpg,chopped banana on a cutting board
images/000667427.jpg,bananas are large and extremely sugary .
images/003257831.jpg,the big spider with long legs on banana leaf .
images/002958303.jpg,seamless pattern of bananas border on a white background
images/002970480.jpg,feed the elephant a banana as they visit zoo .
images/002758412.jpg,the child eats banana on a picnic on the green lawn
images/000894587.jpg,"measuring tape wrapped around a banana , isolated on a white background"
images/000151483.jpg,the big spider with long legs on banana leaf .
images/000284535.jpg,people selling bananas in a market .
images/002236456.jpg,banana for sale in the fresh market
images/001817537.jpg,showing this to my mom next time she makes fun of mydead bananas - they 're better with brown spots !
images/000118503.jpg,many different kinds of bananas i wish i could visit a fruit market someday .
images/001876221.jpg,"and of course , the obligatory banana for scale ."
images/002381711.jpg,banana plantation in a forested central valley
images/000593230.jpg,woman feeding the driver with a banana while driving a convertible car on country road
images/000722478.jpg,a hand of bananas hanging on a metal banana tree viewed from above
images/000050408.jpg,banana tree and fruits at the forest
images/003225202.jpg,the pattern of ripe yellow bananas and fresh
images/003000741.jpg,"red , yellow and green bananas hanging for sale at a market"
images/001422861.jpg,juices of orange and banana .
images/001575285.jpg,man eating a banana while driving a convertible car on country road
images/001809940.jpg,banana plantation this forest like plantation of densely planted bananas is
images/001382785.jpg,german dish is a tasty cake that 's a little bit banana bread and a little bit coffee cake .
images/002570160.jpg,ripe bananas on a wooden table isolated green background
images/000897829.jpg,a bunch of bananas on the tree .
images/002911565.jpg,entrance gate to the banana plantation
images/001205584.jpg,a woman and young child selling bananas
images/002275553.jpg,the pattern of ripe yellow bananas and fresh
images/002966015.jpg,women selling bananas in the market
images/000163600.jpg,"a simple twist on traditional banana bread , food is made without any butter or oil - low in fat , high in taste !"
images/001012055.jpg,seamless vector pattern of yellow bananas on a blue background .
images/002753896.jpg,banana for sale in the fresh market
images/002332724.jpg,a young woman in sneakers is looking for a banana in a fruit basket
images/000352699.jpg,cast bronze bananas with a realistic yet whimsical patina .
images/000888315.jpg,"bananas are loaded , boats on the river"
images/002862813.jpg,a man carries a bunch of bananas to market on his shoulder
images/002027250.jpg,type of dish with bananas : butter with a side of bread
images/002634223.jpg,cutting the trunk of the banana tree
images/002308012.jpg,several stalks of bananas and a half - peeled banana
images/003254069.jpg,banana plantation near the ocean aerial view
images/001088308.jpg,"passion fruit lifts the sweet combination of banana , meringue and caramel in this crowd - pleasing dessert recipe ."
images/001704482.jpg,gluten - free pear & banana loaf a dash of compassion
images/000047649.jpg,vector seamless pattern with hand drawn bananas on a blue background .
images/001589785.jpg,"far from home : person poses above with a banana tree , which grows huge leaves every year , and sometimes even fruit - though it can not grow to ripeness in the climate"
images/003272394.jpg,yellow banana on a pink background .
images/003200714.jpg,girl selling bananas to passengers on a bus
images/001012915.jpg,man holding a banana in front of his mouth
images/000977913.jpg,biological species on a banana leaf
images/003129975.jpg,"tomatoes , mushroom and banana arranged in a happy face on a plate"
images/002620547.jpg,seamless texture of the outlines of bananas
images/002123312.jpg,banana plantation on the island
images/000521929.jpg,muffins on a plate with bananas
images/002273233.jpg,there are a lot of bananas on this sidewalk .
images/000633319.jpg,looks like this banana tree has more bananas on it then my last visit .
images/000419702.jpg,a banana on wood background
images/001078639.jpg,a pastor on a banana !
images/000616287.jpg,"i have a cursed image of my own , here 's a banana to scale ."
images/001684587.jpg,"this guy needs a scale for bananas , the car is overloaded !"
images/000458669.jpg,a woman eats a healthy breakfast of banana and granola
images/001674998.jpg,no bananas in the sky
images/001576071.jpg,a truck full of bananas
images/002984600.jpg,person was very excited about the many new types of banana
images/001385024.jpg,"green bananas , sliced lemon and apple falling into the water on the black background ."
images/001426305.jpg,ripe bananas painted in the form of a heart on a white background
images/002282582.jpg,guests dressed as bananas form a bunch
images/001499093.jpg,vector pattern of yellow bananas on a blue background .
images/003150671.jpg,half eaten banana against a white background
images/000170924.jpg,mini bananas in the courtyard of the village house
images/001146651.jpg,"say goodbye to dry , hard to swallow chunks of banana bread ."
images/000953979.jpg,seamless tropical pattern with image of a banana leaves .
images/001784458.jpg,new versus old : facing bananas
images/002853189.jpg,little cute monkey eating a banana at sunset
images/002263233.jpg,close up of a bright green banana leaf
images/001660319.jpg,angry banana taking peel of .
images/000003984.jpg,a hand of bananas hanging on a metal banana tree viewed from above
images/002851474.jpg,a rice paddy bordered by banana and papaya trees in the central region
images/000488376.jpg,scale the end of the banana so that it 's more a square than a rectangle .
images/001306670.jpg,"portrait of a cute baby eating a banana , on a blue studio background"
images/001228896.jpg,going bananas over this cute bathroom .
images/000212205.jpg,"pancakes with banana and honey on a white background , top view"
images/000350278.jpg,tv genre for a healthy pregnancy : bananas
images/000239512.jpg,creative concept : white banana getting caught on the hook on yellow pastel background .
images/002518331.jpg,bunch of bananas hanging from a banana tree
images/002057314.jpg,eating bananas is a natural cure to reduce the effects of stress and anxiety .
images/003132808.jpg,bananas in nature with water in the background .
images/002032327.jpg,the big spider with long legs on banana leaf .
images/003182802.jpg,eating bananas is a great way to promote healthy bones in both children and adults .
images/000552580.jpg,animal climbs to a banana
images/000414386.jpg,vector seamless pattern with hand drawn bananas on a blue background .
images/000309226.jpg,german dish is a tasty cake that 's a little bit banana bread and a little bit coffee cake .
images/002543740.jpg,bananas growing in the wild
images/000199277.jpg,"a pile of old bananas , isolated on white background"
images/001380639.jpg,looks like this banana tree has more bananas on it then my last visit .
images/001896445.jpg,eating bananas is a natural cure to reduce the effects of stress and anxiety .
images/001387472.jpg,christmas tree made made from bananas .
images/002244179.jpg,overripe bananas with large brown spots on a white background
images/001564584.jpg,vector seamless pattern with hand drawn bananas on a light green background .
images/002757272.jpg,seamless tropical pattern with image of a banana leaves .
images/002030248.jpg,the big spider with long legs on banana leaf .
images/003240205.jpg,when the dog looks like your slice of banana .
images/002052763.jpg,"powerpoint template displaying open lunch box with food in it , and a banana and drink beside it"
images/002511237.jpg,fried bananas and other side dishes from the restaurant
images/000235443.jpg,the ripe bananas with pieces
images/000252811.jpg,chocolate covered peanut butter on a banana .
images/001503831.jpg,bananas foster shots taste just like the dessert in a glass !
images/001303110.jpg,raw banana rotating on the white table with white seamless background
images/003072026.jpg,a bunch of bananas hangs from a tree .
images/002745743.jpg,female hand pours a smoothie of banana and spinach
images/000544845.jpg,market fresh bananas hanging on an old blue wooden wall
images/001106411.jpg,roasted bananas - healthy and easy vegan dessert without any added sugar .
images/001837526.jpg,it is no secret that bananas are healthy .
images/003253221.jpg,roasted bananas - healthy and easy vegan dessert without any added sugar .
images/000696324.jpg,a bowl of sliced banana .
images/000063197.jpg,bananas on a banana tree
images/002768770.jpg,note to self : buy bananas like a week beforehand
images/000233445.jpg,huge banana besides a slightly smaller banana for scale
images/002292671.jpg,drawing a banana with color background .
images/003130296.jpg,young girl eating a ripe banana on white background
images/003130639.jpg,two single and bunches of fresh banana with leaf .
images/002346629.jpg,a snowman with a banana for a mouth in the garden after the first snowfall
images/003119284.jpg,"red , yellow and green bananas hanging for sale at a market"
images/000997809.jpg,half peeled banana isolated over white background with some shadow
images/003047505.jpg,close up of a banana leaf
images/001039330.jpg,recipe - fluffy yet moist thanks to mashed banana mixed into the batter .
images/001589354.jpg,a fish in a banana
images/002533869.jpg,type of dish with bananas : butter with a side of bread
images/002430100.jpg,"bananas by person , fashion illustration for newspaper"
images/001383559.jpg,yellow bananas ripe isolated on a white background
images/001891271.jpg,a banana tree seen from below .
images/000335299.jpg,girl placing strawberries and bananas into a blender
images/002655244.jpg,a vendor displays bananas at his stall .
images/001882640.jpg,"a bowl of fruit in a house , with oranges , pears , apples , bananas adn old black banana"
images/000226267.jpg,fresh bananas at a market
images/000776166.jpg,"powerpoint template displaying open lunch box with food in it , and a banana and drink beside it"
images/000268196.jpg,biological species crawling on a banana leaf
images/001493137.jpg,because there 's a first time for everything -- including pairing chia seeds with bourbon - soaked bananas .
images/002193736.jpg,banana and blueberries reunite in this creamy drink !
images/000651541.jpg,serving of milk has as much potassium as a small banana !
images/003089147.jpg,banana tree with a bunch of bananas
images/003187932.jpg,portrait of a cute young boy and girl with same clothes sitting on a park and eating banana
images/002912005.jpg,hand drown vector pattern of yellow bananas on a colored background .
images/000887811.jpg,"religious offerings of coconut , bananas and flowers for sale at the main entrance to person"
images/002337302.jpg,a cute monkey swinging from vines with a banana in his hand
images/003255468.jpg,vector hand - drawn banana on a white background .
images/000312229.jpg,it 's the giant bloom on a banana tree .
images/002596199.jpg,man working in a banana plantation
images/002190805.jpg,a spin on the classic - super moist banana bread studded with chocolate chips !
images/003124801.jpg,tropical parrots eating banana at a zoo .
images/003249565.jpg,bananas off a banana tree
images/000773063.jpg,"bananas - all of these are ripe , all were eaten by the next day"
images/002439625.jpg,bunch of bananas on a banana plantation
images/002496081.jpg,banana chilling on the beach
images/002319928.jpg,portrait of a cute little baby eating banana and sitting in a shopping cart while her mother is taking out products from the cart and putting them on conveyor belt at the supermarket
images/002710256.jpg,a man buying bananas in a supermarket
images/002727363.jpg,the first harvest of bananas .
images/003236988.jpg,a large bunch of organic bananas on a banana tree in employer
images/000314503.jpg,"if you love banana bread and peanut butter cookies , these treats have your number ."
images/002841153.jpg,butch of small bananas in a hand
images/001853433.jpg,what are the side effects of bananas
images/000675311.jpg,bunch fresh bananas baby on a white background
images/000184100.jpg,a young boy packs bananas into newspaper
images/000419809.jpg,a bunch of ripe yellow bananas on white background
images/000424288.jpg,monkey eating banana on the ground
images/001457079.jpg,a toddler eating a healthy breakfast of banana and granola cereal at the kitchen table in the home
images/001969675.jpg,style grill in banana leaf at the market
images/000798627.jpg,mom a toddler girl choosing bananas in supermarket
images/001172605.jpg,selling bananas the goods are placed on a blanket on the ground
images/002200875.jpg,a single ripe banana on a white background
images/001591419.jpg,monkey eating banana on the ground
images/001621267.jpg,a man rides a bicycle past a truck carrying a load of bananas
images/001247226.jpg,"red , yellow and green bananas hanging for sale at a market"
images/003226077.jpg,cut a banana into several pieces .
images/000654536.jpg,made from bananas - the perfect way to get your sweet fix when trying to watch your diet !
images/002073092.jpg,"orange juice pouring in to a glass with apples , oranges and a banana"
images/002885789.jpg,"monkey is sitting and peeling a banana , prepare for eating"
images/001303923.jpg,bunch of bananas isolated on a white background
images/003017687.jpg,girl in glasses tries to speak by means of a banana instead of phone
images/003076299.jpg,banana for scale on a banana
images/000415600.jpg,changed the appearance of a banana
images/001482547.jpg,make a bunch of fake bananas and slightly stale bread .
images/000677782.jpg,a bright blue house under a banana tree
images/000506691.jpg,"red , yellow and green bananas hanging for sale at a market"
images/002707622.jpg,"watercolor seamless pattern with apples , oranges and a banana ."
images/000874594.jpg,cream cheese stuffed banana carrot cake is a showstopper !
images/001005035.jpg,"layers using banana , kale , blueberry , strawberry and a few other treats ."
images/002723810.jpg,old truck in the banana plantation .
images/002695217.jpg,tourists wait to be served banana - flavoured treats .
images/002889808.jpg,banana and orange with a syringe stuck concept of transgenic foods
images/002075789.jpg,colorful seamless pattern of bananas on a striped background in pop art style
images/001570399.jpg,"ripe yellow banana drops into the water , slow motion shooting"
images/002362864.jpg,the spoiled banana on a white background
images/000578896.jpg,tv genre for a healthy pregnancy : bananas
images/000668404.jpg,portrait of a monkey eating a banana
images/001840124.jpg,dolphin made from a banana
images/000025742.jpg,female hand puts on a condom onto a banana .
images/001440326.jpg,banana isolated on the white background
images/001690648.jpg,seamless pattern with image of a banana leaves .
images/000987156.jpg,"cartoon illustration showing a bunch of bananas , including a happy one"
images/002071979.jpg,sliced banana on a chopping board .
images/002060899.jpg,what to do with bananas that are brown
images/001916825.jpg,"banana frosty smoothie or milkshake , tilted right , with straw in a plastic cup ."
images/002302015.jpg,vector seamless pattern with hand drawn bananas on a white background .
images/000359497.jpg,why do bananas ripen other fruit in the fruit bowl ?
images/00003855.jpg,icon of a banana on a white background
images/001927720.jpg,strawberries and bananas on waffles
images/001986073.jpg,a bunch of ripe yellow bananas on a white backlit background
images/000962192.jpg,ripe juicy fresh tropical yellow bananas on a background of palm leaf
images/001624814.jpg,bunch of bananas hanging from a banana tree
images/000585978.jpg,yellow bananas on an orange background seamless pattern .
images/000451454.jpg,toddler girl on a bench holding a banana and making funny face .
images/001121755.jpg,"fans , with their trademark inflatable bananas , on the terraces during a match"
images/002764306.jpg,a variety of bananas at a market
images/002631063.jpg,strawberries and bananas on waffles
images/000002590.jpg,"red , yellow and green bananas hanging for sale at a market"
images/001866295.jpg,cute and funky bananas seamless pattern on the dark background .
images/002811186.jpg,"woman peels banana , housewife is cooking fruit salad , healthy food for kids at home , fruits and vegetables in the kitchen"
images/000405944.jpg,bananas on sale in a market
images/002902259.jpg,food served on a banana leaf
images/003235295.jpg,a bowl of sliced banana .
images/002784401.jpg,breakfast of scrambled eggs with slices of banana bread on a white plate
images/001053487.jpg,bananas arranged on a wooden table
images/001447438.jpg,cheesecake stuffed banana bread ... it 's a classic treat turned on it 's head .
images/000752026.jpg,spinach wrapped in a banana leaf
images/001338808.jpg,yellow bananas in a wooden box .
images/003167397.jpg,a woman inspects bananas at a fruit stand in an urban market
images/002124603.jpg,small bananas at a fruit stand
images/000610564.jpg,my so - calledbanana pancakes at breakfast
images/000462029.jpg,small bananas at a fruit stand
images/001472537.jpg,half peeled banana isolated on a white background
images/000671131.jpg,a family wades through flood waters on a boat made out of a banana tree
images/001827089.jpg,eat on a banana leaf for a host of health benefits
images/001790037.jpg,little monkey sitting on a banana
images/000013450.jpg,bananas for sale on a stall
images/000017799.jpg,"powerpoint template displaying open lunch box with food in it , and a banana and drink beside it"
images/003148303.jpg,bananas disappear on a table in a kitchen
images/000792548.jpg,an overripe banana on a wooden table
images/002542220.jpg,tourists walking through a banana plantation
images/002550092.jpg,they 'll go bananas for this one
images/000837310.jpg,a bunch of tasty bananas on a black background with a place for an inscription
images/002496614.jpg,"green bananas , sliced lemon and apple falling into the water on the black background ."
images/002729290.jpg,every time i spell bananas i have to sing the song in my head .
images/000546553.jpg,illustration of a banana on white background in low poly style
images/001171972.jpg,person uses the banana as her canvas for her project .
images/002640132.jpg,illustration of a monkey holding bananas
images/000498242.jpg,a fan threw a banana at football player with the international forced to kick it off the pitch .
images/002208631.jpg,"conceptual composition , male hand holding a banana as gun , symbolically representing a caution about healthy diet"
images/002915179.jpg,young man eating a banana in dark studio .
images/003043351.jpg,"a caucasian adult woman in her thirties , eating a banana while waking up in her apartment"
images/002575142.jpg,close up of bunches of bananas at different stages of ripening on a wooden surface
images/001276584.jpg,recycle overripe bananas by hanging them up in the garden .
images/000480301.jpg,a bunch of bananas on the tree .
images/000232054.jpg,banana isolated on the white background .
images/002747272.jpg,small bananas at a fruit stand
images/001064232.jpg,banana - split pancakes - this whole stack for calories !
images/003208309.jpg,people weighing bananas one after another .
images/002760706.jpg,banana in hand like a gun on white background
images/001520513.jpg,illustration of the floating bananas
images/002934807.jpg,the bunch of short size banana with white background
images/001653997.jpg,traditional south meal on a banana leaf .
images/003067691.jpg,men are casing banana on a wooden floor .
images/000848882.jpg,a single banana against a white background
images/001689732.jpg,"boy being healthy by eating fruit , including an apple and a banana ."
images/000575794.jpg,red - eyed tree frog hanging out of a fresh banana leaf
images/002297336.jpg,cute little girl in pajamas eating banana on the bed at the morning
images/001279282.jpg,banana covered in chocolate on a grey wooden table
images/002862948.jpg,a monkey eating a banana sitting on the ruins
images/001567995.jpg,vector illustration with the image of environmentally friendly bananas .
images/003314099.jpg,these blue bags are designed to protect fresh bananas from pests and adverse weather conditions
images/002074159.jpg,wrap the top of your bananas with plastic wrap and they 'll last longer .
images/001509159.jpg,raw banana rotating on the white table with white seamless background
images/000247000.jpg,a bunch of yellow bananas .
images/000533508.jpg,iguanas in the sand eating a banana .
images/001083262.jpg,workers processing bananas at a banana plantation
images/002278776.jpg,chocolate chip cookies that taste like banana bread - plus they 're made with coconut oil !
images/001024136.jpg,my friend found an exceedingly straight banana .
images/003009392.jpg,bunch of bananas isolated on white background .
images/000665073.jpg,going bananas over this cute bathroom .
images/000122056.jpg,yellow banana in front of a white studio background
images/003019358.jpg,a pastor on a banana !
images/002817625.jpg,boy selling bananas in a street .
images/002512182.jpg,guess how many bananas i can fit in my mouth !
images/003219230.jpg,how big is this ? could i get another banana for scale here ?
images/001183324.jpg,stalk of bananas with it 's flower covered with raindrops on a banana tree
images/003103366.jpg,the monkey opens his mouth while eating a banana while his eyes are closed
images/000838576.jpg,a woman and man pointing at bananas in the store
images/002723998.jpg,country consumes more bananas than any other fruit .
images/001680709.jpg,seamless pattern of yellow bananas on a background of black straight lines
images/002900305.jpg,"a bowl of fruit in a house , with oranges , pears , apples , bananas adn old black banana"
images/003082016.jpg,bananas at the saturday market
images/001657270.jpg,bananas on display at a roadside fruit stand
images/002178449.jpg,competitors help themselves from a huge pile of bananas after finishing event
images/002275533.jpg,a worker carries a big branch of bananas on his shoulder at a banana plantation
images/001188236.jpg,do you like bananas ? vector image of a banana .
images/001356323.jpg,"food the outer covering or skin of fruit and vegetables such as potatoes , carrots , oranges , or bananas ."
images/000649771.jpg,monkey with banana hanging on a branch .
images/002429232.jpg,man eating bananas on bicycle in the park
images/001600306.jpg,seamless pattern with image of a banana leaves .
images/000176366.jpg,girl in glasses tries to speak by means of a banana instead of phone
images/002092864.jpg,yellow bananas on an orange background seamless pattern .
images/002477714.jpg,bunch of bananas hanging from a banana tree
images/000659868.jpg,bunch of bananas on a banana plantation
images/002702207.jpg,banana with white stroke in a flat style .
images/003177745.jpg,farm workers loading bananas at a collective farm
images/000953817.jpg,lentils in a wooden bowl on a banana leaf
images/000297496.jpg,"cigarettes in a banana , smoker , bad teeth -- stock photo #"
images/000054325.jpg,eating bananas to reduce the effects of stress
images/000328171.jpg,stalk of bananas covered with raindrops swaying in the breeze on a banana tree
images/000960242.jpg,a spin on the classic - super moist banana bread studded with chocolate chips !
images/002622483.jpg,a woman carries freshly harvested bananas
images/002427848.jpg,a bunch of yellow organic bananas with a green organic sticker
images/002455386.jpg,avoid exposing bananas to the air
images/003166891.jpg,flower that looks like a banana
images/003112019.jpg,woman holding a half peeled banana in her hand
images/001512699.jpg,have you ever thought about making banana bread in your microwave ? now you can with this recipe .
images/001384884.jpg,person uses the banana as her canvas for her project .
images/003187578.jpg,"banana the banana counts as cup of fruit , which is about half the daily amount needed ."
images/000017262.jpg,"banana leaves on a white background , tropical palm leaves ."
images/002050167.jpg,yellow banana on a white background .
images/000471773.jpg,cartoon vector of monkey with banana hanging from tree branch .
images/000290003.jpg,cartoon illustration of a happy banana
images/001231292.jpg,this tropical scene was inspired by the bananas that are grown all around where we live
images/002612988.jpg,pictures of the - banana flower
images/001035196.jpg,"food the outer covering or skin of fruit and vegetables such as potatoes , carrots , oranges , or bananas ."
images/000030686.jpg,seamless background of peeled bananas with the peel on turquoise background
images/002910661.jpg,bananas are grown all over the world
images/001229955.jpg,small bananas at a fruit stand
images/002120244.jpg,cluster of bananas on a tropical tree
images/002674300.jpg,"orange juice pouring in to a glass with apples , oranges and a banana"
images/000511922.jpg,seamless vector pattern of yellow bananas on a green background .
images/001928794.jpg,seamless vector pattern of yellow bananas on a blue background .
images/002335477.jpg,"grapes , bananas and pomegranate for sale at a market"
images/003000181.jpg,banana tree with a bunch of bananas stock photo
images/002888188.jpg,type of dish with bananas : butter with a side of bread
images/000109414.jpg,"person , walks through his barren banana plantation behind his house ."
images/003306765.jpg,vector illustration of a monkey sitting on a palm tree with bananas
images/002217264.jpg,image titled tv genre on a banana leaf step
images/001105568.jpg,breakfast of scrambled eggs with slices of banana bread on a white plate
images/002971420.jpg,the sad fate of a forgotten banana in our apartment
images/001002947.jpg,day : my cafe finally restocked their bananas !
images/002401272.jpg,cat disguised as a banana
images/000702960.jpg,grasshopper on green banana leaf in a nature with wind
images/002718138.jpg,fresh bananas at a market
images/002013117.jpg,close - up of a banana leaf
images/000355144.jpg,bananas hanging from a banana tree
images/000605363.jpg,sliding to fresh banana in the kitchen ready to be eat .
images/002504326.jpg,bananas arrive to the wednesday market by boat
images/000161933.jpg,pregnant woman sitting next to husband an eating banana -- stock photo #
images/000558452.jpg,the woman in an apron in the kitchen cleans banana
images/003151393.jpg,portrait of a smart serious young man eating banana
images/001334252.jpg,a single banana isolated on a white background
images/000307726.jpg,peeling the skin from a banana .
images/001865206.jpg,gluten free banana bread - i 've been thinking about trying to make banana bread for a while .
images/000835801.jpg,monkeys eating bananas along the fence
images/001830383.jpg,bunch of bananas hanging from a banana tree
images/001334418.jpg,"a sweet pull - apart bread filled with caramelized bananas and drizzled with more caramel is the breakfast , brunch and dessert of your dreams , all rolled into one ."
images/002373765.jpg,illustration of a banana on white background in low poly style
images/002506452.jpg,serving of milk has as much potassium as a small banana !
images/001908589.jpg,biological species on a banana leaf
images/002126362.jpg,bananas disappear on a table in a kitchen
images/003091101.jpg,isolated peeled banana on a white background
images/001965063.jpg,a banana tree is situated in front of a building .
images/002337798.jpg,isolated outline of a group of bananas
images/001137838.jpg,bananas on the purple background
images/001572543.jpg,little monkey sitting on a banana
images/000496658.jpg,"the finished product : follow our step - by - step how - to for perfect banana bread , then cut into thick slices and enjoy !"
images/003297941.jpg,"close - up , a cocktail of milk , banana and ice cream"
images/001516185.jpg,little cute monkey eating banana on a wild nature background
images/001002229.jpg,make ice cream with ingredient : a frozen banana !
images/002689301.jpg,you 'll never feel guilty for trashing a browning banana again .
images/003197269.jpg,the child eats banana on a picnic on the green lawn
images/002678538.jpg,butch of small bananas in a hand
images/001254877.jpg,a cut out of a nice banana
images/001086527.jpg,brand - the softest banana bread you 've ever had swirled with thick ribbons of brand .
images/001189185.jpg,sticker with hand drawn bananas on the gray background .
images/001454242.jpg,body is the length of a banana .
images/000699755.jpg,young man harvesting bananas on a plantation
images/003252793.jpg,banana tree with fruit in a greenhouse
images/002881430.jpg,cream cheese stuffed banana carrot cake is a showstopper !
images/001206719.jpg,some bananas are sweeter than others .
images/000659254.jpg,skinny cupcakes with toasted cream cheese frosting -- a mix between banana bread and carrot cake !
images/002814378.jpg,this tropical scene was inspired by the bananas that are grown all around where we live
images/002335725.jpg,recipe - fluffy yet moist thanks to mashed banana mixed into the batter .
images/002168793.jpg,a man standing in banana shaped floats which he uses to traverse the river being surrounded by swans
images/000385110.jpg,"fruits like oranges , bananas , apples and lemons on a wooden board with notebook"
images/001997009.jpg,bananas for sale at a market .
images/001833509.jpg,the monkey eats a banana .
images/001961956.jpg,woman in red turtleneck with banana on the cerulean blue background
images/002783209.jpg,butch of small bananas in a hand
images/003051844.jpg,seamless vector pattern of yellow bananas on a blue background .
images/000752291.jpg,"a heap of fruit consisting of citrus , berries and bananas ."
images/001210781.jpg,isolated banana on a white background
images/001808284.jpg,"fruit , pineapple , bananas , orange juice , and a tiny taste of coconut !"
images/000434494.jpg,make a bunch of fake bananas and slightly stale bread .
images/001359752.jpg,banana tree with fruit in a greenhouse
images/002188892.jpg,mini bananas in the courtyard of the village house
images/001827892.jpg,"this tangy , homemade , low - fat chocolate frozen yogurt features bananas that are caramelized in brown sugar ."
images/002665009.jpg,a spin on the classic - super moist banana bread studded with chocolate chips !
images/002035028.jpg,cute little girl in pajamas eating banana on the bed at the morning
images/002720496.jpg,bunch of bananas hanging from a banana tree
images/000247770.jpg,vector seamless pattern with banana on the white background
images/000006958.jpg,brown monkey on palm tree eating a banana
images/002575582.jpg,cluster of yellow bananas on a green background
images/001302324.jpg,bunch of bananas on a black background
images/000752282.jpg,close - up of a hand of bananas
images/001367593.jpg,banana with shadow on a white background .
images/003129330.jpg,banana seamless pattern on the white background
images/001829055.jpg,"banana tree on the backyard , big and green banana"
images/000210316.jpg,bananas on a white background .
images/000631553.jpg,a young man is hiding his face behind a bunch of bananas
images/002918252.jpg,bananas on a cart in the street .
images/001035084.jpg,bananas on sale in a market
images/001388450.jpg,"nut free banana bread that 's full of chia seeds , fiber and flavor for a healthy snack !"
images/000247283.jpg,"ripe yellow banana drops into the water , slow motion shooting"
images/000618251.jpg,"meal served in banana leaf on the occasion of festival , selective focus"
images/000364784.jpg,little monkey sitting on a banana
images/001457856.jpg,a front pocket allows you to stow a small banana or similar .
images/001494020.jpg,bananas in his hand on a wall background
images/000014053.jpg,the average person consumes pounds of bananas every year .
images/002316902.jpg,"banana tree on the backyard , big and green banana"
images/000621000.jpg,a banana plantation grows adjacent to dense tropical rainforest
images/001204400.jpg,bananas and other fruit trees from a sketch published
images/000810816.jpg,a rotten banana on a white background .
images/000867026.jpg,little cute monkey eating a banana at sunset
images/003114868.jpg,bunch of ripe bananas with real reflection on a black background isolated
images/000569663.jpg,bananas and slices isolated on a white background .
images/000225938.jpg,joyful little girl rejoices to a banana
images/001591146.jpg,"a simple twist on traditional banana bread , food is made without any butter or oil - low in fat , high in taste !"
images/003276983.jpg,type of dish with bananas : butter with a side of bread
images/001294570.jpg,bananas foster shots taste just like the dessert in a glass !
images/000229754.jpg,"a caucasian adult woman in her thirties , eating a banana while waking up in her apartment"
images/002788559.jpg,banana tree with flower in the sunset
images/000990052.jpg,i was expecting a not so great sandwich for lunch but instead was delighted to have a hot meal wrapped in a banana leaf of rice and beans and garlic chicken .
images/000028171.jpg,the average person consumes pounds of bananas every year .
images/002639405.jpg,hand drawn sketch style chopped banana with the peel on white background .
images/002867523.jpg,fresh bananas fall down on a table in the kitchen
images/000088859.jpg,hand drawing bananas : fruit and leaves on a white background
images/000254121.jpg,close up of a bright green banana leaf
images/000197566.jpg,banana chilling on the beach
images/000697757.jpg,overhead view of overripe peeled banana together with a small bunch of ripe bananas on a polka dot background
images/002918768.jpg,man eating a banana while driving a convertible car on country road
images/000149705.jpg,icon of a banana on a white background
images/002623428.jpg,the big spider with long legs on banana leaf .
images/000915933.jpg,all eyes on this cheeky monkey as he refused to split his banana with any of his troop
images/003258448.jpg,monkeys eating bananas along the fence
images/001279249.jpg,bananas what unit of measurement would be best to measure the weight of a bunch of bananas
images/003184220.jpg,type of dish with bananas : butter with a side of bread
images/002272163.jpg,bananas in an old box
images/001129158.jpg,cartoon illustration of banana super hero saving the day
images/003209749.jpg,entrance gate to the banana plantation
images/000333554.jpg,a bowl of separated bananas .
images/000074542.jpg,is that a banana in your pocket .
images/002169421.jpg,red - eyed tree frog hanging out of a fresh banana leaf
images/000478490.jpg,the ripe bananas with pieces
images/000183397.jpg,seamless vector pattern of yellow bananas on a blue background .
images/000489474.jpg,yellow bananas on an orange background seamless pattern .
images/003021398.jpg,bananas on sale in a market
images/000909652.jpg,have you heard of nice cream ? it 's essentially frozen and pureed bananas that taste just like ice cream .
images/000242742.jpg,hand drown vector pattern of yellow bananas on a colored background .
images/002993058.jpg,close of boy eating a banana
images/001216520.jpg,open banana turning on itself on a white background
images/002284954.jpg,a woman balances a large basket of ripe bananas on her head as he walks down the street holding her young son 's head 1950s
images/002650143.jpg,some bananas are sweeter than others .
images/001102177.jpg,a healthy banana bread that is refined sugar free and made with whole wheat .
images/003218634.jpg,"no time to explain , get in the banana"
images/001966792.jpg,man riding a motorcycle laden with bananas
images/000229657.jpg,vector seamless pattern with hand drawn bananas on a light green background .
images/002168945.jpg,the surprising history behind bananas
images/001903837.jpg,seamless vector pattern of yellow and green bananas on a white background .
images/002503908.jpg,muffins ... made with bananas and a packet !
images/001898651.jpg,very high quality original trendy vector seamless pattern with a banana and apple
images/002904507.jpg,batter for the deep fried bananas
images/002972977.jpg,a bunch of over ripe bananas on a white background
images/002183275.jpg,scale the end of the banana so that it 's more a square than a rectangle .
images/000568013.jpg,sticker with hand drawn bananas on the gray background .
images/002471428.jpg,serving of milk has as much potassium as a small banana !
images/003242322.jpg,colorful pattern of bananas and pineapples on a striped background in pop art style
images/003188762.jpg,yellow ripe bananas on colored backgrounds with a long shadow .
images/001561377.jpg,award winner plays with a banana in her purple dress
images/000935225.jpg,three - toed sloth hanging from a banana tree
images/002920253.jpg,a stalk or bunch of bananas
images/002100930.jpg,sliced banana with peel on a white background -- stock photo #
images/000518436.jpg,no more boring banana bread to use up old bananas !
images/000909456.jpg,christmas tree made made from bananas .
images/000094142.jpg,banana bread fresh out of the oven
images/000880642.jpg,close up of the flower of a banana tree
images/000677280.jpg,banana plantation and coffee plantation in the area south
images/000286699.jpg,muffins on a plate with bananas
images/001520761.jpg,little cute monkey eating banana on a wild nature background
images/000533040.jpg,cluster of yellow bananas on a green background
images/000161200.jpg,sign the way of evacuation near fence of banana plantation
images/000102165.jpg,transporting bananas to the market
images/000532918.jpg,yellow ripe bananas on a palm tree
images/002552301.jpg,vector icon - a yellow banana on a white background
images/002103330.jpg,ripe bananas painted in the form of a heart on a white background
images/003116381.jpg,all this running for a free banana .
images/002872516.jpg,seamless tropical pattern with image of a banana leaves .
images/002386145.jpg,bananas washed in a large water tank during harvest and packing
images/000873491.jpg,bruised banana on a completely white background .
images/002663194.jpg,person found in the bunch of bananas
images/002966023.jpg,young man harvesting bananas on a plantation
images/001324437.jpg,close up of a backlit banana leaf
images/002991755.jpg,cluster of yellow bananas on a green background
images/000028884.jpg,yellow bananas on a white vector art illustration
images/001704021.jpg,a caucasian woman with banana and a smile on her face
images/002463727.jpg,a tiny bat eats a banana .
images/001544040.jpg,boy selling bananas in a street .
images/001679802.jpg,a black and white silhouette of a banana
images/002475423.jpg,isolated banana on a white background
images/002898495.jpg,hand sticking a fork on a ripe banana
images/000715642.jpg,"banana leaves silhouette next on a sunny day , green hill"
images/002385736.jpg,delicious bananas in super slow motion being soaked against a black background
images/001396170.jpg,bananas and other fruit for sale on a market stall
images/001984945.jpg,bananas hanging from a banana tree
images/002334315.jpg,a cute monkey swinging from vines with a banana in his hand
images/000048235.jpg,bananas in an open air market
images/003277400.jpg,tourists feed elephants with bananas during a tour
images/000177979.jpg,feed the elephant a banana as they visit zoo .
images/002805171.jpg,pretty woman buys bananas in a supermarket
images/003284001.jpg,zoo - these apes went bananas for this free haul of the yellow stuff
images/000166078.jpg,"every morning started with oatmeal and a banana -- topped with a sugar in the packet , which i scavenged from various places ."
images/002045340.jpg,a woman washes clothes at a tap in her small banana plantation
images/002687096.jpg,biological species sits on the grass and eats a banana .
images/000215976.jpg,yellow bananas seamless pattern on the blue background
images/001198157.jpg,man talking with a banana
images/002106748.jpg,"the bananas isolated on white background , watercolor illustration in hand drawn style ."
images/002783388.jpg,evening watering flower beds with a lone banana in a city park
images/000324180.jpg,bananas and slices isolated on a white background .
images/003272079.jpg,half a rotten banana on white background
images/001950338.jpg,a banana tree is situated in front of a building .
images/001736039.jpg,banana with shadow on a white background .
images/000908445.jpg,close up of a backlit banana leaf
images/002646835.jpg,illustration of a monkey with bananas on a white background
images/001105629.jpg,if you have a couple of overripe bananas then whip these muffins up for breakfast .
images/002451314.jpg,this is bananas by person
images/000304364.jpg,hand drown vector pattern of yellow bananas on a colored background .
images/001254193.jpg,beautiful vector illustration with banana and milk splashes .
images/003278564.jpg,is that a banana in your pocket .
images/003134516.jpg,bunch of bananas in the exhibition of agricultural farmers annual
images/001154429.jpg,banana plantation partly under netting covers on the southern coast
images/001954363.jpg,small bananas at a fruit stand
images/001864404.jpg,banana plantation under netting covers on the southern coast
images/002910904.jpg,i was expecting a not so great sandwich for lunch but instead was delighted to have a hot meal wrapped in a banana leaf of rice and beans and garlic chicken .
images/001372788.jpg,banana seamless pattern in flat style .
images/002074329.jpg,cute baby monkey on a tree holding banana
images/000939648.jpg,some bananas bought from the market on the way to blogger
images/000665974.jpg,celebrity eats a banana during the third round
images/000636710.jpg,"fruit , pineapple , bananas , orange juice , and a tiny taste of coconut !"
images/000944216.jpg,photo of a banana tree
images/000579468.jpg,bunch of bananas on a banana plantation
images/003074866.jpg,"close up , environmental themed , dolly shot of a sprouting banana tree from what appears to be desolate , infertile ground"
images/001131596.jpg,bananas at the saturday market
images/001707659.jpg,a delivery man carries a very large bunch of yellow bananas on his shoulder while unloading the produce from his
images/000738492.jpg,the frame consisting of different bananas .
images/002416253.jpg,cute pattern with monkey in a hat and bananas vector art illustration
images/001668648.jpg,"fans , with their trademark inflatable bananas , on the terraces during a match"
images/000070451.jpg,bunch of ripe bananas with real reflection on a black background isolated
images/002739767.jpg,make bananas last longer by wrapping a plastic cling film tightly at the crown of the bananas .
images/002715633.jpg,an elderly man checking bananas on a fruit stall at markets
images/003236716.jpg,vector seamless pattern with hand drawn bananas on a blue background .
images/003295154.jpg,"a crate of bananas , apples , pears and other fruit on a wooden background"
images/001376864.jpg,bananas growing on a tree
images/001650546.jpg,colored chalk drawn illustration of banana and strawberry smoothie in a bottle with ingredients .
images/002368433.jpg,hand holding a bunch of ripe bananas
images/002836754.jpg,over ripe banana cut out on a white background
images/001384356.jpg,a delivery man carries a very large bunch of yellow bananas on his shoulder while unloading the produce from his
images/003164077.jpg,dish made of a banana leaf
images/003045384.jpg,"food , a basic curry served on a banana leaf"
images/001923608.jpg,the pattern of ripe yellow bananas and fresh
images/003144758.jpg,"banana tree with green bananas fruits and the heart , growing banana ."
images/000547406.jpg,here are some reasons why bananas are the best fruit at the grocery store .
images/003302243.jpg,bunch of bananas hanging from a banana tree
images/001437155.jpg,strong monkey pulls a lot of bananas .
images/001704463.jpg,no bananas in the sky
images/002105681.jpg,eating bananas is a natural cure to reduce the effects of stress and anxiety .
images/001403158.jpg,a very small dog - banana for scale and pillow
images/003162477.jpg,mom a toddler girl choosing bananas in supermarket
images/002490004.jpg,bananas in a rustic basket
images/000415454.jpg,"a bunch of bananas on a yellow background , foods that help your gut"
images/000788686.jpg,"the bananas were put on the table , old wooden floors ."
images/001261841.jpg,a market selling banana in the city
images/000160755.jpg,an idyllic spot in the tropics allowed this banana tree to grow this beautiful bunch of bananas .
images/002658547.jpg,cluster of yellow bananas on a green background
images/000210189.jpg,banana leaf on banana tree in the orchard
images/001150083.jpg,grasshopper on green banana leaf in a nature with wind
images/000984139.jpg,an old woman with a glasses eating a banana
images/000485088.jpg,bunch of ripe speckled bananas isolated against a black background
images/001612356.jpg,"seamless vector pattern of bananas , pear and watermelon slices on a pink background ."
images/002324626.jpg,"porridge , oats , milk and banana on the table"
images/001627208.jpg,a banana plantation grows in the rich volcanic soils beside a lake
images/003289881.jpg,a bunch of ripe bananas in a glazed dish
images/001334691.jpg,the composition of banana and cherries
images/000627572.jpg,bananas as sweet as the message written upon them .
images/002084392.jpg,feed the elephant a banana as they visit zoo .
images/001955906.jpg,turtle eat banana in the river .
images/000643464.jpg,people selling bananas in a market .
images/000341779.jpg,"holding and peeling a banana on black background , slow motion"
images/002015437.jpg,monkey on the beach eating banana
images/002695783.jpg,painting of a banana tree
images/000526811.jpg,bunch of bananas isolated on a white background
images/001346436.jpg,"men selling bananas , grapes and at the side of the road"
images/000005312.jpg,bananas hanging from a banana tree
images/001418607.jpg,isolated happy banana on a white background
images/000520898.jpg,what bananas do at night .
images/000317654.jpg,"a bunch of bananas on a yellow background , foods that help your gut"
images/001079121.jpg,recipe - fluffy yet moist thanks to mashed banana mixed into the batter .
images/001645126.jpg,fresh bananas on a tree
images/001749834.jpg,a good way to measure the right banana for you
images/002534774.jpg,ripe tropical bananas on a wooden board isolated on black background
images/000826551.jpg,half peeled banana isolated on a white background
images/000122715.jpg,the big spider with long legs on banana leaf .
images/000106607.jpg,my friend found an exceedingly straight banana .
images/002184236.jpg,green and yellow bananas at wholesale market in the streets
images/000922001.jpg,a woman carries freshly harvested bananas on her head
images/000642348.jpg,gluten free banana bread - i 've been thinking about trying to make banana bread for a while .
images/001571851.jpg,seamless pattern of tropical bananas on a blue background .
images/000268252.jpg,white banana leaves diagonal pattern on a dark blue background
images/002523379.jpg,container ship loading bananas and pineapple from a port
images/002377073.jpg,bunch of bananas ripe placed on a wooden table
images/003101825.jpg,oranges and bananas you eat both of them .
images/000988371.jpg,beautiful vector illustration with banana and milk splashes .
images/002860276.jpg,"the bananas are washed , labelled and boxed ready to be shipped"
images/001944501.jpg,fresh bananas at a market
images/003169948.jpg,you 'll never feel guilty for trashing a browning banana again .
images/002938259.jpg,little cute monkey eating banana on a wild nature background
images/002162388.jpg,a bunch of isolated bananas on white background
images/000321261.jpg,sliced banana with peel on a white background -- stock photo #
images/000493931.jpg,"the waffles are stuffed with ice cream , strawberries and banana ."
images/001207560.jpg,banana isolated on a white background .
images/003111644.jpg,ae - hem girls or boys banana print shirt - pink - i need this for holiday
images/002169697.jpg,a woman walks down a path carrying a large bunch of bananas on her head
images/000428234.jpg,man walking past fresh bananas on sale
images/002264536.jpg,bananas to harvest fresh from the tree
images/002144006.jpg,seamless vector pattern of banana and watermelon pieces on a black background .
images/001247701.jpg,a bunch of bananas minus two by person
images/000987872.jpg,big bunch of bananas on sale in the market
images/000732581.jpg,seamless vector pattern of yellow bananas on a light gray background .
images/001748371.jpg,a banana tree or palm
images/001124226.jpg,recipe - fluffy yet moist thanks to mashed banana mixed into the batter .
images/000538017.jpg,food and a bunch of bananas on a plate
images/000429215.jpg,a spin on the classic - super moist banana bread studded with chocolate chips !
images/000892595.jpg,the child eats banana on a picnic on the green lawn
images/000755804.jpg,a young girl holding a banana in front of her face
images/002360089.jpg,banana leaf in the rain
images/002635994.jpg,yellow bananas on an orange background seamless pattern .
images/002596000.jpg,banana plantation near the ocean
images/000524136.jpg,a girl eating a banana isolated on white
images/001449456.jpg,ripe bananas painted in the heart of a dark color
images/002363747.jpg,dozens of bananas are stacked at a market
images/002946633.jpg,seamless pattern of bananas border on a white background
images/002999097.jpg,isolated vintage banana on a white background
images/001154175.jpg,a bunch of over ripe bananas on a white background
images/002767310.jpg,banana bread with a secret ingredient - shredded coconut !
images/003055440.jpg,raindrops on a banana leaf
images/000578316.jpg,person stands amongst the remains of his banana plantation .
images/000343315.jpg,a woman selling bananas in a market
images/003038333.jpg,vector seamless pattern with hand drawn bananas on a pink background .
images/001863402.jpg,bright summer seamless pattern with bananas on a blue background .
images/003150519.jpg,a bunch of bananas on a white background
images/002598798.jpg,"animal lays begging the head crooked , glass of bananas milk stands on the table - black and white"
images/001974153.jpg,ripe bananas with a peeled and partially sliced banana
images/000896887.jpg,a spotted banana on a white plate
images/002863434.jpg,bananas on and old vintage table top with modeled tan background for a rustic feel and copy space
images/000336873.jpg,price had a narrow escape from wandering spider from bananas
images/000285154.jpg,girls with bananas on the kitchen have fun phone
images/000410243.jpg,ripe bananas on a striped surface
images/002482903.jpg,half of banana on the white background
images/000679858.jpg,fans with a flag and inflatable banana
images/001510098.jpg,toddler eating a banana in a studio
images/000114007.jpg,"the bananas are washed , labelled and boxed ready to be shipped"
images/001150008.jpg,seamless pattern with image of a banana leaves .
images/000894346.jpg,are carrying a large bunch of bananas on her head
images/002816568.jpg,automobile model is a banana
images/001499944.jpg,hand drawn oranges and bananas isolated on the white background .
images/000460999.jpg,"holding a peeled banana on black background , slow motion"
images/001470487.jpg,i had a bananas in skin
images/002829089.jpg,little girl petting a dog and feed them with bananas .
images/000875449.jpg,cartoon illustration of a happy banana
images/003256888.jpg,leaf of a tropical tree of the banana isolated on a white background .
images/000460842.jpg,the monkey opens his mouth while eating a banana while his eyes are closed
images/000523544.jpg,banana seamless pattern in flat style .
images/002247292.jpg,a bunch of bananas on the tree
images/002868457.jpg,a banana plantation grows adjacent to dense tropical rainforest
images/000106208.jpg,entrance gate to the banana plantation
images/001082254.jpg,man carrying a bunch of bananas on his shoulder during harvest on plantation
images/002478065.jpg,empty road on the banana plantation
images/000139186.jpg,what ever happened to enjoying a banana the traditional way ?
images/002173719.jpg,a spin on the classic - super moist banana bread studded with chocolate chips !
images/000354449.jpg,feed the elephant a banana as they visit zoo .
images/000776891.jpg,hand holding a bunch of ripe bananas
images/001237968.jpg,bright summer seamless pattern with bananas on a green background .
images/001978260.jpg,gluten - free pear & banana loaf a dash of compassion
images/001769433.jpg,members of a pose near their banana plantation
images/001012522.jpg,girl in glasses tries to speak by means of a banana instead of phone
images/001028566.jpg,bananas for a runner 's diet
images/002064886.jpg,bananas on sale at a street market
images/001845814.jpg,a banana tree is fruiting in the garden
images/001211634.jpg,selling bananas the goods are placed on a blanket on the ground
images/002300078.jpg,blue painted banana on a yellow background
images/002821910.jpg,have you heard of nice cream ? it 's essentially frozen and pureed bananas that taste just like ice cream .
images/000227515.jpg,a man carrying a basket of bananas on his head in the market
images/001922215.jpg,banana plantation in a forested central valley
images/003307547.jpg,illustration of a banana rendered in a geometric style
images/001509765.jpg,bunch of bananas isolated on a white background
images/002475295.jpg,seamless pattern with image of a banana leaves .
images/001676274.jpg,a bunch of over ripe bananas on a white background
images/001370399.jpg,bananas on a white background
images/000451777.jpg,bunch of bananas isolated on a white background
images/002795432.jpg,cute and funky bananas seamless pattern on the dark background .
images/002941009.jpg,cheesecake stuffed banana bread ... it 's a classic treat turned on it 's head .
images/002747323.jpg,remember to freeze your bananas ahead of time for the best cocktail .
images/003197976.jpg,banana leaf - cuisine : how to eat your way around the world
images/000473611.jpg,"a splash of juice in a glass surrounded by oranges , bananas , mango and apple"
images/001635386.jpg,vector illustration of wooden box with bananas .
images/002046859.jpg,person uses the banana as her canvas for her project .
images/002844362.jpg,members of a pose near their banana plantation
images/000354030.jpg,three - toed sloth hanging from a banana tree
images/000180421.jpg,bunch of bananas hanging from a banana tree
images/001473794.jpg,seamless vector pattern of yellow bananas on a blue background .
images/000847003.jpg,traditional south meal on a banana leaf .
images/000684481.jpg,isolated sketch of a banana
images/000962182.jpg,cast bronze bananas with a realistic yet whimsical patina .
images/000350007.jpg,cookies that taste like banana bread and are healthy enough for breakfast !
images/000203813.jpg,"fans , with their trademark inflatable bananas , on the terraces during a match"
images/000038764.jpg,eating banana is a natural cure to reduce the effects of stress and anxiety .
images/000487076.jpg,lady carrying bunches of bananas on her head the capital
images/001373003.jpg,chalk drawn illustration of banana and strawberry smoothie in a bottle with ingredients .
images/000807775.jpg,old car with bananas in a farm
images/000667917.jpg,over ripe banana cut out on a white background
images/000389371.jpg,people pose on a banana during the celebrations
images/000148404.jpg,fresh bananas at a market
images/003086425.jpg,white banana leaves diagonal pattern on a dark blue background
images/001470230.jpg,a banana is pointed like a gun with its end peeled back in a comedic fashion
images/003217170.jpg,"bananas : person is proud of his car which spent to make and cost $25,000"
images/003180951.jpg,a bunch of yellow bananas slowly rotating against black background
images/001347780.jpg,the surprising history behind bananas
images/000163484.jpg,"food , toasted pecans folded in a rich banana quick bread that is moist and perfectly sweet ."
images/002361586.jpg,"woman slices banana on a board , housewife is cooking fruit salad , healthy food for kids at home , fruits and vegetables in the kitchen"
images/000940255.jpg,a spin on the classic - super moist banana bread studded with chocolate chips !
images/001465868.jpg,man walking past fresh bananas on sale
images/003254226.jpg,the softest banana bread you 've ever had swirled with thick ribbons of brand .
images/002394881.jpg,hazy sunset above a banana plantation
images/001228525.jpg,place ripe bananas into the blender
images/002422215.jpg,"a pile of old bananas , isolated on white background"
images/001424905.jpg,shoppers at the market can choose from many more varieties of banana
images/001587682.jpg,red flowers of a banana tree
images/001092141.jpg,food : hanging bananas on a red wooden door
images/002414686.jpg,bunch of bananas in the exhibition of agricultural farmers annual
images/001682992.jpg,half peeled banana isolated on a white background
images/001290655.jpg,bananas for sale at a street market
images/000820717.jpg,loading bananas on to boats
images/001815394.jpg,cute little girl in pajamas eating banana on the bed at the morning
images/001732341.jpg,opened ripe banana isolated on a white background
images/002765644.jpg,buy a dozen bananas and get a spider for free !
images/002490236.jpg,the cantilever bridge passes over a banana plantation on an island
images/002722175.jpg,"peanut butter and jelly sandwich , with dancing banana , and a glass of milk"
images/003040551.jpg,large photo of a lemon on top of bananas framed in raw timber on white wall above sofa
images/000502411.jpg,roasted bananas - healthy and easy vegan dessert without any added sugar .
images/000208482.jpg,here 's the perfect monkey for your banana !
images/002187513.jpg,the image of a banana royalty free stock vectors
images/001069840.jpg,a spin on the classic - super moist banana bread studded with chocolate chips !
images/001399800.jpg,a bunch of bananas on the tree .
images/000238483.jpg,fresh bananas fall down on a table in the kitchen
images/001581139.jpg,bananas in a female hand
images/000128194.jpg,seamless vector pattern of yellow bananas on a blue background .
images/001155397.jpg,biological species sits on the grass and eats a banana .
images/003302620.jpg,a banana changing over time
images/001339170.jpg,spray - painted it red to make it look more like an actual banana
images/002551055.jpg,cartoon illustration of a happy banana
images/001051315.jpg,person of bananas rotates on a black background
images/003165604.jpg,view of man moving hanging juicy bananas at the local market
images/000725756.jpg,we found the smallest banana in the world
images/000549536.jpg,detail of ripe yellow bananas with black marks on the skin
images/003116075.jpg,a bunch of bananas with the flower hanging below .
images/002685496.jpg,"drawing of a banana with eyes , arms and legs ."
images/001961059.jpg,a monkey eating a banana sitting on the ruins
images/000832527.jpg,bananas are one of the most popular fruits in the world .
images/001524736.jpg,"aerial view of dirt road between the plantations of maize , sugar cane and bananas"
images/002498969.jpg,a black and white silhouette of a banana
images/001087157.jpg,biological species eating a banana leaf left by a hiker
images/001572785.jpg,if you have a couple of overripe bananas then whip these muffins up for breakfast .
images/001287992.jpg,banana tree with a bunch of bananas .
images/001564254.jpg,bunch of bananas on a banana plantation
images/001620603.jpg,tourists walking through a banana plantation
images/003038681.jpg,monkey sits on the stone and eats banana
images/001046800.jpg,zoo - these apes went bananas for this free haul of the yellow stuff
images/001646436.jpg,"woman peels banana , housewife is cooking fruit salad , healthy food for kids at home , fruits and vegetables in the kitchen"
images/000368205.jpg,bunch of bananas hanging from a banana tree
images/002870906.jpg,plate of scrambled eggs and banana bread on a wooden table with a dish of butter
images/001636468.jpg,"bananas are a good source of vitamin c , potassium and fiber ."
images/000006667.jpg,the price of bananas saw the biggest increase in february
images/002484516.jpg,"drizzle a little or drizzle a lot , banana bread is breakfast acceptable even when doused in chocolate ."
images/001236384.jpg,young men with bananas which is the staple food
images/002320616.jpg,"a bowl of fruit in a house , with oranges , pears , apples , bananas adn old black banana"
images/003061133.jpg,overripe bananas with large brown spots on a white background
images/002174676.jpg,man talking with a banana
images/000576577.jpg,my friend made a clay sans figurine and tied it to a banana .
images/000638063.jpg,a bunch of bananas on the tree .
images/003177614.jpg,banana and blueberry muffins - these are great to freeze for the lunch box
images/001831529.jpg,a bunch of bananas in a plantation .
images/001895936.jpg,"a young girl holds up a banana to her mouth , imitating a smile"
images/001604002.jpg,a woman looks up at the bananas growing in her tree
images/002242569.jpg,bananas to harvest fresh from the tree
images/000176154.jpg,teenager carrying a tray of bananas
images/003008964.jpg,bananas are large and extremely sugary .
images/001066833.jpg,a chimpanzee eating a banana thrown by travellers . #
images/001723779.jpg,a close up of butterflies feeding on oranges and bananas
images/003004730.jpg,little cute monkey eating a banana at sunset
images/002729957.jpg,these waffles are made with % whole wheat flour and mashed bananas .
images/002601878.jpg,bunch of banana on the tree
images/000322261.jpg,bunch of bananas in the exhibition of agricultural farmers annual
images/001625171.jpg,banana and blueberry muffins - these are great to freeze for the lunch box
images/000516791.jpg,view of man moving hanging juicy bananas at the local market
images/000227950.jpg,portrait of a smart serious young man eating banana
images/001326591.jpg,bananas grow in the valley
images/001392138.jpg,how to draw a bunch of bananas step by step .
images/000143853.jpg,a woman balances a large basket of ripe bananas on her head as he walks down the street holding her young son 's head 1950s
images/001071700.jpg,pineapple - banana - orange smoothie with a side of strawberries
images/001658195.jpg,angry banana taking peel of .
images/000523505.jpg,wild baby making a face while clutching piece of banana from supplemental feeding
images/000214107.jpg,tourists wait to be served banana - flavoured treats .
images/003311027.jpg,young men with bananas which is the staple food
images/001295487.jpg,bananas and other fruit for sale on a market stall
images/001867082.jpg,hand of a man with a banana
images/000931253.jpg,a banana changing over time
images/002920637.jpg,monkey eating a banana while hanging upside down from a tree .
images/000650039.jpg,bananas growing on a tree
images/001677486.jpg,washing weighing and packing to get the bananas ready for shipping
images/001412429.jpg,animal is eating bananas on the banana tree
images/001967698.jpg,strong monkey pulls a lot of bananas .
images/001428748.jpg,vector illustration of a yellow ripe banana on an isolated white background .
images/001039278.jpg,a bunch of bananas on the tree .
images/003256555.jpg,bunch of bananas on a banana plantation
images/000040037.jpg,a large bunch of bananas
images/000600895.jpg,hand drown vector pattern of yellow bananas on a colored background .
images/001186263.jpg,bananas for a runner 's diet
images/000933587.jpg,a caucasian woman with banana and a smile on her face
images/000043801.jpg,person sharing his bananas with the elephants .
images/000533810.jpg,monkeys eating bananas along the fence
images/001870336.jpg,the frame consisting of different bananas .
images/003016780.jpg,bright summer seamless pattern with bananas on a blue background .
images/002520774.jpg,bananas of all shapes and sizes are sold in the market
images/001357881.jpg,a monkey eating a banana sitting on the ruins
images/002044815.jpg,"a wild banana tree , with bananas"
images/001699454.jpg,"ripe yellow banana drops into the water , slow motion shooting"
images/000061160.jpg,bunch of bananas hanging from a banana tree
images/001707970.jpg,a large bunch of organic bananas on a banana tree in employer
images/000888765.jpg,"aerial view of dirt road between the plantations of maize , sugar cane and bananas"
images/002083116.jpg,people pose on a banana during the celebrations
images/002952905.jpg,seamless background of peeled bananas with the peel on turquoise background
images/000483187.jpg,boy selling bananas in a street .
images/002808483.jpg,banana and blueberry muffins - these are great to freeze for the lunch box
images/002166200.jpg,green and yellow bananas at wholesale market in the streets
images/000885994.jpg,"a glass and a bottle of milk , apple , bananas and yellow towel"
images/000729288.jpg,a bowl of sliced banana .
images/001724841.jpg,the bananas grow in a long spiral as the flower descends
images/002854286.jpg,seamless vector pattern of yellow bananas on a light gray background .
images/001726492.jpg,slicing a banana into thin slices in slow motion
images/002212265.jpg,close up top view of a banana tree surrounded by vegetation
images/001178671.jpg,skiers having a snack eating a banana and drinking from a water bottle on slopes .
images/002565826.jpg,oranges and bananas you eat both of them .
images/000765324.jpg,an orangutan with a banana !
images/000105914.jpg,washing weighing and packing to get the bananas ready for shipping
images/002483318.jpg,bunch of bananas isolated on white background .
images/000238910.jpg,a bunch of bananas on white background
images/002882108.jpg,vector seamless pattern with hand drawn bananas on a blue background .
images/001711273.jpg,this is no ordinary banana bread !
images/003295199.jpg,mom a toddler girl choosing bananas in supermarket
images/000832163.jpg,isolated silhouette of a banana
images/002755797.jpg,half a rotten banana on white background
images/000399654.jpg,red - eyed tree frog hanging out of a fresh banana leaf
images/000877677.jpg,tourists walking through a banana plantation
images/000428968.jpg,banana bread with no added sugar .
images/000878761.jpg,on my first tour i was amazed to see bananas grow upside down !
images/000452910.jpg,watercolor seamless pattern with fresh bananas and tropical leaves .
images/000623666.jpg,a banana floating in the air in a studio shot
images/001414363.jpg,bananas growing by the side of the road
images/000322202.jpg,chocolate chip cookies that taste like banana bread - plus they 're made with coconut oil !
images/000490132.jpg,no bananas in the sky
images/000606936.jpg,a toddler eating a healthy breakfast of banana and granola cereal at the kitchen table in the home
images/000402008.jpg,cost of living bananas were really this expensive !
images/002991171.jpg,and that 's because this banana read this book
images/000098439.jpg,the chimpanzees of use sticks to fish for bananas on a clothesline and apples in the water
images/002557020.jpg,bananas in an old box stock photo - 31741986
images/000154360.jpg,path in the middle of a banana plantation
images/001104255.jpg,stack of unripe bananas on a market stall
images/000357093.jpg,cute baby monkey with banana isolated on a white background
images/001964194.jpg,wave with bananas on a white background .
images/001514449.jpg,cute baby monkey with bananas stand on a white background
images/00007070.jpg,a spin on the classic - super moist banana bread studded with chocolate chips !
images/000061683.jpg,cream cheese stuffed banana carrot cake is a showstopper !
images/002227993.jpg,seamless pattern of tropical bananas on a blue background .
images/001701278.jpg,banana seamless pattern on the white background
images/002988430.jpg,seamless vector pattern of yellow bananas on a pink background .
images/001314526.jpg,"banana leaves on a white background , tropical palm leaves ."
images/000659877.jpg,a lady with her moped overloaded with bananas for sale
images/001288673.jpg,"a sweet pull - apart bread filled with caramelized bananas and drizzled with more caramel is the breakfast , brunch and dessert of your dreams , all rolled into one ."
images/001521714.jpg,this very literal sign describes these bananas
images/001271898.jpg,hand sticking a fork on a ripe banana
images/001186454.jpg,tv genre for a healthy pregnancy : bananas
images/003307832.jpg,girls with bananas on the kitchen have fun phone
images/000571875.jpg,"tomatoes , mushroom and banana arranged in a happy face on a plate"
images/002779480.jpg,bunch of bananas on a banana plantation
images/000267831.jpg,bananas and other fruit for sale on a market stall
images/000565006.jpg,grasshopper on green banana leaf in a nature with wind
images/003133749.jpg,"red , yellow and green bananas hanging for sale at a market"
images/003146879.jpg,bananas are taken from a table
images/001774891.jpg,measuring ripe yellow bananas with a tailor 's tape measure .
images/003001160.jpg,hand sticking a fork on a ripe banana
images/001995790.jpg,close of boy eating a banana
images/003206531.jpg,when the dog looks like your slice of banana .
images/000095734.jpg,bunch of bananas in the exhibition of agricultural farmers annual
images/000653270.jpg,chocolate sauce being poured over fried bananas on a stack of pancakes
images/003203067.jpg,go bananas with this healthy banana bread !
images/003085310.jpg,peeling the skin from a banana .
images/003282124.jpg,a very small dog - banana for scale and pillow
images/001356961.jpg,monkey eating banana turned to look for a friend
images/001013162.jpg,celebrity eats a banana during the third round
images/002150167.jpg,ripe bananas at the street market
images/002759094.jpg,isolated silhouette of a banana
images/002517004.jpg,"passion fruit lifts the sweet combination of banana , meringue and caramel in this crowd - pleasing dessert recipe ."
images/000657981.jpg,bananas are large and extremely sugary .
images/001617832.jpg,family was forced to flee home after finding a cluster of spiders in a bunch of bananas
images/001860884.jpg,a bunch of bananas on a white background
images/001464138.jpg,person sharing his bananas with the elephants .
images/001139454.jpg,young girl holding an apple seated at table between her mother holding a broccoli and her grandmother with a banana
images/000970749.jpg,a spotted banana on a white plate
images/000903513.jpg,nest of wasp is under the banana leaf .
images/000971453.jpg,vector illustration of a funny banana .
images/00015631.jpg,bananas are actually in the family
images/002985097.jpg,illustration of a monkey with bananas on a white background
images/001811962.jpg,wandering spiders in bananas was bad enough .
images/002724281.jpg,take the humble banana to a whole new level .
images/002574751.jpg,detail on a banana leaf with sun in background
images/002087001.jpg,bananas for sale in the market
images/000801690.jpg,banana isolated on a white background .
images/002372875.jpg,yellow bananas on an orange background seamless pattern .
images/000200234.jpg,banana leaf - cuisine : how to eat your way around the world
images/001049266.jpg,grasshopper on green banana leaf in a nature with wind
images/002431768.jpg,twin brothers playing with bananas at the breakfast table
images/000786587.jpg,woman taking a banana in a grocery store with fruits and vegetables
images/001421929.jpg,food - this spectacular cake is made with layers or banana and pineapple cake and then topped off with cream cheese frosting
images/003212089.jpg,are your bananas always turning brown before you have a chance to eat them ? this simple hack will keep your bananas fresh longer .
images/002324238.jpg,cute baby monkey with banana outlined isolated on a white background
images/003112643.jpg,seamless pattern with bananas on a striped background .
images/001379844.jpg,"a city : bananas , sold at the market"
images/000160628.jpg,view of man preparing bananas for the sale at the local market
images/000604061.jpg,stalk of bananas with it 's flower covered with raindrops on a banana tree
images/001318603.jpg,"food market , in the city centre , bananas on sale"
images/003129230.jpg,a cute monkey swinging from vines with a banana in his hand
images/000855870.jpg,a banana plantation grows adjacent to dense tropical rainforest
images/002476272.jpg,a large bunch of organic bananas on a banana tree in employer
images/000365820.jpg,chocolate coated banana on a stick
images/001962490.jpg,a woman prepares a meal of bananas for her family
images/002848102.jpg,a large bunch of bananas
images/003049357.jpg,that sounds bananas to me
images/003048150.jpg,in this recipe the bananas are mashed and then put into the batter to distribute their flavor .
images/002427722.jpg,new versus old : facing bananas
images/001606451.jpg,hazy sunset above a banana plantation
images/002958163.jpg,a butterfly feeding on a rotting banana
images/001203556.jpg,bananas and slices isolated on a white background .
images/003308798.jpg,a bunch of bananas on a white background
images/003164528.jpg,oranges and bananas you eat both of them .
images/001113109.jpg,a bunch of bananas with browning skin on a white background
images/001919114.jpg,banana turning on itself on a white background
images/001143361.jpg,banana seamless pattern in flat style .
images/002723276.jpg,ripe bananas at the street market
images/001150442.jpg,bananas on sale in a market
images/002391288.jpg,a stall selling red & green bananas alongside art work at the roadside near town .
images/000637203.jpg,vector seamless pattern with hand drawn bananas on a blue background .
images/002665980.jpg,cheesecake stuffed banana bread ... it 's a classic treat turned on it 's head .
images/002502562.jpg,bananas and other fruit for sale on a market stall
images/000884610.jpg,juices of orange and banana .
images/003248180.jpg,men loading a truck at a banana plantation
images/002177136.jpg,bananas exposed at a local market .
images/000318125.jpg,seamless pattern with bananas on a black background royalty free stock illustrations
images/001908607.jpg,bananas in a glass bowl are seen
images/001338994.jpg,an overripe banana on a wooden table
images/002230413.jpg,freshly sliced bananas on a white background clipping path
images/000590277.jpg,banana bread in all forms and flavours
images/002832179.jpg,women carrying bananas to a wharf for shipping to market 1800s
images/001758022.jpg,bananas are one of the bestselling items in the produce
images/001078177.jpg,bananas on a white background
images/002422722.jpg,pattern of bananas and green leaves on a pink .
images/001601762.jpg,fans with a flag and inflatable banana
images/001425458.jpg,small bananas at a fruit stand
images/000191561.jpg,the cucumber is combined with a banana
images/002701251.jpg,man eating a banana while driving a convertible car on country road
images/002115262.jpg,how big is this ? could i get another banana for scale here ?
images/000518476.jpg,"do you eat food on banana leaf ? if not , read these amazing benefits !"
images/002150977.jpg,"bananas , as offering in a temple"
images/001218932.jpg,man holding a banana in front of his mouth
images/001329989.jpg,small bunches of bananas isolated on a white background
images/002189531.jpg,animal is eating bananas on the banana tree
images/001914513.jpg,an elderly gardener in a clients garden tending bananas .
images/001938107.jpg,bananas are a well - known source of potassium .
images/000314524.jpg,workers processing bananas at a banana plantation
images/002138052.jpg,"using bananas instead of oil makes this fat - free banana bread extremely moist and lightly sweet , and the blueberries add a fruity surprise to every bite ."
images/002595221.jpg,a vendor displays bananas at his stall .
images/002434305.jpg,my banana tree which grows ?
images/001003154.jpg,the big spider with long legs on banana leaf .
images/002196880.jpg,path in the middle of a banana plantation
images/002406317.jpg,woman in red turtleneck with banana on the cerulean blue background
images/001952052.jpg,"person , poses for a photo as a banana saturday morning during contest via person"
images/001669067.jpg,seamless vector pattern of bananas on a light gray background .
images/000677774.jpg,person stands amongst the remains of his banana plantation .
images/001056531.jpg,girls with bananas on the kitchen have fun phone
images/000378358.jpg,drawing a banana with color background .
images/001289787.jpg,members of a pose near their banana plantation
images/002989242.jpg,banana leaves down the center -- stage
images/000950463.jpg,a chimpanzee eating a banana thrown by travellers . #
images/002402552.jpg,banana plantation and coffee plantation in the area south
images/002867734.jpg,a front view of small mini bananas .
images/000767897.jpg,a bunch of bananas on a white background #
images/002798618.jpg,women carrying bananas to a wharf for shipping to market 1800s
images/003186775.jpg,exotic pattern with tropical leaves banana on a black background
images/002063965.jpg,white banana leaves diagonal pattern on a dark blue background
images/001780017.jpg,cocktail of passion fruit served on top of a banana leaf
images/001487952.jpg,a large bunch of organic bananas on a banana tree in employer
images/000718483.jpg,wild baby making a face while clutching piece of banana from supplemental feeding
images/002440228.jpg,the average person consumes pounds of bananas every year .
images/000173804.jpg,shadow of the banana tree in the water
images/001610700.jpg,what 's so bad about this it 's actually the healthiest way to eat a banana
images/001387126.jpg,just a lovely bunch of banana 's ... right ?
images/000052807.jpg,"pomegranate , pears , bananas and plums on a wooden background"
images/001951826.jpg,oranges and bananas you eat both of them .
images/000179093.jpg,various bananas on a grill
images/000265773.jpg,"besides the cute kids , notice the banana tree - the bananas grow stem upwards ."
images/000866107.jpg,truck in the banana plantation
images/000663333.jpg,cute hanging monkey with banana .
images/002084475.jpg,vector illustration of a monkey sitting on a palm tree with bananas
images/000542472.jpg,bananas are large and extremely sugary .
images/003242180.jpg,a cute young monkey with bananas .
images/000277693.jpg,all this running for a free banana .
images/000319107.jpg,eating bananas is a natural cure to stress
images/000323354.jpg,a woman walks down a path carrying a large bunch of bananas on her head
images/001168102.jpg,man carrying a bunch of bananas on his shoulder during harvest on plantation
images/002531440.jpg,cookies that taste like banana bread and are healthy enough for breakfast !
images/000221850.jpg,"monkey is sitting and peeling a banana , prepare for eating"
images/003179857.jpg,make a sweet treat with chocolate and bananas .
images/001803417.jpg,bananas growing by the side of the road
images/000497815.jpg,are your bananas always turning brown before you have a chance to eat them ? this simple hack will keep your bananas fresh longer .
images/002369528.jpg,a butterfly feeding on a rotting banana
images/000109176.jpg,"food ... too bad , it had to be carved in a banana ."
images/001476912.jpg,bananas in a female hand
images/001920040.jpg,seamless pattern of bananas border on a white background
images/000059375.jpg,peeling the skin from a banana .
images/002568222.jpg,close - up of spices on a banana leaf
images/003292108.jpg,type of dish with bananas : butter with a side of bread
images/002042586.jpg,a pastor on a banana !
images/003099759.jpg,pink bananas in the garden
images/000863150.jpg,a single banana isolated on a white background
images/000247083.jpg,note to self : buy bananas like a week beforehand
images/001642863.jpg,person was impressed with this banana tree along the way .
images/003234738.jpg,learn the benefits of bananas to build muscle
images/001164929.jpg,banana with a syringe stuck concept of transgenic foods
images/002877081.jpg,banana plantation on the island
images/000933316.jpg,"banana bread for one , calories for the whole thing !"
images/001397339.jpg,"a bunch of yellow bananas slowly spinning , shot on against a white background , high angle"
images/001739300.jpg,wrap the top of your bananas with plastic wrap and they 'll last longer .
images/002166309.jpg,ripe bananas painted in the heart of a dark color
images/002346693.jpg,portrait of a tortoise eating a banana
images/000900561.jpg,a woman eats a healthy breakfast of banana and yogurt with granola
images/002357904.jpg,grilled bananas are a traditional dish
images/000945034.jpg,real bananas on venture funded company
images/001747931.jpg,banana plantation on formerly rain forest covered area
images/001909386.jpg,seamless background of peeled bananas with the peel on turquoise background
images/001231451.jpg,a bunch of yellow bananas .
images/001473616.jpg,"kiwi fruit , ripe banana , sour lemon , a bunch of grapes ."
images/002585892.jpg,isolated silhouette of a banana
images/001671575.jpg,banana seamless pattern with polka dots on a gray background
images/000535785.jpg,a woman is eating a banana .
images/000211272.jpg,woman feeding the driver with a banana while driving a convertible car on country road
images/001065411.jpg,the softest banana bread you 've ever had swirled with thick ribbons of brand .
images/001630800.jpg,"banana , blueberry and pecan pancakes from a modern way to eat by person"
images/003279362.jpg,this flower looks like it should taste like bananas and strawberries !
images/000265970.jpg,bananas on sale in a market
images/001702894.jpg,the big spider with long legs on banana leaf .
images/000746445.jpg,bananas are grown all over the world
images/000474509.jpg,on my first tour i was amazed to see bananas grow upside down !
images/001804869.jpg,make ice cream with ingredient : a frozen banana !
images/002793882.jpg,bananas on sale at a rural market
images/000633345.jpg,little cute monkey eating a banana at sunset
images/002501672.jpg,monkey eating banana turned to look for a friend
images/002892283.jpg,young man eating a banana in dark studio .
images/001076991.jpg,banana seamless pattern on a pink background
images/000253123.jpg,isolated silhouette of a banana
images/000856053.jpg,vector seamless pattern with hand drawn bananas on a white background .
images/000264595.jpg,the cucumber is combined with a banana
images/000986169.jpg,hand drawn sketch style chopped banana with the peel on white background .
images/002697150.jpg,banana tree with a bunch of bananas stock photo
images/000974511.jpg,close up of a banana leaf
images/002915259.jpg,big bunch of bananas on sale in the market
images/002391926.jpg,banana plantation near the ocean
images/002430554.jpg,banana plantation under netting covers on the southern coast
images/000083708.jpg,banana tree with a bunch of bananas stock photo
images/000139935.jpg,cartoon illustration of a happy banana
images/003113811.jpg,small bananas at a fruit stand
images/000922461.jpg,a woman carries freshly harvested bananas
images/002373903.jpg,fat middle - aged man eats a banana while sitting on a bench in summer park
images/001152998.jpg,nest of wasp is under the banana leaf .
images/002305431.jpg,"the team consumed pounds of pizza , gallons of soda and more than a half ton of bananas ."
images/002998637.jpg,"watch your toes cozy up to this dark grey , banana printed pair in soft cotton ."
images/001650981.jpg,banana bread with no added sugar .
images/000724426.jpg,hand of a man with a banana
images/002752478.jpg,food served on a banana leaf
images/000328305.jpg,sliced banana on a chopping board .
images/001031641.jpg,selling bananas and other fruits at the market
images/003032299.jpg,two single and bunches of fresh banana with leaf .
images/001361387.jpg,pretty monkeys and the wreath of many bananas and coconuts
images/003125685.jpg,here 's the perfect monkey for your banana !
images/002290976.jpg,tropical bananas growing on a banana tree -- stock photo #
images/000595639.jpg,series of painted purple bananas on a yellow background
images/000564359.jpg,watercolor seamless pattern with fresh bananas and tropical leaves .
images/002295510.jpg,"this creamy vegan yogurt is made with banana , chia seeds , and almond milk ."
images/000250175.jpg,"food ... too bad , it had to be carved in a banana ."
images/001212699.jpg,a single banana isolated on a white background
images/001155305.jpg,"no time to explain , get in the banana"
images/003141140.jpg,it is no secret that bananas are healthy .
images/000239505.jpg,entrance gate to the banana plantation
images/000606976.jpg,a big bunch of raw bananas hanging of the banana tree
images/002923935.jpg,seamless pattern with image of a banana leaves .
images/001570577.jpg,these waffles are made with % whole wheat flour and mashed bananas .
images/002115324.jpg,"aerial view of plantations of wheat , sugar cane , corn and banana in the countryside"
images/001348638.jpg,illustration of the floating bananas
images/001345300.jpg,bananas hanging for sale at the supermarket
images/000405791.jpg,a young boy packs bananas into newspaper
images/001762828.jpg,large bunch of bananas on a banana tree
images/001504009.jpg,vector seamless pattern of ripe fresh yellow peeled bananas on a blue background
images/001200406.jpg,workers process freshly harvested bananas
images/000535239.jpg,the pattern of ripe yellow bananas and fresh
images/000629743.jpg,man breaks a branch of bananas
images/002213943.jpg,have you heard of nice cream ? it 's essentially frozen and pureed bananas that taste just like ice cream .
images/003057305.jpg,image titled tv genre on a banana leaf step
images/001137832.jpg,person uses the banana as her canvas for her project .
images/000170419.jpg,"i have to agree that this is the best banana bread i 've ever made , which is why i was so diligent about getting it right ."
images/000197180.jpg,a man rests in the street to eat a banana
images/000857729.jpg,add a seasonal twist to low fat banana bread by adding pumpkin to the mix
images/003161445.jpg,man carrying a bunch of bananas on his shoulder during harvest on plantation
images/000805826.jpg,guess how many bananas i can fit in my mouth !
images/000388063.jpg,fat middle - aged man eats a banana while sitting on a bench in summer park
images/000592517.jpg,"bananas - all of these are ripe , all were eaten by the next day"
images/000917859.jpg,a black and white silhouette of a banana
images/000548887.jpg,some bananas are sweeter than others .
images/001025563.jpg,bananas for sale at a street market
images/000946807.jpg,hand sticking a fork on a ripe banana
images/001629194.jpg,polynesian traditional meal served on a banana leaf
images/002232470.jpg,eating banana is a natural cure to reduce the effects of stress and anxiety .
images/001001258.jpg,bananas hanging on a wall .
images/002650000.jpg,female hand puts on a condom onto a banana .
images/001326931.jpg,"the number on a pure white background using a banana , carrot and asparagus"
images/000502377.jpg,yellow banana on a black background .
images/003093712.jpg,monkey and a banana for a couples halloween costume !
images/001231802.jpg,a banana tree is fruiting in the garden
images/002210980.jpg,banana tree with a bunch of ripe yellow bananas
images/000887884.jpg,bunch of bananas on a banana tree
images/001491039.jpg,vector seamless pattern with hand drawn bananas on a white background .
images/001218530.jpg,"sliced banana next to a bottle of fragrance , on a black background"
images/001317796.jpg,"steel cut oats cook overnight with bananas , walnuts and spices to create a healthy , make - ahead breakfast that will be waiting for you in the morning ."
images/001394756.jpg,"bananas by person , fashion illustration for newspaper"
images/002611331.jpg,i got this tiny banana for western christian holiday .
images/002082037.jpg,fried bananas and other side dishes from the restaurant
images/001531991.jpg,"spotty ripe whole banana with mashed fruit , isolated on a white background"
images/002270615.jpg,"conceptual composition , male hand holding a banana as gun , symbolically representing a caution about healthy diet"
images/000697088.jpg,man talking with a banana
images/000928027.jpg,"a heap of fruit consisting of citrus , berries and bananas ."
images/001236256.jpg,local man wrapping boiled lobster in banana leaf on the beach
images/000545401.jpg,bananas on a white background
images/000893481.jpg,seamless vector pattern of yellow bananas on a white background .
images/000055237.jpg,biological species on a banana leaf
images/002728716.jpg,butch of small bananas in a hand
images/000565754.jpg,biological subfamily enjoys a banana
images/002543529.jpg,bunch or hand of bananas isolated on a white studio background
images/002615772.jpg,bananas on and old vintage table top with modeled tan background for a rustic feel and copy space
images/003088281.jpg,the plastic martial artist splits a banana with his bare hands
images/000752276.jpg,monkeys eating bananas along the fence
images/001362771.jpg,bananas cartoons in a joyful talking .
images/002063526.jpg,"fruit , pineapple , bananas , orange juice , and a tiny taste of coconut !"
images/002208182.jpg,illustration of a banana rendered in a geometric style
images/000103815.jpg,cartoon illustration of a happy banana
images/003065978.jpg,rain clouds over the sea and banana plantation on the volcanic island
images/000809134.jpg,christmas tree made made from bananas .
images/002324945.jpg,roasted bananas - healthy and easy vegan dessert without any added sugar .
images/002392765.jpg,young girl eating a ripe banana on white background
images/000368022.jpg,"banana , blueberry and pecan pancakes from a modern way to eat by person"
images/001523615.jpg,a fish in a banana
images/000731094.jpg,if you have a couple of overripe bananas then whip these muffins up for breakfast .
images/003009873.jpg,close - up of a banana leaf
images/002441991.jpg,no more boring banana bread to use up old bananas !
images/002835098.jpg,reading bananas ? we caught up with this vendor who was reading about the latest religious news .
images/002197900.jpg,reading bananas ? we caught up with this vendor who was reading about the latest religious news .
images/002174810.jpg,sliced banana in peel on a white background
images/001301150.jpg,this banana looks like my mom 's dog
images/000941100.jpg,woman taking a banana in a grocery store with fruits and vegetables
images/001142819.jpg,the banana which grew on the tree
images/001556819.jpg,bananas are a well - known source of potassium .
images/000225461.jpg,close up view of yellow bananas on display in a supermarket
images/002236690.jpg,colorful bananas sold at the market
images/001515165.jpg,polynesian traditional meal served on a banana leaf
images/001460070.jpg,vector seamless pattern with hand drawn bananas on a pink background .
images/000013015.jpg,butch of small bananas in a hand
images/002125315.jpg,"smoothie with tropical fruits : mango , banana , orange in a glass mason jar on the old wooden background ."
images/000531119.jpg,a banana tree is fruiting in the garden
images/001561711.jpg,a close up of butterflies feeding on oranges and bananas
images/000690246.jpg,flowers and incense sticks wrapped in banana leaf on a red tray for temple offering province
images/001111829.jpg,"still life with banana , purse and change from the series"
images/002821677.jpg,type of dish with bananas : butter with a side of bread
images/003245747.jpg,buy bananas in bulk dehydrate half with whatever flavors u want .
images/001328290.jpg,~ ~ recipe banana bread takes a tropical twist with crushed pineapple and coconut .
images/003136421.jpg,little cute monkey eating banana on a wild nature background
images/003125003.jpg,what happens to your body if you eat bananas every day .
images/003089227.jpg,black and white portrait of a crowd catching and throwing bananas during festival
images/002172898.jpg,"green bananas , sliced lemon and apple falling into the water on the black background ."
images/000517373.jpg,biological species on a banana leaf
images/000830311.jpg,juices of orange and banana .
images/002056981.jpg,bananas on a cart in the street .
images/001756448.jpg,take the humble banana to a whole new level .
images/001842202.jpg,smile quotes friday long week weekend almost here humor : smile like a monkey with a new banana .
images/000214738.jpg,seamless pattern of bananas on a yellow background
images/000184265.jpg,a lot of small bananas on the tree
images/003264268.jpg,bananas as sweet as the message written upon them .
images/001913721.jpg,why did the banana go to the hospital
images/000368975.jpg,"a decadent dessert of sliced banana , caramel , cinnamon and vanilla ice cream ."
images/001443377.jpg,the monkey eats a banana .
images/002527743.jpg,hand of a man holding banana
images/002524053.jpg,biological genus are grown in the rainforest and related to bananas
images/000024367.jpg,bananas being removed from a boat
images/003184915.jpg,a cute young monkey with bananas .
images/003213381.jpg,dolphin made from a banana
images/002144045.jpg,"a pile of old bananas , isolated on white background"
images/000339107.jpg,bananas and watermelons at a fruit market
images/002776690.jpg,diary of a ladybird : classic banana bread
images/000386442.jpg,a single banana against a white background
images/002658885.jpg,"moist , spiced banana bread filled with chocolate chips , no mixer needed ."
images/002765967.jpg,a healthy banana bread that is refined sugar free and made with whole wheat .
images/001420732.jpg,the first harvest of bananas .
images/002773187.jpg,a bunch of bananas with browning skin on a white background
images/001254759.jpg,man carrying a cardboard box labelled bananas in a street market .
images/003137166.jpg,bunch of bananas hanging from a banana tree
images/000960634.jpg,a man rides a bicycle past a truck carrying a load of bananas
images/002382849.jpg,banana on the white background
images/001882347.jpg,this is bananas mug made
images/001241154.jpg,eating bananas on the beach
images/000220883.jpg,the price of bananas saw the biggest increase in february
images/002310844.jpg,feed the elephant a banana as they visit zoo .
images/001101537.jpg,bananas in a rustic basket
images/002453775.jpg,overripe bananas with large brown spots on a white background
images/001300955.jpg,men carrying bananas from a truck
images/002566033.jpg,a monkey with the top of his head comprised of bananas .
images/002881853.jpg,a family wades through flood waters on a boat made out of a banana tree
images/002349639.jpg,seamless pattern with bananas on a black background royalty free stock illustrations
images/000747695.jpg,"holding a peeled banana on black background , slow motion"
images/001194821.jpg,scale the end of the banana so that it 's more a square than a rectangle .
images/001797540.jpg,monkeys eating bananas along the fence
images/000339183.jpg,bananas in a glass bowl are seen
images/000097273.jpg,joyful little girl rejoices to a banana
images/001762497.jpg,cheesecake stuffed banana bread ... it 's a classic treat turned on it 's head .
images/000780730.jpg,a man carries a bunch of bananas to market on his shoulder
images/002732670.jpg,pattern of ripe bananas on a green background
images/000093879.jpg,"person , portrait of printmaking artist as a banana"
images/000616088.jpg,detail on a banana leaf with sun in background
images/000943494.jpg,ripe bananas at the street market
images/001025063.jpg,a man sells bananas in a small village ...
images/000869021.jpg,sliced banana on the white background vertical royalty - free
images/002377912.jpg,exotic pattern with tropical leaves banana on a black background
images/001983646.jpg,bananas are taken from a table
images/002923617.jpg,woman cutting leaf from a banana tree
images/001574956.jpg,"men selling bananas , grapes and at the side of the road"
images/000776957.jpg,"say goodbye to dry , hard to swallow chunks of banana bread ."
images/003038991.jpg,cartoon illustration of a banana with a happy face
images/001537588.jpg,child 's hand taking organic banana from black and white stripes background .
images/002981944.jpg,have you heard of nice cream ? it 's essentially frozen and pureed bananas that taste just like ice cream .
images/001604694.jpg,the price of bananas saw the biggest increase in february
images/002370475.jpg,"aerial view of dirt road between the plantations of maize , sugar cane and bananas"
images/001258482.jpg,vegetarian food served in a banana leaf
images/001310080.jpg,cuisine served on a banana leaf
images/002081383.jpg,big bunch of bananas growing on a plantation
images/002637473.jpg,yellow ripe bananas on a palm tree
images/002930925.jpg,bananas of all shapes and sizes are sold in the market
images/002281552.jpg,how to whiten your teeth with a banana - tried this and it works !
images/00002411.jpg,"teams , and the inflatable banana , which got a penalty at some point ."
images/001140324.jpg,drawing of a peeled banana
images/002977207.jpg,ice cream with whipped cream and a cherry in banana
images/002505233.jpg,all day banana bread with granola and maple topping
images/000788072.jpg,cartoon vector of monkey with banana hanging from tree branch .
images/002448763.jpg,"close - up of a young orangutan eating a banana , animal , isolated on white"
images/001744688.jpg,the pattern of ripe yellow bananas and fresh
images/002731853.jpg,close - up of a hand of bananas
images/001811316.jpg,banana tree with a bunch of bananas
images/001088633.jpg,a silhouette of yellow bananas as an ornament framed into a circle
images/001483043.jpg,cute little girl in pajamas eating banana on the bed at the morning
images/003195460.jpg,girl selling bananas to passengers on a bus
images/001291674.jpg,mayonnaise and bananas are the only things you 'll need to make this sandwich on classic white bread .
images/000395081.jpg,"red , yellow and green bananas hanging for sale at a market"
images/000147281.jpg,person uses the banana as her canvas for her project .
images/000214213.jpg,couple with baby selling bananas at the roadside
images/001914839.jpg,bunch of bananas hanging from a banana tree
images/000743825.jpg,vector seamless pattern with hand drawn bananas on a white background .
images/001018772.jpg,watercolor seamless pattern with fresh bananas and tropical leaves .
images/001887770.jpg,a butterfly feeding on a rotting banana
images/000304139.jpg,isolated banana on a white background
images/002089629.jpg,man carrying a bunch of bananas on his shoulder during harvest on plantation
images/001391536.jpg,woman carrying bananas on her head outside a temple
images/002503686.jpg,aloe vera plants in pots with banana tree in the background
images/003089355.jpg,in the jungle ... there might be bananas ...
images/002429085.jpg,a truck drives along a banana plantation
images/001697697.jpg,"this guy needs a scale for bananas , the car is overloaded !"
images/002583645.jpg,yellow bananas on an orange background seamless pattern .
images/001524842.jpg,woman selling bananas in the streets
images/001772027.jpg,"there are numerous benefits in banana , which help rejuvenate tired skin and soften rough skin ."
images/000518789.jpg,a bunch of bananas minus two by person
images/001485278.jpg,a stack of healthy unripe fresh bananas for sale at a rural market
images/000235248.jpg,"cigarettes in a banana , smoker , bad teeth -- stock photo #"
images/003281152.jpg,avoid exposing bananas to the air
images/000275231.jpg,a bunch of bananas on the tree .
images/001274308.jpg,freshly sliced bananas on a white background clipping path
images/002016554.jpg,"teams , and the inflatable banana , which got a penalty at some point ."
images/002360130.jpg,a worker carries a big branch of bananas on his shoulder at a banana plantation
images/001171577.jpg,isolated vintage banana on a white background
images/002573315.jpg,find out if eating bananas can really help you lose weight .
images/002048004.jpg,banana tree with a bunch of bananas
images/003186882.jpg,man holding a banana in front of his mouth
images/002206036.jpg,man carrying a bunch of bananas on his shoulder during harvest on plantation
images/002909191.jpg,the softest banana bread you 've ever had swirled with thick ribbons of brand .
images/000016743.jpg,bananas in a female hand
images/003132835.jpg,"bananas : person is proud of his car which spent to make and cost $25,000"
images/002400857.jpg,painting of a banana tree
images/000872056.jpg,banana flat icon with long shadow .
images/000319313.jpg,"passion fruit lifts the sweet combination of banana , meringue and caramel in this crowd - pleasing dessert recipe ."
images/001296828.jpg,banana plantation blown over in a storm .
images/000251850.jpg,horse and cart passes a banana plantation
images/000393929.jpg,"bananas , fresh off the tree ."
images/002005196.jpg,detail of ripe yellow bananas with black marks on the skin
images/001359207.jpg,vector hand - drawn banana on a white background .
images/001500381.jpg,yellow bananas on a white vector art illustration
images/002429753.jpg,a woman eats a healthy breakfast of banana and yogurt with granola
images/003032387.jpg,"bananas by person , fashion illustration for newspaper"
images/000287632.jpg,fans with a flag and inflatable banana
images/002379835.jpg,frozen bananas into the food processor
images/002417612.jpg,"passion fruit lifts the sweet combination of banana , meringue and caramel in this crowd - pleasing dessert recipe ."
images/001308776.jpg,spinach wrapped in a banana leaf
images/000335102.jpg,person found in the bunch of bananas
images/001959248.jpg,"watch your toes cozy up to this dark grey , banana printed pair in soft cotton ."
images/002079153.jpg,type of dish with bananas : butter with a side of bread
images/002319768.jpg,when the dog looks like your slice of banana .
images/001079384.jpg,food served on a banana leaf .
images/000390247.jpg,"a wild banana tree , with bananas"
images/003013774.jpg,looks like this banana tree has more bananas on it then my last visit .
images/001999916.jpg,bunch of banana on the tree
images/000478243.jpg,"monarch points to a banana held by noble person , as person , seeks"
images/000541544.jpg,a banana floating in the air in a studio shot
images/000326409.jpg,no more boring banana bread to use up old bananas !
images/003057006.jpg,portrait of a smart serious young man eating banana
images/000351788.jpg,person was impressed with this banana tree along the way .
images/002524051.jpg,banana for a hygienic breakfast
images/003211474.jpg,"the boy who became a test player : grew up on his parents , person and banana farm"
images/000202370.jpg,ice cream with whipped cream and a cherry in banana
images/000410870.jpg,single over ripe rotting banana isolated on white background .
images/001065695.jpg,eating bananas to reduce the effects of stress
images/002610331.jpg,a tiny bat eats a banana .
images/000955808.jpg,cute little girl in pajamas eating banana on the bed at the morning
images/003168690.jpg,small bananas at a fruit stand
images/000761904.jpg,bananas on a rustic table
images/000068934.jpg,dozens of bananas are stacked at a market
images/000318165.jpg,vector seamless pattern with banana on a white background .
images/000144397.jpg,hand drown vector pattern of yellow bananas on a colored background .
images/000289743.jpg,banana in a condom isolated on white stock photo
images/001700437.jpg,plate it on a banana leaf garnished with prawns and mint leaves
images/001573484.jpg,entrance gate to the banana plantation
images/000398671.jpg,bananas painting with watercolor then designed on a white background .
images/001948387.jpg,large photo of a lemon on top of bananas framed in raw timber on white wall above sofa
images/002188552.jpg,fans with a flag and inflatable banana
images/000582141.jpg,women carrying bananas to a wharf for shipping to market 1800s
images/000199005.jpg,different types of rice in wooden plates on the banana leaf prepared for cooking
images/003238067.jpg,local man carrying a bunch of bananas on his head
images/002228732.jpg,feed the elephant a banana as they visit zoo .
images/001095035.jpg,"grapes , bananas and pomegranate for sale at a market"
images/001054464.jpg,portrait of a smart serious young man eating banana
images/001994429.jpg,"group of fruits like an apple , bananas , orange and pear with happy faces"
images/003028894.jpg,banana leaf on banana tree in the orchard
images/001835239.jpg,banana in hand like a gun on white background
images/001566578.jpg,small bananas at a fruit stand
images/001525798.jpg,a lot of monkeys eat bananas in venture funded company
images/002443457.jpg,vector seamless pattern with hand drawn bananas on a white background .
images/002877303.jpg,how to quickly ripen bananas in the microwave
images/000809345.jpg,a bunch of bananas on a white background .
images/000061645.jpg,person stands amongst the remains of his banana plantation .
images/002300641.jpg,banana tree with a bunch of bananas #
images/000307921.jpg,stack of unripe bananas on a market stall
images/000946985.jpg,open banana isolated on a white background
images/001531430.jpg,"bananas are loaded , boats on the river"
images/002177589.jpg,the banana which grew on the tree
images/001267163.jpg,cost of living bananas were really this expensive !
images/001547147.jpg,a single banana against a white background
images/002873468.jpg,a bunch of bananas on the tree
images/001708510.jpg,bananas on a white background
images/000472060.jpg,food served in a banana leaf
images/002863075.jpg,recipe for banana fosters sticky buns - sticky buns with a twist .
images/000079800.jpg,speak no evil monkey with a mouth stuffed with bananas
images/001848234.jpg,portrait of a cute little baby eating banana and sitting in a shopping cart while her mother is taking out products from the cart and putting them on conveyor belt at the supermarket
images/002920190.jpg,mini bananas in the courtyard of the village house
images/001059296.jpg,shadow of the banana tree in the water
images/001280504.jpg,overripe bananas with large brown spots on a white background
images/001098247.jpg,these blue bags are designed to protect fresh bananas from pests and adverse weather conditions
images/002945952.jpg,colored chalk drawn illustration of banana and strawberry smoothie in a bottle with ingredients .
images/001756194.jpg,gluten - free pear & banana loaf a dash of compassion
images/000878957.jpg,banana plantation blown over in a storm .
images/000830267.jpg,the variety of different bananas i picked up .
images/001649964.jpg,cast bronze bananas with a realistic yet whimsical patina .
images/000778997.jpg,when the dog looks like your slice of banana .
images/002758667.jpg,hand drown vector pattern of yellow bananas on a colored background .
images/001882196.jpg,meal on a banana leaf
images/001039606.jpg,no bananas in the sky
images/000637575.jpg,bananas on sale for cents each in the section
images/000829254.jpg,cricket player has a banana during the third day of the third cricket test match
images/002107694.jpg,set of bananas with the word handmade .
images/002556557.jpg,a banana plantation grows adjacent to dense tropical rainforest
images/002229774.jpg,portrait of a monkey eating a banana
images/002235731.jpg,red - eyed tree frog hanging out of a fresh banana leaf
images/000007866.jpg,girl placing strawberries and bananas into a blender
images/001327708.jpg,bananas for sale on a stall
images/003282285.jpg,monkeys eating bananas along the fence
images/000050069.jpg,the condom is dressed on a banana .
images/002987255.jpg,photo of a banana tree
images/000244528.jpg,a banana plantation lies in ruin near the northern town .
images/000627364.jpg,"watercolor set with juicy with bananas , pineapple and coconut ."
images/000830902.jpg,detail on a banana leaf with sun in background
images/00009761.jpg,a banana is a nutritious source of fast - acting carbs .
images/000203416.jpg,black and white portrait of a crowd catching and throwing bananas during festival
images/000811100.jpg,"the bananas were put on the table , old wooden floors ."
images/000277466.jpg,chalk drawn illustration of banana and strawberry smoothie in a bottle with ingredients .
images/002179459.jpg,very high quality original trendy vector seamless pattern with a banana and apple
images/000243152.jpg,seamless vector pattern of yellow bananas on a light gray background .
images/002711425.jpg,close up of a backlit banana leaf
images/000964131.jpg,"if you love banana bread and peanut butter cookies , these treats have your number ."
images/002242238.jpg,yellow banana in a female hand with a manicure
images/001084989.jpg,"powerpoint template displaying open lunch box with food in it , and a banana and drink beside it"
images/000705890.jpg,woman carrying bananas on her head outside a temple
images/002840117.jpg,person of bananas rotates on a black background
images/000844005.jpg,banana with a syringe stuck concept of transgenic foods
images/002674466.jpg,a hole peeled banana lying next to its peel
images/000179662.jpg,yellow banana on a blue background .
images/000241992.jpg,horse and cart passes a banana plantation
images/000608359.jpg,"a fresh , free floating , partially peeled banana against a blue background"
images/002815934.jpg,vector seamless pattern with banana on a white background .
images/000248193.jpg,leaves of a banana tree against blue sky
images/002866884.jpg,close up view of yellow bananas on display in a supermarket
images/002566260.jpg,bananas growing on a tree
images/000382523.jpg,a lot of small bananas on the tree
images/000034032.jpg,a bunch of bananas on a white background #
images/001201847.jpg,vector illustration of half peeled banana .
images/002401925.jpg,cute baby monkey with banana isolated on a white background
images/003095344.jpg,a woman carries freshly harvested bananas on her head
images/003221880.jpg,man working in a banana plantation
images/000396306.jpg,bananas cut out on a white background
images/001073121.jpg,colored chalk drawn illustration of banana and strawberry smoothie in a bottle with ingredients .
images/002159837.jpg,coffee + homemade banana bread at this rustic cafe .
images/000180062.jpg,people selling bananas in a market .
images/002832486.jpg,my friend made a clay sans figurine and tied it to a banana .
images/001675421.jpg,a woman carries freshly harvested bananas
images/001172406.jpg,the skin of a ripe eaten banana
images/002659977.jpg,wrap the top of your bananas with plastic wrap and they 'll last longer .
images/000691156.jpg,"mini gluten free , dairy free banana oat muffins stacked on top of each other ."
images/002281878.jpg,person spotted bananas that are just right for baking isolated on white
images/000808010.jpg,bananas displayed in a food market
images/001227014.jpg,a fan threw a banana at football player with the international forced to kick it off the pitch .
images/003269127.jpg,pineapple - banana - orange smoothie with a side of strawberries
images/000851735.jpg,bananas for sale at a street market
images/002777728.jpg,banana leaf in the wind
images/001073200.jpg,dolphin made from a banana
images/002582545.jpg,little monkey with a banana
images/001887330.jpg,banana bread in all forms and flavours
images/001312203.jpg,series of painted purple bananas on a yellow background
images/002365589.jpg,remember to freeze your bananas ahead of time for the best cocktail .
images/002833726.jpg,banana - split pancakes - this whole stack for calories !
images/002596886.jpg,colored chalk drawn illustration of banana and strawberry smoothie in a bottle with ingredients .
images/00014791.jpg,decorated the house with lots of bananas
images/001223755.jpg,breakfast of banana bread and scrambled eggs on a white plate
images/000376038.jpg,a bunch of ripe yellow bananas on a white backlit background
images/000054663.jpg,fresh ripe and sweet bananas isolated on a white background with logo .
images/001559513.jpg,bananas growing on a tree
images/000374673.jpg,feed the elephant a banana as they visit zoo .
images/000763946.jpg,human language with a traditional basket fully loaded with bananas
images/002398937.jpg,hand of bananas with a juice
images/002979092.jpg,hand sticking a fork on a ripe banana
images/000700664.jpg,snack : fruit in sticky rice cooked in a banana leaf .
images/000461169.jpg,seamless pattern with image of a banana leaves .
images/002418844.jpg,how to whiten your teeth with a banana - tried this and it works !
images/001006099.jpg,fresh bananas at a market
images/001652331.jpg,bananas grow on a stalk as a trio of men prepare to harvest in the 1950s .
images/002944805.jpg,"these cookies are soft , full of chocolate and have a hint of banana to them ."
images/001854265.jpg,monkey suited person in a tree eating a banana .
images/001510853.jpg,sweet bananas on the yellow background
images/002813739.jpg,man carrying a bunch of bananas on his shoulder during harvest on plantation
images/001111293.jpg,"monkey and banana ~ by the decorated cookie , yellow"
images/002900779.jpg,breakfast of scrambled eggs with slices of banana bread on a white plate
images/003240791.jpg,bananas on the girl s legs .
images/000411525.jpg,"a young girl holds up a banana to her mouth , imitating a smile"
images/002835608.jpg,funny bananas at a birthday party !
images/000606960.jpg,a picture of a radioactive banana
images/002092148.jpg,bananas in a female hand
images/001370793.jpg,"pink banana on a yellow background , 3d illustration"
images/001935527.jpg,woman selling bananas from a cart
images/001263252.jpg,biological species sitting on a banana leaf
images/000300182.jpg,bananas grow on a stalk as a trio of men prepare to harvest in the 1950s .
images/000260441.jpg,"banana tree on the backyard , big and green banana"
images/003237646.jpg,bananas on sale at a street market
images/000898452.jpg,banana tree with a bunch of ripe yellow bananas
images/002953130.jpg,tourists wait to be served banana - flavoured treats .
images/000003927.jpg,a bunch of bananas on a white background
images/001510255.jpg,vector pattern of yellow bananas on a blue background .
images/001372659.jpg,"monarch points to a banana held by noble person , as person , seeks"
images/002539187.jpg,view of man moving hanging juicy bananas at the local market
images/001941744.jpg,banana seamless pattern in flat style .
images/001710519.jpg,brown monkey on palm tree eating a banana
images/002278927.jpg,sliding to fresh banana in the kitchen ready to be eat .
images/000791813.jpg,portrait of a tortoise eating a banana
images/001768004.jpg,sliced banana bread on a wooden cutting board
images/002472335.jpg,"our triple decker paisley shaped cake in chocolate , banana , and peanut butter !"
images/000520878.jpg,if you have a couple of overripe bananas then whip these muffins up for breakfast .
images/000581749.jpg,they 'll go bananas for this one
images/000680284.jpg,"the waffles are stuffed with ice cream , strawberries and banana ."
images/000904389.jpg,ants attack cicada shadow on banana leaf in the tropical sun
images/001313917.jpg,"biggest hands in the world , banana for scale"
images/002461496.jpg,bananas of different stages of ripening on a wooden surface .
images/000958612.jpg,cute and funky bananas seamless pattern on the dark background .
images/003138669.jpg,a bunch of bananas minus two by person
images/000728880.jpg,"monkey is sitting and peeling a banana , prepare for eating"
images/002446857.jpg,bananas being sold on a fruit and veg stall on market
images/002459740.jpg,a family wades through flood waters on a boat made out of a banana tree
images/003102812.jpg,this is no ordinary banana bread !
images/003209557.jpg,isolated bananas on a white background
images/001487532.jpg,bunch of organic bananas sitting on a kitchen table
images/000012560.jpg,gluten - free pear & banana loaf a dash of compassion
images/002029690.jpg,bunch of bananas isolated on white background .
images/000230453.jpg,eating bananas on the beach
images/003253936.jpg,detail on a banana leaf with sun in background
images/002872865.jpg,set of colored and hand drawn bananas on the white background .
images/002883200.jpg,"porridge , oats , milk and banana on the table"
images/000608256.jpg,what are the side effects of bananas
images/000762480.jpg,a spin on the classic - super moist banana bread studded with chocolate chips !
images/001155080.jpg,drawing of a peeled banana
images/001688376.jpg,girl in gold dress holds in the rivers golden bananas
images/000439726.jpg,bunch of bananas hanging from a banana tree
images/002679528.jpg,portrait of boy holding a banana
images/000895793.jpg,cute pattern with monkey in a hat and bananas vector art illustration
images/000329566.jpg,seamless pattern with yellow bananas isolated on the blue background .
images/002133508.jpg,ripe yellow bananas in a brown weaved basket
images/002588340.jpg,you will want to steal this apple - peach - banana baby food after you make it for your little one !
images/001477565.jpg,"the waffles are stuffed with ice cream , strawberries and banana ."
images/003131363.jpg,a girl eating a banana isolated on white
images/002096724.jpg,bunch of bananas hanging from a banana tree
images/000278027.jpg,"close - up , a cocktail of milk , banana and ice cream"
images/000992336.jpg,bananas on a wooden plate
images/000898484.jpg,my friend made a clay sans figurine and tied it to a banana .
images/003317812.jpg,man talking with a banana
images/001568672.jpg,"banana , blueberry and pecan pancakes from a modern way to eat by person"
images/002605663.jpg,"group of fruits like an apple , bananas , orange and pear with happy faces"
images/001867477.jpg,yellow ripe bananas on a palm tree
images/001563375.jpg,bananas on the grill with brand
images/001803306.jpg,banana isolated on the white background .
images/001754387.jpg,isolated outline of a banana
images/001711927.jpg,"both halves of the mold , on the kitchen counter next to a banana ."
images/002690541.jpg,big bunch of bananas on sale in the market
images/000599569.jpg,"holding a peeled banana on black background , slow motion"
images/003195693.jpg,a bunch of bananas on a white background
images/002256968.jpg,chef putting sliced banana into the plate
images/002403495.jpg,sweet bananas on the yellow background
images/002093271.jpg,illustration of monkeys with banana inside the fence
images/00006276.jpg,men carrying bananas from a truck
images/000879560.jpg,the back patio and banana garden at the house .
images/001171936.jpg,banana leaf on a white background .
images/001045796.jpg,bananas growing on a tree
images/000713122.jpg,man carrying a bunch of bananas on his shoulder during harvest on plantation
images/002413652.jpg,ripe juicy fresh tropical yellow bananas on a background of palm leaf
images/001192796.jpg,~ ~ recipe banana bread takes a tropical twist with crushed pineapple and coconut .
images/000691722.jpg,painting of a banana tree
images/000274097.jpg,funny sleeping bananas on a plate stock vector
images/001564858.jpg,what to do with bananas that are green
images/001277719.jpg,slices of fresh banana bread on a plate
images/001643572.jpg,yellow bananas ripe isolated on a white background
images/002252063.jpg,wrap the top of your bananas with plastic wrap and they 'll last longer .
images/001597285.jpg,"the potato was the main crop of the people , along with cocoa and bananas ."
images/001802990.jpg,the composition of banana and cherries
images/003165227.jpg,german dish is a tasty cake that 's a little bit banana bread and a little bit coffee cake .
images/000934278.jpg,slices of fresh banana being fried and turned over in a pan with a spatula
images/002471350.jpg,"orange juice pouring in to a glass with apples , oranges and a banana"
images/000400215.jpg,bunch of bananas on a banana tree
images/002951171.jpg,"a young girl holds up a banana to her mouth , imitating a smile"
images/000543043.jpg,horse and cart passes a banana plantation
images/001027529.jpg,bunch of bananas hanging from a banana tree
images/000637070.jpg,woman with yellow bananas in the street market
images/001763740.jpg,"red , yellow and green bananas hanging for sale at a market"
images/000557059.jpg,"nut free banana bread that 's full of chia seeds , fiber and flavor for a healthy snack !"
images/002743567.jpg,vector seamless pattern with hand drawn bananas on a blue background .
images/002349946.jpg,hand drawing bananas : fruit and leaves on a white background
images/001964482.jpg,because there 's a first time for everything -- including pairing chia seeds with bourbon - soaked bananas .
images/002507163.jpg,traditional south meal on a banana leaf .
images/002129019.jpg,bunch of bananas hanging from a banana tree
images/000021768.jpg,award winner plays with a banana in her purple dress
images/002627542.jpg,banana tree leaves in the jungle over a blue sky
images/001455421.jpg,a monkey eating a banana
images/001847995.jpg,banana bread with no added sugar .
images/003222923.jpg,we had several people count how many bananas we ended up with .
images/002970266.jpg,woman selling bananas from a cart
images/000055671.jpg,seamless pattern with image of a banana leaves .
images/002600662.jpg,"a pineapple , a banana and silk almond milk on a kitchen counter"
images/000663155.jpg,bananas hanging for sale at the supermarket
images/001734018.jpg,iguanas in the sand eating a banana .
images/000711668.jpg,sushi rolls with smoked eel and banana on a wooden board
images/003024860.jpg,card with fresh bananas and pineapple on a striped background in a rounded rectangle .
images/001867846.jpg,a man buys bananas in a supermarket
images/000349924.jpg,make a bunch of fake bananas and slightly stale bread .
images/003133374.jpg,"do you eat food on banana leaf ? if not , read these amazing benefits !"
images/001093909.jpg,close - up of a partly peeled banana
images/000917620.jpg,close - up of spices on a banana leaf
images/000561564.jpg,rule of the day : never make eye contact while eating a banana .
images/002738026.jpg,what to do with bananas that are brown
images/002951264.jpg,bananas are just one of a huge number of foods that originated in the rainforest .
images/001439028.jpg,sushi rolls with smoked eel and banana on a wooden board
images/002468847.jpg,butterfly cover banana leaf on the natural background
images/002307372.jpg,seamless vector pattern of yellow bananas on a pink background vector art illustration
images/001797154.jpg,skinny cupcakes with toasted cream cheese frosting -- a mix between banana bread and carrot cake !
images/001975699.jpg,businessman eating banana in the office
images/001777327.jpg,cartoon vector of monkey with banana hanging from tree branch .
images/000613725.jpg,"fruit basket with a pineapple , apples , bananas and strawberries on a wooden table"
images/002228443.jpg,red - eyed tree frog hanging out of a fresh banana leaf
images/002752117.jpg,illustration of a banana rendered in a geometric style
images/000090515.jpg,female hand pours a smoothie of banana and spinach
images/002500992.jpg,eating bananas to reduce the effects of stress
images/002532129.jpg,"a bunch of yellow bananas slowly spinning , shot on against a white background , high angle"
images/001429917.jpg,"a wild banana tree , with bananas"
images/001131426.jpg,add a seasonal twist to low fat banana bread by adding pumpkin to the mix
images/002946425.jpg,note to self : buy bananas like a week beforehand
images/001008168.jpg,a large bunch of organic bananas on a banana tree
images/003171089.jpg,an animal on a banana leaf
images/003103977.jpg,banana tree with fruit in a greenhouse
images/000121412.jpg,rotting banana on a white background
images/000591576.jpg,no more boring banana bread to use up old bananas !
images/000158147.jpg,"red , yellow and green bananas hanging for sale at a market"
images/003151599.jpg,bananas are grown all over the world
images/000156861.jpg,a partially peeled banana in the shape of the letter n
images/002174005.jpg,"bananas , oranges and cauliflower for sale at a market"
images/000657476.jpg,banana tree under the sun
images/001089221.jpg,icon of a banana on a white background
images/001540918.jpg,banana isolated on the white background
images/003237156.jpg,food with a pear on banana .
images/000743580.jpg,"a glass and a bottle of milk , apple , bananas and yellow towel"
images/000281715.jpg,vector seamless pattern of ripe fresh yellow peeled bananas on a blue background
images/001654407.jpg,"no time to explain , get in the banana"
images/002884145.jpg,a close up of butterflies feeding on oranges and bananas
images/000947681.jpg,hand sticking a fork on a ripe banana
images/000798651.jpg,big bunch of bananas on sale in the market
images/000248362.jpg,a tropical opossum eating an egg in a banana tree !
images/000155148.jpg,a banana plantation lies in ruin near the northern town .
images/002700428.jpg,illustration of a monkey holding a banana
images/000714070.jpg,type of dish with bananas : butter with a side of bread
images/002702781.jpg,how to quickly ripen bananas in the microwave
images/002594168.jpg,cute little girl in pajamas eating banana on the bed at the morning
images/000320897.jpg,hand drawn seamless pattern with ripe yellow bananas on the white background in vector
images/001699611.jpg,a bunch of bananas on a white background
images/000523714.jpg,bananas placing together in a container ready for sale
images/000500326.jpg,painting of a banana tree
images/000575432.jpg,changed the appearance of a banana
images/001503124.jpg,breakfast of scrambled eggs with slices of banana bread on a white plate
images/000773323.jpg,banana seamless pattern on the blue background .
images/000385881.jpg,cheerful baby is eating a banana .
images/003024281.jpg,highway passed between banana plantation
images/001113868.jpg,cocoon : the bananas were infested with dozens of deadly spiders hatching from eggs
images/001449190.jpg,half eaten banana against a white background
images/001511575.jpg,a young man is hiding his face behind a bunch of bananas
images/000716372.jpg,funny gorilla with a banana royalty free stock vectors
images/000896885.jpg,bananas should not be kept in the fridge !
images/002665530.jpg,"drizzle a little or drizzle a lot , banana bread is breakfast acceptable even when doused in chocolate ."
images/001298309.jpg,german dish is a tasty cake that 's a little bit banana bread and a little bit coffee cake .
images/000451879.jpg,bananas painting with watercolor then designed on a white background .
images/001622222.jpg,"banana , blueberry and pecan pancakes from a modern way to eat by person"
images/000579200.jpg,cluster of small bananas on a white background
images/000753598.jpg,man holding a banana in front of his mouth
images/001366952.jpg,bananas being sold on a fruit and veg stall on market
images/000483639.jpg,a banana unlike any other .
images/002863669.jpg,bananas at different stages of ripening on a wooden surface
images/002666214.jpg,banana plantation near the ocean -- stock photo #
images/001385121.jpg,a woman selling bananas in a market
images/001469903.jpg,banana plantation partly under netting covers on the southern coast
images/001673606.jpg,local man wrapping boiled lobster in banana leaf on the beach
images/001105462.jpg,big bunch of bananas growing on a plantation
images/001957301.jpg,"red , yellow and green bananas hanging for sale at a market"
images/001130545.jpg,roasted bananas - healthy and easy vegan dessert without any added sugar .
images/000767983.jpg,isolated outline of a banana
images/001274426.jpg,three - toed sloth hanging from a banana tree
images/001639012.jpg,the chimpanzees of use sticks to fish for bananas on a clothesline and apples in the water
images/001762542.jpg,scale the end of the banana so that it 's more a square than a rectangle .
images/001438895.jpg,bunch of bananas in the exhibition of agricultural farmers annual
images/001081321.jpg,make a sweet treat with chocolate and bananas .
images/000437410.jpg,vector hand drawn isolated banana with the inscription .
images/001443052.jpg,a very small dog - banana for scale and pillow
images/000654577.jpg,a woman and man pointing at bananas in the store
images/000872739.jpg,cute little girl in pajamas eating banana on the bed at the morning
images/001148645.jpg,man working in a banana plantation
images/003004514.jpg,"tree of the day : sweet , green banana tree !"
images/003302916.jpg,young shoot of a banana tree .
images/000293882.jpg,vector illustration of a smiling girl giving peeled banana to monkey
images/000740497.jpg,these buildings are made of bamboo and banana plants .
images/000784729.jpg,bananas in his hand on a wall background
images/002421615.jpg,close - up of a banana leaf
images/002414550.jpg,members of a pose near their banana plantation
images/000435217.jpg,a toddler eating a healthy breakfast of banana and granola cereal at the kitchen table in the home
images/001786714.jpg,a bunch of bananas hangs from a tree .
images/002880874.jpg,close - up of spices on a banana leaf
images/000212278.jpg,vector seamless pattern with banana on the white background
images/002035652.jpg,monkey and a banana for a couples halloween costume !
images/001331006.jpg,bananas for sale at a street market
images/001585604.jpg,banana plantation this forest like plantation of densely planted bananas is
images/001537957.jpg,an elderly man checking bananas on a fruit stall at markets
images/000693739.jpg,a silhouette of yellow bananas as an ornament framed into a circle
images/002842434.jpg,"a healthy breakfast of banana , walnuts and yogurt with honey"
images/000151050.jpg,a man carrying a basket of bananas on his head in the market
images/000527602.jpg,a cart full of bananas for sale in a street
images/000899013.jpg,several stalks of bananas and a half - peeled banana
images/002259892.jpg,seamless vector pattern of yellow bananas on a blue background .
images/001878365.jpg,vector seamless pattern of ripe fresh yellow peeled bananas on a blue background
images/000977727.jpg,oranges and bananas you eat both of them .
images/001169683.jpg,isolated outline of a group of bananas
images/001552507.jpg,portrait of a cute young boy and girl with same clothes sitting on a park and eating banana
images/002493645.jpg,bunch of bananas hanging from a banana tree
images/002657133.jpg,"you probably already have the ingredients on hand for this peanut butter , banana , and apple smoothie ."
images/000084313.jpg,a large bunch of organic bananas on a banana tree
images/001977187.jpg,you 'll never feel guilty for trashing a browning banana again .
images/000160848.jpg,bananas are taken from a table
images/003174626.jpg,bunch of unripe bananas on the tree
images/001753218.jpg,banana and orange with a syringe stuck concept of transgenic foods
images/003088876.jpg,peeling the skin from a banana .
images/001972993.jpg,bunch of bananas in the exhibition of agricultural farmers annual
images/000695164.jpg,a frozen banana just east
images/001694524.jpg,bananas and other fruit trees from a sketch published
images/000968846.jpg,the chimpanzees of use sticks to fish for bananas on a clothesline and apples in the water
images/000296899.jpg,# funny # smile on a banana .
images/000837894.jpg,silhouette of a young banana tree with a flower and fruits in the vector image on a white background
images/001834914.jpg,recipe for food - a few interesting ingredients take this banana bread to a tropical place from which you will not want to return .
images/003177324.jpg,"a plate of fresh whole and cut fruit including melons , bananas , blackberries and apples"
images/000188472.jpg,traditional south meal on a banana leaf .
images/002492319.jpg,meal served on a banana leaf
images/002404028.jpg,a snowman with a banana for a mouth in the garden after the first snowfall
images/002777714.jpg,banana for a hygienic breakfast
images/002873304.jpg,labourers packing fresh bananas into wooden boxes for delivery to markets at the fruit market .
images/001994159.jpg,chopped banana on a cutting board
images/000856189.jpg,person found in the bunch of bananas
images/001225874.jpg,sweet bananas on the yellow background
images/001722771.jpg,a cute monkey swinging from vines with a banana in his hand
images/001354238.jpg,man walking past fresh bananas on sale
images/000136011.jpg,"a cartoon of a yellow , peeled banana ."
images/002851658.jpg,raw banana rotating on the white table with white seamless background
images/001199065.jpg,"this combination may sound a little strange , but i have always put banana in my carrot cake to give a moist sponge"
images/001960427.jpg,woman taking a banana in a grocery store with fruits and vegetables
images/003221547.jpg,bunch of bananas on a banana plantation
images/000987400.jpg,wrap the top of your bananas with plastic wrap and they 'll last longer .
images/001210262.jpg,horse and cart passes a banana plantation
images/000989238.jpg,"food , a basic curry served on a banana leaf"
images/001628411.jpg,the big spider with long legs on banana leaf .
images/001566251.jpg,banana with condom on the old wooden background .
images/001139749.jpg,person will get through a staggering bananas in a typical week
images/002547591.jpg,you and your guests will go bananas for this frozen dessert !
images/000529756.jpg,pancakes with banana and honey on a white background
images/000828344.jpg,the sad fate of a forgotten banana in our apartment
images/002618530.jpg,a man sells bananas in a small village ...
images/003109107.jpg,you 'll never feel guilty for trashing a browning banana again .
images/000194789.jpg,real bananas on venture funded company
images/001603791.jpg,a worker in a banana plantation
images/001415857.jpg,pretty woman buys bananas in a supermarket
images/001618363.jpg,butterflies feasting on a banana
images/000441409.jpg,hand drawn sketch style chopped banana with the peel on white background .
images/000434870.jpg,cute banana with peel and slices .
images/002394853.jpg,seamless pattern with image of a banana leaves .
images/000607337.jpg,delicious bananas in super slow motion being soaked against a black background
images/000867396.jpg,cuisine served on a banana leaf
images/001611267.jpg,"a caucasian adult woman in her thirties , eating a banana while waking up in her apartment"
images/002985704.jpg,vector seamless pattern with hand drawn bananas on a white background .
images/001923908.jpg,vector icon - a yellow banana on a white background
images/001603714.jpg,pattern of ripe bananas on a white background
images/001417426.jpg,showing this to my mom next time she makes fun of mydead bananas - they 're better with brown spots !
images/000164773.jpg,young men with bananas which is the staple food
images/000828655.jpg,close of boy eating a banana
images/001264532.jpg,fried bananas and other side dishes from the restaurant
images/000504745.jpg,gifts for the dead bananas
images/000158173.jpg,deep fried bananas foster cheesecake on a stick : food
images/000774122.jpg,"pieces of banana and pineapple in flight on a white background , isolated ."
images/001918258.jpg,a bunch of bananas on the tree .
images/002832886.jpg,vector seamless pattern with hand drawn bananas on a blue background .
images/002925172.jpg,ice cream with whipped cream and a cherry in banana
images/003116612.jpg,biological species on a banana leaf
images/001175227.jpg,cute hand drawn bananas on a white background .
images/000503403.jpg,person receives a banana from person whilst taking part in an exhibition
images/002195627.jpg,shot of tequila vs. a banana
images/000339254.jpg,banana plantation in a forested central valley
images/001115491.jpg,vector hand drawn isolated banana with the inscription .
images/001427710.jpg,what to do with bananas that are green
images/000393351.jpg,yellow bananas seamless pattern on the blue background
images/002809725.jpg,cultivated banana for retail sale at a fruit market
images/002995837.jpg,showing this to my mom next time she makes fun of mydead bananas - they 're better with brown spots !
images/002180970.jpg,small bunches of bananas isolated on a white background
images/001131121.jpg,lady points down the road next to banana plantation
images/002548970.jpg,the chimpanzees of use sticks to fish for bananas on a clothesline and apples in the water
images/001181316.jpg,biological species eating a banana leaf left by a hiker
images/002897119.jpg,bunch of bananas hanging from a banana tree
images/000902322.jpg,bunch of bananas in the exhibition of agricultural farmers annual
images/001079955.jpg,there are different types of bananas .
images/001385364.jpg,banana tree with a bunch of bananas
images/000775410.jpg,illustration of a monkey holding a banana
images/000454002.jpg,vector illustration of half peeled banana isolated on a white background
images/002971741.jpg,detail on a banana leaf with sun in background
images/000332105.jpg,feed the elephant a banana as they visit zoo .
images/000382058.jpg,stack of unripe bananas on a market stall
images/000542951.jpg,banana tree with a bunch of bananas
images/000521096.jpg,bananas from a farmers market
images/000901132.jpg,a large bunch of organic bananas on a banana tree in employer
images/001543557.jpg,funky monkeys are going bananas all over the cake !
images/002488847.jpg,seamless pattern with bananas on a striped background .
images/000711517.jpg,hand drawn sketch style chopped banana with the peel on white background .
images/001230847.jpg,yellow banana on a pink background .
images/000215973.jpg,a woman wanted to see what will happen if she eats nothing but bananas .
images/002316425.jpg,bananas for sale in the market
images/002003986.jpg,a single ripe banana on a white background
images/000056776.jpg,fat middle - aged man eats a banana while sitting on a bench in summer park
images/001182780.jpg,bunch of bananas in a vegetable and fruit market .
images/002167446.jpg,"bananas , oranges and cauliflower for sale at a market"
images/001407137.jpg,close up of a banana leaf
images/003115169.jpg,no more boring banana bread to use up old bananas !
images/002258045.jpg,"bananas are a good source of vitamin c , potassium and fiber ."
images/002225208.jpg,set of bananas with the word handmade .
images/002573669.jpg,bananas being removed from a boat
images/000243049.jpg,"measuring tape wrapped around a banana , isolated on a white background"
images/000364998.jpg,seamless pattern of bananas on a yellow background
images/002371720.jpg,bananas in macro on a white background
images/001687288.jpg,a front view of small mini bananas .
images/001289740.jpg,bunch of bananas isolated on a white background
images/000250641.jpg,no more boring banana bread to use up old bananas !
images/001658918.jpg,"as a banana , i can support this ."
images/001720189.jpg,realistic banana on a white background .
images/003196017.jpg,feed the elephant a banana as they visit zoo .
images/000184692.jpg,you 'll go bananas this season wearing the fun style of the sweater from degrees .
images/001057158.jpg,set of colored and hand drawn bananas on the white background .
images/002689678.jpg,person of bananas rotates on a black background
images/003095907.jpg,two single and bunches of fresh banana with leaf .
images/003177917.jpg,bananas in a female hand
images/002120371.jpg,how to draw a bunch of bananas step by step .
images/002152143.jpg,a worker in a banana plantation
images/001301849.jpg,pattern of bananas and green leaves on a pink .
images/001325566.jpg,a rotten banana on a white background .
images/002587880.jpg,"aerial view of dirt road between the plantations of maize , sugar cane and bananas"
images/000837788.jpg,vector seamless pattern with hand drawn bananas on a pink background .
images/000386991.jpg,twin banana isolated on the white background
images/002802897.jpg,vector illustration of bananas falling into a splash of milk
images/001562355.jpg,a large bunch of organic bananas on a banana tree in employer
images/002113434.jpg,"banana the banana counts as cup of fruit , which is about half the daily amount needed ."
images/000891657.jpg,the ripe bananas with pieces
images/000786832.jpg,bunch of bananas in a banana plantation
images/002754701.jpg,a banana tree or palm
images/002877575.jpg,isolated outline of a group of bananas
images/001551039.jpg,hand of bananas with a juice
images/002107879.jpg,"bananas and dates blended with coconut milk give this chocolate mousse a thick , creamy texture ."
images/002160649.jpg,"close - up picture of juicy , ripe and bright yellow bananas on a white background ."
images/002879920.jpg,woman carrying bananas on her head outside a temple
images/001162377.jpg,bunch of bananas hanging from a banana tree
images/001446738.jpg,a lady with her moped overloaded with bananas for sale
images/002231263.jpg,"monkey is sitting and peeling a banana , prepare for eating"
images/001423495.jpg,bunch of bananas in the exhibition of agricultural farmers annual
images/003020931.jpg,carrying bananas the other proper organic and eco friendly way
images/000577205.jpg,"using bananas instead of oil makes this fat - free banana bread extremely moist and lightly sweet , and the blueberries add a fruity surprise to every bite ."
images/002672440.jpg,a healthy banana bread that is refined sugar free and made with whole wheat .
images/001733848.jpg,big bunch of bananas on sale in the market
images/001237978.jpg,banana leaf - cuisine : how to eat your way around the world
images/001814758.jpg,bananas exposed at a local market .
images/000695956.jpg,man breaks a branch of bananas
images/002955217.jpg,macro closeup of bananas on a kitchen table by window showing detail and texture
images/000241089.jpg,angry banana taking peel of .
images/002839840.jpg,"close - up of a locally grown naval orange , sliced open , sitting on a banana leaf ."
images/000142875.jpg,german dish is a tasty cake that 's a little bit banana bread and a little bit coffee cake .
images/001769930.jpg,selling bananas the goods are placed on a blanket on the ground
images/002153138.jpg,an elderly man checking bananas on a fruit stall at markets
images/001288945.jpg,banana tree under the sun
images/000632280.jpg,banana plantation on the coast
images/002610199.jpg,highway passed between banana plantation
images/000696548.jpg,vector illustration of wooden box with bananas .
images/000986569.jpg,the pattern of ripe yellow bananas and fresh
images/001801545.jpg,detail on a banana leaf with sun in background
images/002333645.jpg,you 'll go bananas this season wearing the fun style of the sweater from degrees .
images/000587937.jpg,cartoon illustration of a banana
images/002428009.jpg,banana tree leaves in the jungle over a blue sky
images/001805732.jpg,seamless vector pattern of yellow bananas on a blue background .
images/001614785.jpg,bananas and avocados on a fruit stand at a farmers market
images/000577765.jpg,bananas on the girl s legs .
images/002036881.jpg,guess how many bananas i can fit in my mouth !
images/000032123.jpg,the monkey eats a banana .
images/001451861.jpg,creative photo spoiled banana in a warm yellow filter
images/002205592.jpg,ship being loaded out of bananas by a lighter in harbor
images/002018103.jpg,"a bowl of fruit in a house , with oranges , pears , apples , bananas adn old black banana"
images/000146620.jpg,cute little girl in pajamas eating banana on the bed at the morning
images/002910428.jpg,banana with a syringe stuck concept of transgenic foods
images/001401114.jpg,vector hand drawn isolated banana with the inscription .
images/000247832.jpg,this little guy scored a lot of bananas
images/002524838.jpg,bunch of bananas on a leaf
images/001651880.jpg,three of ripe bananas isolated on a white background
images/002134561.jpg,smile quotes friday long week weekend almost here humor : smile like a monkey with a new banana .
images/002483762.jpg,ripe bananas on a white background
images/003282298.jpg,yellow banana in a female hand with a manicure
images/000095581.jpg,bunch of bananas in the exhibition of agricultural farmers annual
images/001678632.jpg,hand sticking a fork on a ripe banana
images/001386181.jpg,red - eyed tree frog hanging out of a fresh banana leaf
images/000802007.jpg,you 'll go bananas this season wearing the fun style of the sweater from degrees .
images/002108016.jpg,a man buying bananas in a supermarket
images/003170971.jpg,original banana drawn by color pencils .
images/002904539.jpg,cute hanging monkey with banana .
images/002498232.jpg,man talking with a banana
images/000174120.jpg,these blue bags are designed to protect fresh bananas from pests and adverse weather conditions
images/002427022.jpg,is that a banana in your pocket .
images/001154848.jpg,bananas on a black background
images/001055510.jpg,man eating bananas on bicycle in the park
images/000206568.jpg,"measuring tape wrapped around a banana , isolated on a white background"
images/000926777.jpg,grasshopper on green banana leaf in a nature with wind
images/002870954.jpg,bunch of bananas hanging from a banana tree
images/003187419.jpg,yellow bananas on an orange background seamless pattern .
images/002611086.jpg,gifts for the dead bananas
images/000984349.jpg,women selling bananas at the market
images/003137736.jpg,drawing of a peeled banana
images/003057675.jpg,bananas and slices isolated on a white background .
images/003061862.jpg,cluster of yellow bananas on a green background
images/000639970.jpg,fans with a flag and inflatable banana
images/001128242.jpg,a woman carries freshly harvested bananas
images/000477927.jpg,monkey and a banana for a couples halloween costume !
images/003001197.jpg,illustration of a banana rendered in a geometric style
images/000405267.jpg,"food the outer covering or skin of fruit and vegetables such as potatoes , carrots , oranges , or bananas ."
images/003061357.jpg,ripe bananas at the street market
images/001073241.jpg,banana for scale on a banana
images/001816802.jpg,authentic waffle with bananas at a cafe
images/000049381.jpg,is that a banana in your pocket .
images/000575204.jpg,a healthy banana bread that is refined sugar free and made with whole wheat .
images/001556315.jpg,"a farm with banana , pineapple , and squash plants growing in a field"
images/001814296.jpg,oranges and bananas you eat both of them .
images/001381397.jpg,low polygon style illustration of a gold yellow banana abstract geometric background
images/003190828.jpg,"a young girl holds up a banana to her mouth , imitating a smile"
images/000505298.jpg,a monkey eating a banana
images/000687330.jpg,bananas are transported by ship and train in the 1950s .
images/000032280.jpg,vector illustration of banana isolated on a white background
images/001130720.jpg,funky monkeys are going bananas all over the cake !
images/000754379.jpg,"beautiful vector illustration with banana , strawberry and milk splashes ."
images/000609200.jpg,healthy banana bread full of fiber and protein .
images/001969118.jpg,bananas on an orange background .
images/003226966.jpg,seamless vector pattern of banana and watermelon pieces on a black background .
images/000777968.jpg,"a city : bananas , sold at the market"
images/003024787.jpg,"far from home : person poses above with a banana tree , which grows huge leaves every year , and sometimes even fruit - though it can not grow to ripeness in the climate"
images/002901948.jpg,bananas hanging for sale at the supermarket
images/002893110.jpg,"holding a peeled banana on black background , slow motion"
images/000822719.jpg,a woman washes clothes at a tap in her small banana plantation
images/002691816.jpg,close of boy eating a banana
images/000809228.jpg,"measuring tape wrapped around a banana , isolated on a white background royalty - free"
images/000827292.jpg,gluten - free pear & banana loaf a dash of compassion
images/000394815.jpg,skinny cupcakes with toasted cream cheese frosting -- a mix between banana bread and carrot cake !
images/000102375.jpg,person can actually grow banana 's if you take good care of it !
images/000737984.jpg,isolated banana on a white background
images/001565385.jpg,a single banana against a white background
images/000641495.jpg,a cartoon illustration of an orangutan dreaming of a banana
images/002326455.jpg,overripe bananas with large brown spots on a white background
images/000251467.jpg,bananas in a glass bowl are seen
images/000729629.jpg,"strawberries and bananas are the main ingredients in one of our most popular smoothies , cake ."
images/003166855.jpg,grilled bananas are a traditional dish
images/002676054.jpg,a picture of a radioactive banana
images/000832030.jpg,seamless vector pattern with yellow banana on the turquoise background
images/000226715.jpg,"stock image of yellow bananas on a white background , isolated ."
images/001330205.jpg,"mini gluten free , dairy free banana oat muffins stacked on top of each other ."
images/000260888.jpg,pictures of the - banana flower
images/000083482.jpg,man holding a banana in front of his mouth
images/002577812.jpg,person stands amongst the remains of his banana plantation .
images/002982512.jpg,why did the banana go to the hospital
images/001405189.jpg,bananas and watermelons are drawn and painted with a brush imitating watercolor .
images/003268265.jpg,banana on a black reflective background
images/001114361.jpg,big bunch of bananas waiting to be picked off the plate
images/00001665.jpg,"say goodbye to dry , hard to swallow chunks of banana bread ."
images/001639809.jpg,bananas washed in a large water tank during harvest and packing
images/001346268.jpg,cute little girl in pajamas eating banana on the bed at the morning
images/000477409.jpg,bunch of bananas on a banana plantation
images/002742772.jpg,banana isolated on the white background .
images/001286346.jpg,vector seamless pattern with hand drawn bananas on a pink background .
images/000589159.jpg,bananas in a market stall
images/001436501.jpg,young construction worker eating a banana in lunch time in summer day wipe sweat
images/000668702.jpg,going bananas - funky monkeys are going bananas all over the cake !
images/001725776.jpg,banana on the wooden background .
images/001290646.jpg,half peeled banana isolated over white background with some shadow
images/000838358.jpg,detail of ripe yellow bananas with black marks on the skin
images/001273061.jpg,cartoon illustration of a happy banana
images/002457115.jpg,bananas on a rustic table
images/001969648.jpg,the big spider with long legs on banana leaf .
images/002123171.jpg,vector illustration of a banana tree
images/002402926.jpg,"bananas - all of these are ripe , all were eaten by the next day"
images/002673791.jpg,and that 's because this banana read this book
images/001988145.jpg,cast bronze bananas with a realistic yet whimsical patina .
images/002838063.jpg,"measuring tape wrapped around a banana , isolated on a white background"
images/000572782.jpg,"conceptual composition , male hand holding a banana as gun , symbolically representing a caution about healthy diet"
images/000588373.jpg,chocolate sauce being poured over fried bananas on a stack of pancakes
images/000794364.jpg,banana and apple cartoons dancing as a couple .
images/002071732.jpg,cute and funky bananas seamless pattern on the white background .
images/000523803.jpg,happy senior woman with bowl of fruit and a banana
images/001175335.jpg,"orange juice pouring in to a glass with apples , oranges and a banana"
images/002073511.jpg,isolated peeled banana on a white background
images/003317124.jpg,seamless pattern of bananas on a yellow background
images/000288592.jpg,"peanut butter and banana on a muffin , double latte to drink ."
images/001238957.jpg,bunch of bananas on the background .
images/000671215.jpg,feed the elephant a banana as they visit zoo .
images/003236268.jpg,the bunch of short size banana with white background
images/002097819.jpg,"fruit , pineapple , bananas , orange juice , and a tiny taste of coconut !"
images/003160769.jpg,"here 's an amazing harvest , huge bunch of bananas ready to ripen ."
images/001905399.jpg,this tropical scene was inspired by the bananas that are grown all around where we live
images/002601122.jpg,shadow of the banana tree in the water
images/000272533.jpg,open banana isolated on a white background
images/000553713.jpg,bananas in a glass bowl are seen
images/001749620.jpg,isolated happy banana on a white background
images/000898035.jpg,cartoon illustration of a banana with a happy face
images/003059751.jpg,twin banana isolated on the white background
images/002777972.jpg,vector image of bananas on a transparent background .
images/002648182.jpg,measuring ripe yellow bananas with a tailor 's tape measure .
images/002851761.jpg,exotic pattern with tropical leaves banana on a black background
images/000182418.jpg,close - up of a banana leaf
images/001688940.jpg,a pastor on a banana !
images/002390273.jpg,vector illustration of a smiling girl giving peeled banana to monkey
images/002294375.jpg,a woman walks down a path carrying a large bunch of bananas on her head
images/000380344.jpg,bananas on a white background .
images/001715907.jpg,butch of small bananas in a hand
images/002372116.jpg,"a big dried banana leaf with a handful and biological species , placed on a white backdrop"
images/001047773.jpg,a man buys bananas in a supermarket
images/001421811.jpg,a cute monkey swinging from vines with a banana in his hand
images/002214562.jpg,card with fresh pale bananas and pineapple in a striped pale circle .
images/002086053.jpg,a woman prepares a meal of bananas for her family
images/002478335.jpg,"banana and orange on a colored background , low - poly style , fresh fruit"
images/001200981.jpg,typical very sweet small bananas on the palm
images/001118975.jpg,portrait of a cute young boy and girl with same clothes sitting on a park and eating banana
images/001433623.jpg,girl placing strawberries and bananas into a blender
images/002654824.jpg,"sliced banana next to a bottle of fragrance , on a black background"
images/002215288.jpg,cultivated banana on the tree .
images/000912933.jpg,a spin on the classic - super moist banana bread studded with chocolate chips !
images/002223554.jpg,in the jungle ... there might be bananas ...
images/001297668.jpg,banana tree with a bunch of bananas #
images/001006469.jpg,a basket full of bananas at a market .
images/001109124.jpg,monkey suited person in a tree eating a banana .
images/001493526.jpg,hand of a man holding banana
images/002916810.jpg,seamless tropical pattern with image of a banana leaves .
images/002737200.jpg,"if you love banana bread and peanut butter cookies , these treats have your number ."
images/002253755.jpg,yellow banana on a white background .
images/000423955.jpg,pancakes with banana and honey on a white background
images/000769645.jpg,my banana tree which grows ?
images/000667263.jpg,a beautiful bunch of bananas and rings cut isolated on white background .
images/001403421.jpg,a bunch of bananas on a white background
images/003191534.jpg,cultivated banana for retail sale at a fruit market
images/000371917.jpg,bananas on sale in a market
images/001767589.jpg,tropical bananas growing on a banana tree -- stock photo #
images/000386001.jpg,photo of a lemon on top of bananas .
images/001529556.jpg,close - up of a partly peeled banana
images/002051408.jpg,bananas on the back of a bike against a green foliage
images/000791084.jpg,orangutan using a banana leaf for shelter
images/002151694.jpg,if you have a couple of overripe bananas then whip these muffins up for breakfast .
images/002585797.jpg,cartoon illustration of a banana
images/000839563.jpg,banana tree with a bunch of growing ripe yellow bananas at plantation
images/001789049.jpg,leaf of a tropical tree of the banana isolated on a white background .
images/003037954.jpg,girl holds banana as a phone
images/003285795.jpg,a woman carries freshly harvested bananas
images/000385209.jpg,detail of banana leaf on a sunny day
images/000961863.jpg,bananas for sale on a stall
images/003080269.jpg,a hole peeled banana lying next to its peel
images/000428815.jpg,ripe bananas with a peeled and partially sliced banana
images/001918674.jpg,man selecting bananas at a roadside fruit stall .
images/003124955.jpg,a bunch of bananas in a plantation .
images/001836509.jpg,rain clouds over the sea and banana plantation on the volcanic island
images/002959042.jpg,banana plantation under netting covers on the southern coast
images/000708698.jpg,vector seamless pattern with hand drawn bananas on a blue background .
images/001800379.jpg,pattern of bananas and green leaves on a pink .
images/002204042.jpg,isolated pair of bananas on a white background
images/002576453.jpg,muffins ... made with bananas and a packet !
images/001854343.jpg,bananas at different stages of ripening on a wooden surface
images/001102105.jpg,bananas should not be kept in the fridge !
images/002398926.jpg,over ripe banana cut out on a white background
images/001682091.jpg,hand drown vector of yellow bananas on a colored background .
images/003261653.jpg,fried meat and fried chicken and fried pork put on the banana leaf for sale at street local market
images/001441862.jpg,a boy carries a load of fresh bananas
images/002594066.jpg,"pieces of banana and pineapple in flight on a white background , isolated ."
images/000332049.jpg,a basket full of bananas at a market .
images/000288192.jpg,a man carries a bunch of bananas to market on his shoulder
images/001281138.jpg,"pink banana on a blue background , 3d illustration"
images/001543531.jpg,lentils in a wooden bowl on a banana leaf
images/001782439.jpg,"bananas are a good source of vitamin c , potassium and fiber ."
images/002046812.jpg,bananas on a black background
images/001912398.jpg,bunch of bananas hanging from a banana tree
images/000593309.jpg,monkey on the beach eating banana
images/001931166.jpg,banana split ice cream on the white background
images/003078048.jpg,"steel cut oats cook overnight with bananas , walnuts and spices to create a healthy , make - ahead breakfast that will be waiting for you in the morning ."
images/000672543.jpg,butch of small bananas in a hand
images/001801914.jpg,little girl petting a dog and feed them with bananas .
images/001407723.jpg,scale the end of the banana so that it 's more a square than a rectangle .
images/002956263.jpg,little monkey sitting on a banana
images/001106389.jpg,a monkey eating a banana sitting on the ruins
images/003078861.jpg,bananas growing on a banana tree
images/002674363.jpg,detail on a banana leaf with sun in background
images/001652205.jpg,young girl holding an apple seated at table between her mother holding a broccoli and her grandmother with a banana
images/000714288.jpg,lace this classic banana and toffee pie with a little dark rum .
images/003203927.jpg,view of man moving hanging juicy bananas at the local market
images/002521530.jpg,"film character made from strawberries , bananas , grapes , and mini marshmallows on a toothpick"
images/000860048.jpg,a bunch of bananas in a plantation .
images/002133089.jpg,bananas of different stages of ripening on a wooden surface .
images/000220670.jpg,banana flat icon with long shadow .
images/001778779.jpg,a bunch of bananas on the tree
images/002248896.jpg,bananas on sale in a market
images/001760370.jpg,"close - up , a cocktail of milk , banana and ice cream"
images/001880474.jpg,close - up of a peeled banana
images/002213660.jpg,bananas of different stages of ripening on a wooden surface .
images/002008571.jpg,"a cartoon of a yellow , peeled banana ."
images/001641923.jpg,seamless vector pattern of banana and watermelon pieces on a black background .
images/002274602.jpg,sliding to fresh banana in the kitchen ready to be eat .
images/002514298.jpg,a bunch of bananas on a white background
images/001648179.jpg,there is a reason animation film love bananas so much .
images/000096248.jpg,roasted bananas - healthy and easy vegan dessert without any added sugar .
images/000271774.jpg,sweet bananas on the yellow background
images/000524953.jpg,banana leaf in the wind
images/003187818.jpg,smile quotes friday long week weekend almost here humor : smile like a monkey with a new banana .
images/000518011.jpg,a stack of healthy unripe fresh bananas for sale at a rural market
images/000883906.jpg,a small banana tree in countryside
images/001721991.jpg,remember to freeze your bananas ahead of time for the best cocktail .
images/000561709.jpg,yellow ripe bananas on a palm tree
images/002529190.jpg,a silhouette of yellow bananas as an ornament framed into a circle
images/001586571.jpg,"the bananas isolated on white background , watercolor illustration in hand drawn style ."
images/002358168.jpg,"this creamy vegan yogurt is made with banana , chia seeds , and almond milk ."
images/002318035.jpg,portrait of a young woman carrying a plastic bag with bananas
images/002163312.jpg,large photo of a lemon on top of bananas framed in raw timber on white wall above sofa
images/001466006.jpg,close up of bananas at different stages of ripening on a wooden surface
images/003300955.jpg,"food the outer covering or skin of fruit and vegetables such as potatoes , carrots , oranges , or bananas ."
images/000888246.jpg,food and jelly had theirs ... but every once in a while it 's banana time !
images/000995272.jpg,"this banana and blueberry loaf may look deceptively decadent , but it 's packed with fruit and reasonably low on sugar ."
images/002161875.jpg,"powerpoint template displaying open lunch box with food in it , and a banana and drink beside it"
images/002661774.jpg,rusty old wheelbarrow full of yellow bananas in the street
images/002272499.jpg,the banana tree is a whimsical addition to the bathroom
images/002122848.jpg,on my first tour i was amazed to see bananas grow upside down !
images/000103007.jpg,feed the elephant a banana as they visit zoo .
images/002617150.jpg,workers processing bananas at a banana plantation
images/002383963.jpg,food served on a banana leaf .
images/002004301.jpg,ripe bananas painted in the heart of a dark color
images/002227441.jpg,there are a lot of bananas on this sidewalk .
images/002345561.jpg,gluten - free banana bread ready for the oven
images/002484591.jpg,bunch of bananas on a leaf
images/001463504.jpg,a cute monkey swinging from vines with a banana in his hand
images/002772683.jpg,bunch of bananas hanging from a banana tree
images/000572778.jpg,pregnant woman sitting next to husband an eating banana -- stock photo #
images/003090305.jpg,a spin on the classic - super moist banana bread studded with chocolate chips !
images/001604058.jpg,close up of the flower of a banana tree
images/001068452.jpg,oranges and bananas you eat both of them .
images/001978468.jpg,"measuring tape wrapped around a banana , isolated on a white background"
images/000522453.jpg,bananas on a rustic table
images/000623456.jpg,bananas as sweet as the message written upon them .
images/000052133.jpg,the chimpanzees of use sticks to fish for bananas on a clothesline and apples in the water
images/000291536.jpg,ripe banana on a white background
images/000988950.jpg,a vendor sells bananas at a vegetable market
images/002777200.jpg,german dish is a tasty cake that 's a little bit banana bread and a little bit coffee cake .
images/000117900.jpg,my so - calledbanana pancakes at breakfast
images/001288758.jpg,"this tangy , homemade , low - fat chocolate frozen yogurt features bananas that are caramelized in brown sugar ."
images/002232165.jpg,seamless pattern of bananas on a light gray background .
images/001352838.jpg,three - toed sloth in a banana tree
images/002441033.jpg,"banana and apple juice pouring into a glass , healthy smoothie and drinks concept"
images/002425997.jpg,vector illustration of bananas falling into a splash of milk
images/002798170.jpg,yellow banana on a white background .
images/000237314.jpg,pancakes with banana and honey on a white background
images/001052476.jpg,healthy banana bread full of fiber and protein .
images/000983479.jpg,a young man is taking a banana that has been lying on the kitchen counter and starts peeling it .
images/002476280.jpg,food served on a banana leaf .
images/002899634.jpg,stack of unripe bananas on a market stall
images/000861598.jpg,the skin of a ripe eaten banana
images/000978757.jpg,a bunch of bananas of a banana tree
images/002211824.jpg,fresh yellow bananas rotating on white surface in a seamless loop
images/001825763.jpg,an old woman with a glasses eating a banana
images/003089031.jpg,seamless pattern of bananas on a light gray background .
images/001471669.jpg,sliced banana on the white background vertical royalty - free
images/001997672.jpg,vector image of bananas on a transparent background .
images/000315851.jpg,leaves of a banana tree against blue sky
images/003266757.jpg,the woman in an apron in the kitchen cleans banana
images/000051086.jpg,banana seamless pattern on the white background .
images/003189897.jpg,bananas in a market stall
images/000505412.jpg,close - up of spices on a banana leaf
images/000177019.jpg,bananas growing on a banana tree
images/002936618.jpg,man working in a banana plantation
images/002365503.jpg,what 's so bad about this it 's actually the healthiest way to eat a banana
images/003246436.jpg,man carrying a bunch of bananas on his shoulder during harvest on plantation
images/001124966.jpg,a cartoon brown happy monkey eating banana with thumb up
images/002396420.jpg,cherries and chocolate come together in this rich and creamy smoothie that is naturally sweetened with ripe bananas .
images/000081758.jpg,a bowl of separated bananas .
images/000124742.jpg,eating bananas is a great way to promote healthy bones in both children and adults .
images/000293241.jpg,isolated banana on a white background .
images/000834646.jpg,biological species sitting on a banana leaf
images/001672409.jpg,"baskets of fruit , bowls of apples , pears and bananas on a wooden table"
images/001989247.jpg,small bunches of bananas isolated on a white background
images/000602025.jpg,food and banana placed on a table
images/002078029.jpg,a single banana against a white background
images/000251831.jpg,"holding and peeling a banana on black background , slow motion"
images/003260031.jpg,monkey eating banana on the ground
images/002768125.jpg,a cart full of bananas for sale in a street
images/000225012.jpg,seamless pattern with bananas on a black background royalty free stock illustrations
images/001578986.jpg,a partially peeled banana in the shape of the letter n
images/001658424.jpg,blue painted banana on a yellow background
images/000896680.jpg,market fresh bananas hanging on an old blue wooden wall
images/001536206.jpg,banana tree with a bunch of bananas
images/000322058.jpg,man walking past fresh bananas on sale
images/003001134.jpg,portrait of a monkey eating a banana
images/002391635.jpg,a bowl of sliced banana .
images/003273769.jpg,bananas to harvest fresh from the tree
images/002805618.jpg,sweet bananas on the yellow background
images/001444877.jpg,empty road on the banana plantation
images/000685097.jpg,ripe banana on a white background
images/000247636.jpg,reading bananas ? we caught up with this vendor who was reading about the latest religious news .
images/000839099.jpg,man carrying a bunch of bananas on his shoulder during harvest on plantation
images/000558037.jpg,row of bananas on sale on an outdoor stall with other fruit in the background
images/003043192.jpg,bananas at different stages of ripening on a wooden surface
images/001459424.jpg,boy selling bananas in a street .
images/002899938.jpg,a lady with her moped overloaded with bananas for sale
images/002656473.jpg,bananas in a female hand
images/000775837.jpg,"besides the cute kids , notice the banana tree - the bananas grow stem upwards ."
images/000720075.jpg,strong monkey pulls a lot of bananas .
images/002534634.jpg,gluten free vegan strawberry banana bread .
images/002152061.jpg,small bananas at a fruit stand
images/000808162.jpg,banana tree with a bunch of ripe yellow bananas
images/003214993.jpg,bunch of bananas on the banana tree
images/000865691.jpg,bananas on a white background
images/001861726.jpg,spray - painted it red to make it look more like an actual banana
images/001484259.jpg,bananas on the fresh department of a supermarket
images/000336808.jpg,a boy carries a load of fresh bananas
images/002287581.jpg,a large bunch of organic bananas on a banana tree in employer
images/001410670.jpg,a healthy banana bread that is refined sugar free and made with whole wheat .
images/002559780.jpg,close - up of spices on a banana leaf
images/003000554.jpg,"the room , full of bananas and the monkey ."
images/001684272.jpg,a portrait of a woman smiling and carrying a large bunch of bananas on her head
images/001074774.jpg,a banana - eating fungus has been found to have spread to person and republic
images/001573004.jpg,women selling bananas at the market
images/002407386.jpg,bunch of ripe speckled bananas isolated against a black background
images/001902347.jpg,overview of banana plantation with a tractor driving by on a dirt road
images/002878104.jpg,i see your spider in the grapes and raise you ... bananas
images/000573765.jpg,gifts for the dead bananas
images/000462873.jpg,a bunch of yellow bananas .
images/000189860.jpg,farm workers loading bananas at a collective farm
images/000651525.jpg,"food ... too bad , it had to be carved in a banana ."
images/000617577.jpg,banana seamless pattern in flat style .
images/000675337.jpg,"red , yellow and green bananas hanging for sale at a market"
images/002795788.jpg,the flower and stem of the banana tree
images/003048766.jpg,hand sticking a fork on a ripe banana
images/001920698.jpg,type of dish with bananas : butter with a side of bread
images/001710720.jpg,over ripe banana cut out on a white background
images/000509976.jpg,eating bananas is a natural cure to stress
images/002196924.jpg,cute and funky bananas seamless pattern on the dark background .
images/003164428.jpg,smile quotes friday long week weekend almost here humor : smile like a monkey with a new banana .
images/002760419.jpg,slicing a banana into thin slices in slow motion
images/000829948.jpg,"bananas - all of these are ripe , all were eaten by the next day"
images/002902009.jpg,a ripe bunch of bananas is ready to be peeled and eaten
images/000605275.jpg,eating bananas to reduce the effects of stress
images/000532288.jpg,some bananas bought from the market on the way to blogger
images/002362380.jpg,a monkey eating a banana sitting on the ruins
images/000841564.jpg,funny gorilla with a banana royalty free stock vectors
images/003066608.jpg,illustration of a banana rendered in a geometric style
images/000472900.jpg,fresh purple smoothie in a glass bottle made from bananas and blueberries .
images/000658317.jpg,ae - hem girls or boys banana print shirt - pink - i need this for holiday
images/002920892.jpg,bananas on a white background
images/001116122.jpg,portrait of a young woman carrying a plastic bag with bananas
images/001384858.jpg,a woman inspects bananas at a fruit stand in an urban market
images/003246220.jpg,"this creamy vegan yogurt is made with banana , chia seeds , and almond milk ."
images/000170333.jpg,buying a bunch of ripe bananas from the markets
images/001830024.jpg,cute baby monkey with banana isolated on a white background
images/002924747.jpg,a whole loaf of banana bread sliced open
images/000629563.jpg,"cigarettes in a banana , smoker , bad teeth -- stock photo #"
images/003045979.jpg,"cigarettes in a banana , smoker , bad teeth -- stock photo #"
images/002769038.jpg,cast bronze bananas with a realistic yet whimsical patina .
images/001905597.jpg,"this tangy , homemade , low - fat chocolate frozen yogurt features bananas that are caramelized in brown sugar ."
images/002005521.jpg,seamless vector pattern of yellow bananas on a blue background .
images/002327910.jpg,silhouette of a young banana tree with a flower and fruits in the vector image on a white background
images/002639997.jpg,new versus old : facing bananas
images/002611484.jpg,an elderly man checking bananas on a fruit stall at markets
images/001961332.jpg,woman in red turtleneck with banana on the cerulean blue background
images/001628923.jpg,i was expecting a not so great sandwich for lunch but instead was delighted to have a hot meal wrapped in a banana leaf of rice and beans and garlic chicken .
images/001111343.jpg,day : my cafe finally restocked their bananas !
images/002630300.jpg,"vector illustration of a yellow half peeled banana , transparent vector"
images/001017127.jpg,"no time to explain , get in the banana"
images/001202214.jpg,seamless vector pattern of yellow bananas on a green background .
images/001575118.jpg,"our triple decker paisley shaped cake in chocolate , banana , and peanut butter !"
images/000157178.jpg,seamless vector pattern of yellow bananas on a blue background .
images/001916470.jpg,banana tree with fruit in a greenhouse
images/001521401.jpg,a bowl of sliced banana .
images/000880069.jpg,"an elderly woman buying bananas in a supermarket , business"
images/003016618.jpg,seamless vector pattern of yellow bananas on a blue background .
images/000696900.jpg,hand drawn sketch style chopped banana with the peel on white background .
images/000557563.jpg,gifts for the dead bananas
images/002984507.jpg,bunch of bananas hanging from a banana tree
images/000788649.jpg,feed the elephant a banana as they visit zoo .
images/002719604.jpg,isolated banana on a white background .
images/000260795.jpg,fresh ripe and sweet bananas isolated on a white background with logo .
images/001780185.jpg,small bananas at a fruit stand
images/002363413.jpg,a flower of banana tree
images/000806794.jpg,vector summer seamless pattern with pineapples and bananas on the soft yellow background .
images/000342395.jpg,"close up of a black plate with slices of kiwi , banana and strawberry isolated on white ."
images/002868743.jpg,banana covered in chocolate on a grey wooden table
images/001324139.jpg,"seamless pattern with yellow bananas on a white background for fabric , wallpaper , album cover ."
images/001460786.jpg,carrying bananas the other proper organic and eco friendly way .
images/001234657.jpg,overhead view of overripe peeled banana together with a small bunch of ripe bananas on a polka dot background
images/002256727.jpg,opened ripe banana isolated on a white background
images/002283191.jpg,a banana isolated on white .
images/000473078.jpg,"the waffles are stuffed with ice cream , strawberries and banana ."
images/002456462.jpg,bananas on a rustic table
images/002318281.jpg,fresh green bananas bunch in a market
images/002328942.jpg,"measuring tape wrapped around a banana , isolated on a white background"
images/000000704.jpg,lots of bananas at the market
images/001615926.jpg,man slipped on a banana .
images/002703509.jpg,flowers and incense sticks wrapped in banana leaf on a red tray for temple offering province
images/000301851.jpg,fresh green banana and coconuts at the market
images/001462813.jpg,view of man moving hanging juicy bananas at the local market
images/002089322.jpg,bunch of bananas on a leaf
images/003220285.jpg,your baby is now the size of a banana .
images/000633390.jpg,the banana tree is a whimsical addition to the bathroom
images/003241356.jpg,monkey on the beach eating banana
images/000856858.jpg,butch of small bananas in a hand
images/002037713.jpg,bunch of banana on the tree
images/002381941.jpg,"close up of a black plate with slices of kiwi , banana and strawberry isolated on white ."
images/000857366.jpg,"road trip : beaches , dolphins , and a big banana"
images/001572358.jpg,small bananas at a fruit stand
images/001181425.jpg,man riding a motorcycle laden with bananas
images/001315031.jpg,a banana tree in a plantation in the region
images/002554377.jpg,coffee + homemade banana bread at this rustic cafe .
images/002249653.jpg,leaves of a banana tree against blue sky
images/002220647.jpg,a funny monkey with a whole lot of bananas .
images/002894599.jpg,"if you love banana bread and peanut butter cookies , these treats have your number ."
images/001220011.jpg,a woman inspects bananas at a fruit stand in an urban market
images/002366191.jpg,"say goodbye to dry , hard to swallow chunks of banana bread ."
images/001360285.jpg,banana tree under the sun
images/001248612.jpg,vector seamless pattern with hand drawn bananas on a pink background .
images/000350293.jpg,close - up of spices on a banana leaf
images/002307941.jpg,raw banana rotating on the white table with white seamless background
images/000187134.jpg,"conceptual composition , male hand holding a banana as gun , symbolically representing a caution about healthy diet"
images/001696400.jpg,a banana on wood background
images/001798008.jpg,a banana plantation grows adjacent to dense tropical rainforest
images/001332794.jpg,"his farm now has a total of trees , including mango , banana , papaya and a wide number of herbs ."
images/002734032.jpg,gorilla eating a banana in an enclosed grassy area
images/000289374.jpg,original banana drawn by color pencils .
images/000545364.jpg,bananas in all sizes and colors
images/003121972.jpg,"conceptual composition , male hand holding a banana as gun , symbolically representing a caution about healthy diet"
images/000915880.jpg,monkey with a banana on a white background
images/000000889.jpg,image titled tv genre on a banana leaf step
images/002489005.jpg,freshly sliced bananas on a white background clipping path
images/000583370.jpg,portrait of a cute little baby eating banana and sitting in a shopping cart while her mother is taking out products from the cart and putting them on conveyor belt at the supermarket
images/002280222.jpg,man breaks a branch of bananas
images/000103176.jpg,girl eating a banana on a white background
images/001771651.jpg,horizontal close up of a freshly cooked waffle smothered in sliced banana and chocolate sauce
images/001988169.jpg,bananas hanging on a wall .
images/000086175.jpg,ripe bananas on a striped surface
images/003197571.jpg,muffins ... made with bananas and a packet !
images/002363926.jpg,"a big dried banana leaf with a handful and biological species , placed on a white backdrop"
images/001693938.jpg,close up of bananas in a grocery store
images/001903188.jpg,snack : fruit in sticky rice cooked in a banana leaf .
images/001153660.jpg,hands of small bananas for sale in a rural market
images/002871430.jpg,cultivated banana for retail sale at a fruit market
images/002051050.jpg,banana with slices of banana on a white background
images/003007776.jpg,"you probably already have the ingredients on hand for this peanut butter , banana , and apple smoothie ."
images/002973957.jpg,iguanas in the sand eating a banana .
images/001874886.jpg,hand drawn seamless pattern with ripe yellow bananas on the white background in vector
images/000506790.jpg,bananas on sale in a market
images/002750159.jpg,a monkey eating a banana sitting on the ruins
images/002566591.jpg,man holding a banana in front of his mouth
images/003227245.jpg,a rotten banana on a white background .
images/001236719.jpg,vector illustration of a yellow ripe banana on an isolated white background .
images/000296331.jpg,bananas are a well - known source of potassium .
images/001432716.jpg,image titled tv genre on a banana leaf step
images/000586688.jpg,bananas on the girl s legs .
images/003137598.jpg,hand sticking a fork on a ripe banana
images/002692452.jpg,"measuring tape wrapped around a banana , isolated on a white background royalty - free"
images/001332261.jpg,pictures of the - banana flower
images/001844030.jpg,"bananas - all of these are ripe , all were eaten by the next day"
images/002108894.jpg,in the jungle ... there might be bananas ...
images/002699230.jpg,a lady with her moped overloaded with bananas for sale
images/003281544.jpg,banana in a condom isolated on white stock photo
images/003298940.jpg,banana for sale in the fresh market
images/000417364.jpg,type of dish with bananas : butter with a side of bread
images/002210493.jpg,give the banana bread a rest and turn those ripe bananas into jam with this quick and easy recipe .
images/001266102.jpg,a delivery man carries a very large bunch of yellow bananas on his shoulder while unloading the produce from his
images/000022908.jpg,"skin from banana in the female hand , isolated on white"
images/001441258.jpg,"cigarettes in a banana , smoker , bad teeth -- stock photo #"
images/000177215.jpg,bananas and slices isolated on a white background .
images/000981225.jpg,"here 's an amazing harvest , huge bunch of bananas ready to ripen ."
images/002429455.jpg,isolated banana on a white background .
images/000105524.jpg,pancakes with banana and honey on a white background
images/000963491.jpg,banana tree with a bunch of bananas
images/002954225.jpg,coffee + homemade banana bread at this rustic cafe .
images/001689766.jpg,banana isolated on the white background .
images/002885513.jpg,detail of banana leaf on a sunny day
images/003301341.jpg,pictures of the - banana flower
images/000198234.jpg,"banana , avocado and a drop of lemon , perfect vegan baby food"
images/000417733.jpg,view of man moving hanging juicy bananas at the local market
images/000141213.jpg,watercolor seamless pattern with watermelons and bananas on a white background
images/001881147.jpg,seamless pattern of hand - drawn bananas with a yellow background .
images/002461456.jpg,photo of a lemon on top of bananas .
images/001917416.jpg,female hand puts on a condom onto a banana .
images/003235155.jpg,"first class meal on a-hr flight -- mini sandwich , banana and cocktail"
images/002345648.jpg,"banana , avocado and a drop of lemon , perfect vegan baby food"
images/000912160.jpg,illustration of a banana rendered in a geometric style
images/003235768.jpg,the condom is dressed on a banana .
images/002926037.jpg,"fruit , pineapple , bananas , orange juice , and a tiny taste of coconut !"
images/000760586.jpg,bunch of bananas hanging from a banana tree
images/001211589.jpg,"a young girl holds up a banana to her mouth , imitating a smile"
images/001689222.jpg,scale the end of the banana so that it 's more a square than a rectangle .
images/001745589.jpg,vector illustration of a monkey sitting on a palm tree with bananas
images/001621568.jpg,man holding a banana in front of his mouth
images/002609817.jpg,showing this to my mom next time she makes fun of mydead bananas - they 're better with brown spots !
images/000194420.jpg,little cute monkey eating banana on a wild nature background
images/001804183.jpg,biological species eating a banana while hanging on a cable
images/002229836.jpg,a man standing in banana shaped floats which he uses to traverse the river being surrounded by swans
images/002772787.jpg,a large bunch of bananas
images/000155251.jpg,bananas on sale in a market
images/001982370.jpg,"i have a cursed image of my own , here 's a banana to scale ."
images/001979666.jpg,icon of a banana on a white background
images/003276023.jpg,vector seamless pattern with hand drawn bananas on a white background .
images/000382005.jpg,"seamless vector pattern of bananas , pear and watermelon slices on a pink background ."
images/002111772.jpg,cute bananas on a white background .
images/001943116.jpg,banana plantation in the wet tropics
images/000222215.jpg,bananas for sale in the market
images/000738481.jpg,tropical agricultural land and banana plantation with large palm trees towering against the blue sky
images/000757424.jpg,butch of small bananas in a hand
images/002045217.jpg,cookies that taste like banana bread and are healthy enough for breakfast !
images/000767669.jpg,hazy sunset above a banana plantation
images/002885113.jpg,seamless pattern of bananas border on a white background
images/003119496.jpg,give the banana bread a rest and turn those ripe bananas into jam with this quick and easy recipe .
images/000535172.jpg,breakfast of scrambled eggs with slices of banana bread on a white plate
images/001511600.jpg,truck in the banana plantation
images/002446755.jpg,detail of ripe yellow bananas with black marks on the skin
images/001788881.jpg,bunch of bananas on a banana plantation
images/003002732.jpg,big bunch of bananas on sale in the market
images/000622065.jpg,"pink banana on a blue background , 3d illustration"
images/001556876.jpg,angry banana taking peel of .
images/000650786.jpg,type of dish with bananas : butter with a side of bread
images/002547865.jpg,a delivery man carries a very large bunch of yellow bananas on his shoulder while unloading the produce from his
images/001235155.jpg,banana on the white background
images/002691815.jpg,monkey and a banana for a couples halloween costume !
images/000508371.jpg,illustration of a banana rendered in a geometric style
images/002086439.jpg,bunch of bananas isolated on a white background
images/003160375.jpg,a spotted banana on a white plate
images/002883498.jpg,gifts for the dead bananas
images/000428207.jpg,"do you eat food on banana leaf ? if not , read these amazing benefits !"
images/003190873.jpg,row of bananas on sale on an outdoor stall with other fruit in the background
images/001993869.jpg,a butterfly feeding on a rotting banana
images/000333026.jpg,"bananas - all of these are ripe , all were eaten by the next day"
images/001931964.jpg,"banana frosty smoothie or milkshake , tilted right , with straw in a plastic cup ."
images/001016993.jpg,isolated banana on a white background .
images/001353361.jpg,a banana tree in a plantation in the region
images/000766714.jpg,banana tree with a bunch of bananas #
images/000794519.jpg,vector image of bananas on a transparent background .
images/001790005.jpg,pattern with bananas on a light background .
images/001266489.jpg,"teams , and the inflatable banana , which got a penalty at some point ."
images/000829131.jpg,man eating bananas on bicycle in the park
images/001531600.jpg,bananas anyone ? ways you can enjoy the fruit
images/001524241.jpg,a banana tree is situated in front of a building .
images/001129474.jpg,a spin on the classic - super moist banana bread studded with chocolate chips !
images/002058505.jpg,person was impressed with this banana tree along the way .
images/002030263.jpg,the pattern of ripe yellow bananas and fresh
images/002654855.jpg,a family wades through flood waters on a boat made out of a banana tree
images/001318190.jpg,"fruits -- bananas , apples , oranges and grapes , laying on a white plate"
images/003264035.jpg,a frozen banana just east
images/001766835.jpg,bunch of bananas in the exhibition of agricultural farmers annual
images/002514990.jpg,bunch of bananas in the exhibition of agricultural farmers annual
images/003292985.jpg,a banana unlike any other .
images/002487699.jpg,close - up of a banana leaf
images/001626673.jpg,bananas growing by the side of the road
images/001014130.jpg,bunch of bananas hanging from a banana tree
images/000879563.jpg,workers process freshly harvested bananas
images/000059572.jpg,a large bunch of organic bananas on a banana tree in employer
images/001088111.jpg,this banana looks exactly like my mom 's dog
images/001794896.jpg,your baby is now the size of a banana .
images/001102862.jpg,mommy 's little monkey with a banana .
images/001862417.jpg,a bunch of over ripe bananas on a white background
images/001898310.jpg,ripe bananas painted in the heart of a dark color
images/002508748.jpg,monkey suited person in a tree eating a banana .
images/002927286.jpg,lady points down the road next to banana plantation
images/002093648.jpg,"a plate of fresh whole and cut fruit including melons , bananas , blackberries and apples"
images/000817251.jpg,diary of a ladybird : classic banana bread
images/000245101.jpg,bananas and slices isolated on a white background .
images/002568989.jpg,close up of a backlit banana leaf
images/001132089.jpg,little cute monkey eating banana on a wild nature background
images/001729807.jpg,cute monkey lazily lying on a branch and holds the tail of bananas outlines for coloring
images/002372070.jpg,the banana tree at our backyard also ripen .
images/002867780.jpg,the leaves of the banana tree textured under the sky background
images/002966455.jpg,a spoon of yogurt with banana
images/003154131.jpg,"food , toasted pecans folded in a rich banana quick bread that is moist and perfectly sweet ."
images/001774112.jpg,a man rides a bicycle past a truck carrying a load of bananas
images/000368147.jpg,fans with a flag and inflatable banana
images/003178405.jpg,hand of bananas with a juice
images/002131402.jpg,banana and blueberries reunite in this creamy drink !
images/000553966.jpg,big bunch of bananas on sale in the market
images/002201124.jpg,bananas in an old box stock photo - 31741986
images/001699623.jpg,drawing of a bunch of bananas with speech bubble
images/002597724.jpg,bananas and other fruit for sale on a market stall
images/001426966.jpg,cute and funky bananas seamless pattern on the dark background .
images/000156162.jpg,"meal served in banana leaf on the occasion of festival , selective focus"
images/000068916.jpg,ae - hem girls or boys banana print shirt - pink - i need this for holiday
images/002739408.jpg,yellow banana on a pink background .
images/001803323.jpg,bananas on the back of a motorcycle
images/001325351.jpg,cast bronze bananas with a realistic yet whimsical patina .
images/002948827.jpg,realistic banana on a white background .
images/000319990.jpg,a spin on the classic - super moist banana bread studded with chocolate chips !
images/000111878.jpg,"every morning started with oatmeal and a banana -- topped with a sugar in the packet , which i scavenged from various places ."
images/000225443.jpg,vector illustration of a funny banana .
images/001819363.jpg,bananas on sale in a market
images/003263311.jpg,sushi rolls with smoked eel and banana on a wooden board
images/000096897.jpg,man walking past fresh bananas on sale
images/000479437.jpg,flowers and incense sticks wrapped in banana leaf on a red tray for temple offering province
images/002423282.jpg,bananas on the purple background
images/001913908.jpg,over ripe banana cut out on a white background
images/000799927.jpg,a man sells bananas in a small village
images/001630048.jpg,celebrity eats a banana during the third round
images/001627955.jpg,banana tree with fruit in a greenhouse
images/000390087.jpg,a bowl of separated bananas .
images/001003658.jpg,bunch of bananas in the exhibition of agricultural farmers annual
images/000208127.jpg,a spin on the classic - super moist banana bread studded with chocolate chips !
images/001454284.jpg,a young woman carries a load of bananas out of the forest to the market in her village
images/001543506.jpg,"a healthy breakfast of banana , walnuts and yogurt with honey"
images/000565830.jpg,"say goodbye to dry , hard to swallow chunks of banana bread ."
images/000309032.jpg,person uses the banana as her canvas for her project .
images/000951641.jpg,a woman and young child selling bananas
images/000162807.jpg,a bunch of bananas on a white background
images/003286792.jpg,entrance gate to the banana plantation
images/000561380.jpg,cute and funky bananas seamless pattern on the white background .
images/001128042.jpg,isolated peeled banana on a white background
images/001294591.jpg,a variety of bananas at a market
images/002844441.jpg,the pattern of ripe yellow bananas and fresh
images/001044111.jpg,a young man is holding a bunch of bananas
images/002727643.jpg,detail on a banana leaf with sun in background
images/000213144.jpg,bananas are isolated on a white background
images/000584951.jpg,"moist , spiced banana bread filled with chocolate chips , no mixer needed ."
images/002626594.jpg,a bunch of bananas minus two by person
images/000551935.jpg,the composition of bananas in the style of printmaking artist
images/001530777.jpg,what happens to your body if you eat bananas every day .
images/001732150.jpg,a fan threw a banana at football player with the international forced to kick it off the pitch .
images/001561046.jpg,banana for scale on a banana
images/000666891.jpg,a variety of bananas at a market
images/000900932.jpg,the banana with a flower .
images/002191449.jpg,local man wrapping boiled lobster in banana leaf on the beach
images/002446894.jpg,sticker with hand drawn bananas on the gray background .
images/001130593.jpg,a toddler eating a healthy breakfast of banana and granola cereal at the kitchen table in the home
images/001167560.jpg,girl in gold dress holds in the rivers golden bananas
images/001596308.jpg,a banana tree in a plantation in the region
images/002398580.jpg,strawberries and bananas on waffles
images/000703701.jpg,close - up of spices on a banana leaf
images/002520909.jpg,funny gorilla with a banana royalty free stock vectors
images/001442938.jpg,vector seamless pattern with hand drawn bananas on a blue background .
images/000854944.jpg,food : hanging bananas on a red wooden door
images/001091277.jpg,colored chalk drawn illustration of banana and strawberry smoothie in a bottle with ingredients .
images/001278526.jpg,a portrait of a woman smiling and carrying a large bunch of bananas on her head
images/000971162.jpg,i had a bananas in skin
images/002926556.jpg,a tropical opossum eating an egg in a banana tree !
images/000752945.jpg,"the room , full of bananas and the monkey ."
images/002639795.jpg,what to do with bananas that are ripe
images/000585559.jpg,"the boy who became a test player : grew up on his parents , person and banana farm"
images/000742582.jpg,young shoot of a banana tree .
images/003157311.jpg,puppy dog bites in a banana
images/003130336.jpg,bunch of bananas in the exhibition of agricultural farmers annual
images/001261789.jpg,cute and funky bananas seamless pattern on the dark background .
images/002828319.jpg,close up a banana leaf in the wind
images/001453181.jpg,couple with baby selling bananas at the roadside
images/000981896.jpg,cute and funky bananas seamless pattern on the white background .
images/001324620.jpg,bananas isolated on a white background .
images/002646848.jpg,"this creamy vegan yogurt is made with banana , chia seeds , and almond milk ."
images/000263388.jpg,a toddler eating a healthy breakfast of banana and granola cereal at the kitchen table in the home
images/002643746.jpg,a cartoon illustration of an orangutan on a pile of bananas .
images/000552422.jpg,"watercolor set with juicy with bananas , pineapple and coconut ."
images/002666133.jpg,bananas are spinning on a black background
images/002604643.jpg,every time i spell bananas i have to sing the song in my head .
images/000663560.jpg,young girl eating a ripe banana on white background
images/002742623.jpg,detail on a banana leaf with sun in background
images/001095869.jpg,ripe yellow bananas in a brown weaved basket
images/002696235.jpg,cute and funky bananas seamless pattern on the white background .
images/002048946.jpg,fried meat and fried chicken and fried pork put on the banana leaf for sale at street local market
images/002745105.jpg,"a pineapple , a banana and silk almond milk on a kitchen counter"
images/001178556.jpg,"a bunch of yellow bananas slowly spinning , shot on against a white background , high angle"
images/002541387.jpg,"beautiful vector illustration with banana , strawberry and milk splashes ."
images/00006016.jpg,man carrying a bunch of bananas on his shoulder during harvest on plantation
images/000060880.jpg,a healthy banana bread that is refined sugar free and made with whole wheat .
images/000771050.jpg,illustration of a monkey with bananas on a white background
images/003063866.jpg,dish gets even better with the addition of beverage and brown sugar caramelized bananas !
images/001748956.jpg,hand drown vector pattern of yellow bananas on a colored background .
images/001872790.jpg,mini bananas in the courtyard of the village house
images/000474647.jpg,bananas at the saturday market
images/003162017.jpg,little monkey sitting on a banana
images/001394805.jpg,cute baby monkey with banana hanging on the vine isolated on a white background
images/000599871.jpg,bananas and avocados on a fruit stand at a farmers market
images/001476383.jpg,banana turning on itself on a white background
images/000119409.jpg,you will want to steal this apple - peach - banana baby food after you make it for your little one !
images/001288024.jpg,teenager carrying a tray of bananas
images/002760784.jpg,bananas on the fresh department of a supermarket
images/001698961.jpg,you really appreciate how big these bananas are when you 've got the giant pizza there for scale
images/002973986.jpg,a spin on the classic - super moist banana bread studded with chocolate chips !
images/000417312.jpg,strawberry & banana bread fresh out of the oven
images/001152686.jpg,sliding to fresh banana in the kitchen ready to be eat .
images/002300672.jpg,big bunch of bananas waiting to be picked off the plate
images/001581255.jpg,seamless vector pattern of yellow bananas on a pink background .
images/000518148.jpg,"peanut butter and banana on a muffin , double latte to drink ."
images/001434330.jpg,a banana changing over time
images/001569587.jpg,if you have a couple of overripe bananas then whip these muffins up for breakfast .
images/002067624.jpg,sliced banana on a chopping board .
images/002162099.jpg,snack : fruit in sticky rice cooked in a banana leaf .
images/000609835.jpg,seamless vector pattern of yellow bananas on a blue background .
images/000282399.jpg,portrait of a smart serious young man eating banana
images/002298452.jpg,girl holding in both hands on banana close - up .
images/002324659.jpg,"if you love banana bread and peanut butter cookies , these treats have your number ."
images/001810600.jpg,"holding a peeled banana on black background , slow motion"
images/003063375.jpg,vector seamless pattern with hand drawn bananas on a white background .
images/002746481.jpg,banana tree under the sun
images/002829989.jpg,wild baby making a face while clutching piece of banana from supplemental feeding
images/000666996.jpg,local bananas at the farmer 's market
images/001349351.jpg,a single banana against a white background
images/001787896.jpg,looks like this banana tree has more bananas on it then my last visit .
images/001902936.jpg,a man carries a bunch of bananas to market on his shoulder
images/000597527.jpg,seamless pattern of bananas on a white background
images/000509688.jpg,recipe for food - a few interesting ingredients take this banana bread to a tropical place from which you will not want to return .
images/000370106.jpg,the pattern of bananas on a blue background .
images/001000953.jpg,bananas isolated on white background .
images/001729003.jpg,seamless pattern of yellow bananas on a background of black straight lines
images/001622628.jpg,a bunch of bananas and mango isolated on white
images/003137587.jpg,old truck in the banana plantation .
images/000261663.jpg,vector illustration of the banana on white background
images/002476370.jpg,"a banana , the accompaniment to meals - ethnic food tour"
images/001968362.jpg,tape measure around a banana cut out against a white background
images/001119557.jpg,biological species sitting on a banana leaf
images/000462719.jpg,monkey eating banana on the ground
images/001292888.jpg,isolated outline of a banana
images/000622767.jpg,strawberry & banana bread fresh out of the oven
images/001105572.jpg,tape measure around a banana cut out against a white background
images/001893686.jpg,bright summer seamless pattern with bananas on a light yellow background .
images/001943730.jpg,"a big dried banana leaf with a handful and biological species , placed on a white backdrop"
images/003283017.jpg,healthy banana bread full of fiber and protein .
images/000663523.jpg,what 's so bad about this it 's actually the healthiest way to eat a banana
images/000323306.jpg,men are casing banana on a wooden floor .
images/001047566.jpg,"a pile of bananas , oranges , apples , lemons and other assorted fruits shot from above"
images/000141736.jpg,a man carrying a basket of bananas on his head in the market
images/002077943.jpg,close up of a backlit banana leaf
images/002174899.jpg,vector seamless pattern with hand drawn bananas on a white background .
images/001664268.jpg,how to whiten your teeth with a banana - tried this and it works !
images/002383409.jpg,iguanas in the sand eating a banana .
images/001612417.jpg,banana on the street market
images/002063038.jpg,icon of a banana on a white background
images/002778269.jpg,this is no ordinary banana bread !
images/002440721.jpg,"bananas , pears and citrus , to the light"
images/001528036.jpg,portrait of a young woman carrying a plastic bag with bananas
images/002518271.jpg,ship being loaded out of bananas by a lighter in harbor
images/000480047.jpg,a spin on the classic - super moist banana bread studded with chocolate chips !
images/002220935.jpg,bunch of banana on the tree
images/003281766.jpg,a bunch of ripening bananas
images/000620608.jpg,"a young girl holds up a banana to her mouth , imitating a smile"
images/000986935.jpg,a cute young monkey with bananas .
images/002973232.jpg,a bunch of bananas hangs from a tree .
images/002474653.jpg,"grapes , bananas and pomegranate for sale at a market"
images/002380342.jpg,gluten - free pear & banana loaf a dash of compassion
images/003155480.jpg,bananas on sale in a market
images/000934321.jpg,chef has a recipe for a fabulous banana bread
images/000951721.jpg,young man eating a banana in dark studio .
images/002686345.jpg,big bunch of bananas on sale in the market
images/000731850.jpg,"bananas , pears and citrus , to the light"
images/003167426.jpg,"red , yellow and green bananas hanging for sale at a market"
images/000530374.jpg,creative photo spoiled banana in a warm yellow filter
images/000098090.jpg,cast bronze bananas with a realistic yet whimsical patina .
images/001929854.jpg,small bananas at a fruit stand
images/001551929.jpg,a spin on the classic - super moist banana bread studded with chocolate chips !
images/002437598.jpg,vector hand drawn isolated banana with the inscription .
images/002194421.jpg,christmas tree made made from bananas .
images/001029044.jpg,roasted bananas - healthy and easy vegan dessert without any added sugar .
images/002857665.jpg,pink bananas on a pink background .
images/003103298.jpg,ripe bananas on a striped surface
images/000316847.jpg,what are the side effects of bananas
images/002197538.jpg,make a sweet treat with chocolate and bananas .
images/001912024.jpg,isolated vintage banana on a white background
images/002444440.jpg,ripe yellow bananas on a tree
images/000060006.jpg,close up of fresh bananas on a white background
images/000842260.jpg,small bananas at a fruit stand
images/002630803.jpg,bananas and other fruit for sale on a market stall
images/001077219.jpg,bananas on sale in a market
images/001513808.jpg,a group of people ride on a car as they haul bananas out of the thick forest
images/001419548.jpg,hand of a man holding banana
images/001966163.jpg,"food is a close cousin to the carrot cake but with bananas , pineapple and crunchy pecans as the stand out flavours ."
images/002308935.jpg,a boy standing in front of an open refrigerator eating a piece of fruit he is holding a banana and a pear
images/000080658.jpg,seamless vector pattern of banana and watermelon pieces on a black background .
images/000601455.jpg,lentils in a wooden bowl on a banana leaf
images/002471049.jpg,pattern with bananas on a light background .
images/002211134.jpg,banana tree with a bunch of bananas stock photo
images/002552983.jpg,puppy dog bites in a banana
images/000121317.jpg,monkey suited person in a tree eating a banana .
images/002114553.jpg,a rice paddy bordered by banana and papaya trees in the central region
images/001720586.jpg,close up of a banana leaf
images/003039205.jpg,banana tree with a bunch of bananas
images/001221508.jpg,"bananas - all of these are ripe , all were eaten by the next day"
images/003089538.jpg,"banana by printmaking artist created as an album cover for the band , person of printmaking artist if not my favorite ."
images/001297327.jpg,the woman in an apron in the kitchen cleans banana
images/000004231.jpg,note to self : buy bananas like a week beforehand
images/003046805.jpg,monkey eating a banana while hanging upside down from a tree .
images/002249377.jpg,this tropical scene was inspired by the bananas that are grown all around where we live
images/001943632.jpg,ripe bananas on a wooden table isolated green background
images/000874665.jpg,bunch of bananas on a tree
images/002341636.jpg,feed the elephant a banana as they visit zoo .
images/000095447.jpg,a woman balances a large basket of ripe bananas on her head as he walks down the street holding her young son 's head 1950s
images/003263089.jpg,hand sticking a fork on a ripe banana
images/000392990.jpg,pattern of ripe bananas on a white background
images/001047221.jpg,a basket full of bananas at a market .
images/001608779.jpg,juvenile orangutan uses bananas as a stool
images/000748512.jpg,bunch of bananas hanging from a banana tree
images/002666609.jpg,going bananas over this cute bathroom .
images/001422581.jpg,bananas cartoons in a joyful talking .
images/000090166.jpg,bunch of bananas in a banana plantation
images/000433525.jpg,food and jelly had theirs ... but every once in a while it 's banana time !
images/002269919.jpg,bananas in super slow motion receiving raindrops against a black background
images/001681710.jpg,yellow banana in a female hand with a manicure
images/002359068.jpg,rare bearded monkey eating a banana in a forest
images/002116558.jpg,note to self : buy bananas like a week beforehand
images/003253069.jpg,cute baby monkey on a tree holding banana
images/001336804.jpg,butch of small bananas in a hand
images/001108814.jpg,bunch of bananas hanging from a banana tree
images/003222193.jpg,person sharing his bananas with the elephants .
images/003140977.jpg,a spin on the classic - super moist banana bread studded with chocolate chips !
images/001055354.jpg,illustration of a banana rendered in a geometric style
images/002494159.jpg,horse and cart passes a banana plantation
images/000369558.jpg,"hard rain falling on the banana tree outside the house , resolution"
images/002000611.jpg,high contrast photo of bananas floating threateningly in the night
images/001167861.jpg,a monkey eating a banana
images/001539181.jpg,three - toed sloth hanging from a banana tree
images/000213534.jpg,little cute monkey eating a banana at sunset
images/002717127.jpg,buy bananas in bulk dehydrate half with whatever flavors u want .
images/001040696.jpg,a man carries a bunch of bananas to market on his shoulder
images/002668931.jpg,hand drawn sketch style chopped banana with the peel on white background .
images/002711784.jpg,cartoon illustration of a banana with a happy face
images/002246573.jpg,never make eye contact while eating a banana
images/002739905.jpg,a man carries a bunch of bananas to market on his shoulder
images/000680528.jpg,a banana floating in the air in a studio shot
images/002184234.jpg,a man carrying a basket of bananas on his head in the market
images/001220993.jpg,"the team consumed pounds of pizza , gallons of soda and more than a half ton of bananas ."
images/002540856.jpg,pregnant woman sitting next to husband an eating banana -- stock photo #
images/001744439.jpg,bananas in a rustic basket
images/001825334.jpg,strong monkey pulls a lot of bananas .
images/001357140.jpg,yellow bananas seamless pattern on the blue background
images/002116716.jpg,bananas in an open air market
images/000633850.jpg,large bunch of bananas on a banana tree
images/001495504.jpg,sliced banana in peel on a white background
images/000655706.jpg,girls with bananas on the kitchen have fun phone
images/000537018.jpg,"holding a peeled banana on black background , slow motion"
images/002515264.jpg,the average person consumes pounds of bananas every year .
images/001944837.jpg,never make eye contact while she is eating a banana
images/001139139.jpg,"the number on a pure white background using a banana , carrot and asparagus"
images/001982225.jpg,truck in the banana plantation
images/001097082.jpg,banana plantation partly under netting covers on the southern coast
images/002373747.jpg,a bunch of bananas on white background
images/002085667.jpg,view of man moving hanging juicy bananas at the local market
images/002052741.jpg,fresh purple smoothie in a glass bottle made from bananas and blueberries .
images/002000279.jpg,"monkey is sitting and peeling a banana , prepare for eating"
images/002651231.jpg,they said i could be anything so i became a banana
images/001157300.jpg,the chimpanzees of use sticks to fish for bananas on a clothesline and apples in the water
images/000890550.jpg,banana tree under the sun
images/001687072.jpg,a bunch of bananas in a white high key background
images/001731985.jpg,a woman and young child selling bananas
images/000773649.jpg,cute and funky bananas seamless pattern on the dark background .
images/001350361.jpg,banana plantation on formerly rain forest covered area
images/002574895.jpg,breakfast of scrambled eggs with slices of banana bread on a white plate
images/000905547.jpg,man holding a banana in front of his mouth
images/001019807.jpg,a woman prepares a meal of bananas for her family
images/002063282.jpg,"seamless pattern with yellow bananas on a white background for fabric , wallpaper , album cover ."
images/002755294.jpg,"pancakes with banana and honey on a white background , top view"
images/000070588.jpg,make bananas last longer by wrapping a plastic cling film tightly at the crown of the bananas .
images/002020705.jpg,learn the benefits of bananas to build muscle
images/001812419.jpg,traditional south meal on a banana leaf .
images/002830835.jpg,go bananas with this healthy banana bread !
images/001392698.jpg,a bunch of bananas with browning skin on a white background
images/000771267.jpg,pancakes with banana and honey on a white background
images/000538906.jpg,drawing a banana with color background .
images/000731206.jpg,close - up of a banana leaf
images/000512564.jpg,"peanut butter and banana on a muffin , double latte to drink ."
images/002815116.jpg,gifts for the dead bananas
images/00002772.jpg,funky monkeys are going bananas all over the cake !
images/003158171.jpg,bananas in an open air market
images/000075772.jpg,style grill in banana leaf at the market
images/000081974.jpg,"a big dried banana leaf with a handful and biological species , placed on a white backdrop"
images/000939653.jpg,portrait of a young woman carrying a plastic bag with bananas
images/000218672.jpg,bananas in nature with water in the background .
images/000977673.jpg,bunch of bananas in the exhibition of agricultural farmers annual
images/001788840.jpg,bright bananas painted in the heart for you
images/000560319.jpg,a man carries a bunch of bananas to market on his shoulder
images/001994205.jpg,a ripe bunch of bananas is ready to be peeled and eaten
images/000588803.jpg,vector seamless pattern with banana on a white background .
images/003309665.jpg,funny sleeping bananas on a plate stock vector
images/001670473.jpg,"is that a banana in your pocket , or are you just going to shoot me ?"
images/000929716.jpg,bananas are isolated on a white background
images/002574924.jpg,"red , yellow and green bananas hanging for sale at a market"
images/001365045.jpg,peel some of the bananas .
images/000103951.jpg,lady points down the road next to banana plantation
images/002940501.jpg,banana on the street market
images/000705888.jpg,old car with bananas in a farm
images/000591244.jpg,texture of a new banana leaf
images/001278663.jpg,set of colored and hand drawn bananas on the white background .
images/001144541.jpg,banana chilling on the beach
images/001039633.jpg,bananas growing on a tree
images/000929697.jpg,bunch of bananas hanging from a banana tree
images/003108766.jpg,a banana on wood background
images/002664956.jpg,a small banana tree in countryside
images/001792606.jpg,bananas on a wooden table
images/000385146.jpg,bananas sold at a fruit stall
images/003105458.jpg,person woman offers a banana to a monkey seated atop a shoulder bag in the back of a pickup
images/000908008.jpg,banana plantation near the ocean -- stock photo #
images/001981649.jpg,smile quotes friday long week weekend almost here humor : smile like a monkey with a new banana .
images/002899017.jpg,vector illustration of a monkey sitting on a palm tree with bananas
images/000343040.jpg,"banana by printmaking artist created as an album cover for the band , person of printmaking artist if not my favorite ."
images/001623213.jpg,"peanut butter and banana on a muffin , double latte to drink ."
images/001330762.jpg,vector seamless pattern with banana on the white background
images/002900241.jpg,the ultimate guilt - free frozen ice cream made with ingredients - roasted bananas and coconut milk !
images/001358387.jpg,horse and cart passes a banana plantation
images/001607470.jpg,a banana tree creates a towering centerpiece in the garden !
images/002742090.jpg,nest of wasp is under the banana leaf .
images/000332439.jpg,"watercolor set with juicy with bananas , pineapple and coconut ."
images/001980504.jpg,mom a toddler girl choosing bananas in supermarket
images/002717379.jpg,man walking past fresh bananas on sale
images/003218600.jpg,"a pile of old bananas , isolated on white background"
images/001930572.jpg,bananas should not be kept in the fridge !
images/002715141.jpg,"say goodbye to dry , hard to swallow chunks of banana bread ."
images/002046909.jpg,"pink banana on a blue background , 3d illustration"
images/000190844.jpg,portrait of boy holding a banana
images/002996819.jpg,cut a banana into several pieces .
images/001583877.jpg,vitamins fly out of the peeled banana
images/003266304.jpg,several fresh bananas baby on an empty wooden background
images/000190011.jpg,"heat from the sun at banana tree with daytime , 4k video"
images/000326329.jpg,low polygon style illustration of a gold yellow banana abstract geometric background
images/003268800.jpg,type of dish with bananas : butter with a side of bread
images/000624103.jpg,cute monkey lazily lying on a branch and holds the tail of bananas
images/001759701.jpg,monkey eating banana on the ground
images/001508886.jpg,banana for sale in the fresh market
images/000764438.jpg,true or false ? filming location is the world 's largest producer of bananas ?
images/001303301.jpg,handsome young man holding banana isolated on a white background
images/000127206.jpg,banana and apple cartoons dancing as a couple .
images/000291577.jpg,zoo - these apes went bananas for this free haul of the yellow stuff
images/002098873.jpg,ripe banana very similar to people on a white background .
images/000908428.jpg,"a bunch of bananas on a yellow background , foods that help your gut"
images/000680999.jpg,seamless vector pattern of yellow bananas on a pink background .
images/000081930.jpg,bananas on a banana tree
images/003281077.jpg,different types of rice in wooden plates on the banana leaf prepared for cooking
images/000545953.jpg,seamless vector pattern of yellow bananas on a white background .
images/002870204.jpg,traditional south meal on a banana leaf .
images/000286675.jpg,fresh ripe and sweet bananas isolated on a white background with logo .
images/002771518.jpg,banana seamless pattern in flat style .
images/001822689.jpg,traditional south meal on a banana leaf .
images/001481358.jpg,monkey eating a banana while hanging upside down from a tree .
images/002932357.jpg,showing this to my mom next time she makes fun of mydead bananas - they 're better with brown spots !
images/003197840.jpg,seamless vector pattern of yellow bananas on a green background .
images/001532233.jpg,monkey with the plastic banana <3 i still have mine like this .
images/000976934.jpg,yellow ripe bananas on a palm tree
images/003217214.jpg,little monkey holding a banana isolated on white
images/001957472.jpg,a hole peeled banana lying next to its peel
images/000729805.jpg,glass of milk and bananas on a wooden background .
images/000227433.jpg,a bunch of over ripe bananas on a white background
images/000265624.jpg,bananas for sale in the market
images/000994234.jpg,"porridge , oats , milk and banana on the table"
images/000195972.jpg,bunch of bananas on a banana plantation
images/003043402.jpg,an aboriginal worker looks at the condition of bananas on a tree before chopping them down with his machete
images/001254321.jpg,the big spider with long legs on banana leaf .
images/002873382.jpg,detail on a banana leaf with sun in background
images/000644132.jpg,image titled tv genre on a banana leaf step
images/001422873.jpg,"using bananas instead of oil makes this fat - free banana bread extremely moist and lightly sweet , and the blueberries add a fruity surprise to every bite ."
images/002309722.jpg,"fruit , pineapple , bananas , orange juice , and a tiny taste of coconut !"
images/002190524.jpg,type of dish with bananas : butter with a side of bread
images/000957721.jpg,lentils in a wooden bowl on a banana leaf
images/001507295.jpg,isolated banana on a white background
images/003279197.jpg,fat middle - aged man eats a banana while sitting on a bench in summer park
images/002948114.jpg,a spin on the classic - super moist banana bread studded with chocolate chips !
images/000313896.jpg,have you ever found yourself stuck with extra bananas ? the first recipe that usually comes to mind is banana bread .
images/002157177.jpg,a young man is taking a banana that has been lying on the kitchen counter and starts peeling it .
images/001024282.jpg,red flowers of a banana tree
images/002149007.jpg,bananas growing on a banana tree
images/002104949.jpg,find out if eating bananas can really help you lose weight .
images/001269657.jpg,bananas in macro on a white background
images/001136172.jpg,local bananas at the farmer 's market
images/001978481.jpg,camera slides to the left and passes by various colorful bird species eating banana
images/001577323.jpg,colorful pattern of bananas and pineapples on a striped background in pop art style
images/001834404.jpg,banana plantation in the wet tropics
images/003287059.jpg,bunch of bananas in the exhibition of agricultural farmers annual
images/002165478.jpg,person spotted bananas that are just right for baking isolated on white
images/003156945.jpg,a cute monkey swinging from vines with a banana in his hand
images/002304266.jpg,a flower of banana tree
images/001118700.jpg,pattern with bananas on a light background .
images/000050028.jpg,banana seamless pattern with polka dots on a gray background
images/001024098.jpg,banana leaf in a plantation
images/001337598.jpg,"fruit , pineapple , bananas , orange juice , and a tiny taste of coconut !"
images/002331051.jpg,biological species crawling on a banana leaf
images/002735797.jpg,close of boy eating a banana
images/000773801.jpg,ants attack cicada shadow on banana leaf in the tropical sun
images/001953561.jpg,painting of a banana tree
images/000455856.jpg,banana plantation in the wet tropics
images/000428983.jpg,a bunch of tasty bananas on a black background with a place for an inscription
images/001939815.jpg,person sharing his bananas with the elephants .
images/002640758.jpg,because there 's a first time for everything -- including pairing chia seeds with bourbon - soaked bananas .
images/002313972.jpg,bruised banana on a completely white background .
images/000632114.jpg,bananas on a white background
images/001343466.jpg,a bunch of bananas and mango isolated on white
images/002359585.jpg,huge banana besides a slightly smaller banana for scale
images/001532928.jpg,banana bread in all forms and flavours
images/002900365.jpg,bananas on sale in a market
images/001400300.jpg,"a glass and a bottle of milk , apple , bananas and yellow towel"
images/000164099.jpg,rotting banana on a white background
images/000648666.jpg,reading bananas ? we caught up with this vendor who was reading about the latest religious news .
images/001406746.jpg,a street market selling bananas from the back of a truck in a small village
images/000104858.jpg,yellow ripe bananas for sale on a red table cloth
images/001554742.jpg,bananas hanging on a wall .
images/000248218.jpg,a chimpanzee eating a banana thrown by travellers . #
images/002729901.jpg,a man buying bananas in a supermarket
images/001827519.jpg,isolated banana on a white background .
images/001619750.jpg,banana for sale in the fresh market
images/003117959.jpg,pattern of ripe bananas on a purple background
images/000248185.jpg,sweet bananas on the yellow background
images/001921916.jpg,colorful seamless pattern of bananas on a striped background in pop art style
images/002120290.jpg,healthy banana bread full of fiber and protein .
images/001255383.jpg,local bananas at the farmer 's market
images/002525916.jpg,nest of wasp is under the banana leaf .
images/000153211.jpg,local bananas and papaya fruits on a market stall
images/001551605.jpg,couple with baby selling bananas at the roadside
images/000580541.jpg,vector seamless pattern with hand drawn bananas on a pink background .
images/002028998.jpg,animal climbs to a banana
images/001837833.jpg,vector seamless pattern with hand drawn bananas on a white background .
images/000684075.jpg,hand drawn seamless pattern with ripe yellow bananas on the white background in vector
images/000343203.jpg,"banana , blueberry and pecan pancakes from a modern way to eat by person"
images/002002246.jpg,chef putting sliced banana into the plate
images/001240422.jpg,"seamless vector pattern of bananas , pear and watermelon slices on a pink background ."
images/002512195.jpg,seamless vector pattern of yellow bananas on a blue background .
images/001830317.jpg,chef putting sliced banana into the plate
images/000485990.jpg,yellow banana in a female hand with a manicure
images/000938182.jpg,"a pineapple , a banana and silk almond milk on a kitchen counter"
images/001277181.jpg,a bunch of ripe yellow bananas on a white backlit background
images/000457508.jpg,wide angle shot of the banana plantation
images/000532482.jpg,portrait of boy holding a banana
images/001924466.jpg,monkey eating banana on the ground
images/001590748.jpg,vector seamless pattern with hand drawn bananas on a light green background .
images/003237870.jpg,"a decadent dessert of sliced banana , caramel , cinnamon and vanilla ice cream ."
images/001091857.jpg,seamless pattern with bananas on a striped background .
images/000455398.jpg,"banana and apple juice pouring into a glass , healthy smoothie and drinks concept"
images/000517024.jpg,bananas in a glass bowl are seen
images/002601410.jpg,recipe - fluffy yet moist thanks to mashed banana mixed into the batter .
images/001228531.jpg,bananas arranged on a wooden table
images/003193720.jpg,a woman carries freshly harvested bananas
images/002017927.jpg,cartoon man slips on a banana
images/000391645.jpg,shot of tequila vs. a banana
images/000450324.jpg,traditional meal on a banana leaf
images/001994918.jpg,vitamins fly out of the peeled banana
images/002853987.jpg,bananas are just one of a huge number of foods that originated in the rainforest .
images/003225980.jpg,a beautiful bunch of bananas and rings cut isolated on white background .
images/001203468.jpg,bananas on sale in a market
images/001778940.jpg,cocktail of passion fruit served on top of a banana leaf
images/002556194.jpg,banana leaves down the center -- stage
images/000788929.jpg,"the potato was the main crop of the people , along with cocoa and bananas ."
images/000658886.jpg,illustration of a banana rendered in a geometric style
images/001708578.jpg,half eaten banana against a white background
images/000799897.jpg,tv genre for a healthy pregnancy : bananas
images/000304411.jpg,ripe bananas on a white background
images/000954703.jpg,women carrying bananas to a wharf for shipping to market 1800s
images/000576607.jpg,funny gorilla with a banana royalty free stock vectors
images/001323005.jpg,lots of bananas at the market
images/000747410.jpg,image titled tv genre on a banana leaf step
images/002585981.jpg,a banana tree or palm
images/003092918.jpg,portrait of a smart serious young man eating banana
images/000135335.jpg,"bananas : person is proud of his car which spent to make and cost $25,000"
images/002662784.jpg,man carrying a bunch of bananas on his shoulder during harvest on plantation
images/002122152.jpg,"if you love banana bread and peanut butter cookies , these treats have your number ."
images/002860518.jpg,on my first tour i was amazed to see bananas grow upside down !
images/002909578.jpg,bananas in all sizes and colors
images/001008200.jpg,a hole peeled banana lying next to its peel
images/003012597.jpg,recipe - fluffy yet moist thanks to mashed banana mixed into the batter .
images/001158978.jpg,seamless background of peeled bananas with the peel on turquoise background
images/000534193.jpg,cartoon illustration of banana super hero saving the day
images/001076408.jpg,vector illustration of half peeled banana .
images/002794049.jpg,yellow ripe bananas for sale on a red table cloth
images/002355864.jpg,the big spider with long legs on banana leaf .
images/002673705.jpg,man slipped on a banana .
images/002279778.jpg,never make eye contact while eating a banana
images/000014523.jpg,"besides the cute kids , notice the banana tree - the bananas grow stem upwards ."
images/002316921.jpg,tape measure around a banana cut out against a white background
images/002845534.jpg,a hand of bananas hanging on a metal banana tree viewed from above
images/000060121.jpg,man carrying a bunch of bananas on his shoulder during harvest on plantation
images/002230209.jpg,slices of fresh banana bread on a plate
images/002234756.jpg,bunch of bananas on the background .
images/000159975.jpg,bananas are just one of a huge number of foods that originated in the rainforest .
images/002797858.jpg,cute and funky bananas seamless pattern on the dark background .
images/002761412.jpg,cute little girl in pajamas eating banana on the bed at the morning
images/001819334.jpg,traditional food served on a banana leaf
images/001134452.jpg,smile quotes friday long week weekend almost here humor : smile like a monkey with a new banana .
images/000668125.jpg,wrap the top of your bananas with plastic wrap and they 'll last longer .
images/000694540.jpg,"red , yellow and green bananas hanging for sale at a market"
images/002535319.jpg,this is no ordinary banana bread !
images/001725125.jpg,"the bananas isolated on white background , watercolor illustration in hand drawn style ."
images/001659720.jpg,opened ripe banana isolated on a white background
images/000674178.jpg,iguanas in the sand eating a banana .
images/002856933.jpg,fresh bananas at a market
images/000851719.jpg,"a bowl of fruit in a house , with oranges , pears , apples , bananas adn old black banana"
images/002871873.jpg,"steel cut oats cook overnight with bananas , walnuts and spices to create a healthy , make - ahead breakfast that will be waiting for you in the morning ."
images/001023203.jpg,raw banana rotating on the white table with white seamless background
images/001949308.jpg,seamless pattern of bananas on a light gray background .
images/000290279.jpg,"measuring tape wrapped around a banana , isolated on a white background"
images/002303015.jpg,farm workers loading bananas at a collective farm
images/000748905.jpg,bananas on sale in a market
images/002566419.jpg,mom a toddler girl choosing bananas in supermarket
images/001687660.jpg,the big spider with long legs on banana leaf .
images/002207403.jpg,seamless pattern of bananas on a white background .
images/000204630.jpg,bananas what unit of measurement would be best to measure the weight of a bunch of bananas
images/003020474.jpg,bananas should not be kept in the fridge !
images/001416835.jpg,strawberry & banana bread fresh out of the oven
images/002146126.jpg,a study discovered that bananas can supply you with enough energy for a strenuous exercise .
images/000833928.jpg,portrait of a smart serious young man eating banana
images/002609157.jpg,vector seamless pattern with hand drawn bananas on a white background .
images/001219759.jpg,bananas on a cart in the street .
images/001413026.jpg,original banana drawn by color pencils .
images/001613603.jpg,three - toed sloth in a banana tree
images/002097450.jpg,a woman transfers bananas and other produce from boat
images/000458896.jpg,ripe yellow bananas in small and medium bunches on display at the farmers market
images/000565254.jpg,"a wild banana tree , with bananas"
images/000893182.jpg,little cute monkey eating a banana at sunset
images/002715643.jpg,"portrait of a cute baby eating a banana , on a blue studio background"
images/000726394.jpg,my son would go bananas for this car !
images/001871576.jpg,banana with white stroke in a flat style .
images/002804056.jpg,"bananas , fresh off the tree ."
images/002444338.jpg,a woman and young child selling bananas
images/001977161.jpg,wild baby making a face while clutching piece of banana from supplemental feeding
images/002455537.jpg,a rotten banana on a white background .
images/000617611.jpg,banana leaf in the rain
images/000928866.jpg,green and yellow bananas at wholesale market in the streets
images/001647518.jpg,go bananas with this healthy banana bread !
images/000250923.jpg,banana leaf on banana tree in the orchard
images/000371493.jpg,wide angle shot of the banana plantation
images/002580809.jpg,vector seamless pattern with hand drawn bananas on a white background .
images/001702151.jpg,a bunch of ripe yellow bananas on a white backlit background
images/001724524.jpg,"and of course , the obligatory banana for scale ."
images/000600594.jpg,vendors ride on a vehicle transporting crates containing bananas .
images/002427043.jpg,detail on a banana leaf with sun in background
images/002534164.jpg,a man selling bananas in a market
images/001399441.jpg,german dish is a tasty cake that 's a little bit banana bread and a little bit coffee cake .
images/002577301.jpg,stack of unripe bananas on a market stall
images/002694788.jpg,"cigarettes in a banana , smoker , bad teeth -- stock photo #"
images/000449533.jpg,banana seamless pattern with polka dots on a gray background
images/001490678.jpg,smile quotes friday long week weekend almost here humor : smile like a monkey with a new banana .
images/001650602.jpg,"found this little lady in a parking lot , banana for scale"
images/000733384.jpg,a banana plantation grows adjacent to dense tropical rainforest
images/002242615.jpg,a man carries a bunch of bananas to market on his shoulder
images/003219904.jpg,"pink banana on a blue background , 3d illustration"
images/002898748.jpg,cut out banana leaf is on a plate
images/001693972.jpg,a toddler eating a healthy breakfast of banana and granola cereal at the kitchen table in the home
images/003170592.jpg,bunch of ripe bananas with real reflection on a black background isolated
images/002585611.jpg,banana plantation partly under netting covers on the southern coast
images/000013530.jpg,~ ~ recipe banana bread takes a tropical twist with crushed pineapple and coconut .
images/002461949.jpg,dish gets even better with the addition of beverage and brown sugar caramelized bananas !
images/001754784.jpg,overripe bananas with large brown spots on a white background
images/002235312.jpg,"green bananas , sliced lemon and apple falling into the water on the black background ."
images/002338559.jpg,vector seamless pattern with hand drawn bananas on a white background .
images/001846869.jpg,tropical agricultural land and banana plantation with large palm trees towering against the blue sky
images/003093796.jpg,a bunch of fresh bananas
images/002322153.jpg,a banana which is showing brown spots and markings as it starts to over ripen
images/000097251.jpg,banana seamless pattern on the white background
images/000956533.jpg,banana seamless pattern on the white background
images/000387375.jpg,"creative flat lay of a half peeled banana on a pink and white background , top view"
images/001281179.jpg,bananas in a market stall
images/002710812.jpg,"measuring tape wrapped around a banana , isolated on a white background"
images/000810409.jpg,a spin on the classic - super moist banana bread studded with chocolate chips !
images/002686453.jpg,young businessman is holding a banana and stays at panoramic window .
images/002022576.jpg,boy holding a large banana next to bowl of fruit
images/001646666.jpg,a woman wanted to see what will happen if she eats nothing but bananas .
images/002933464.jpg,seamless pattern with image of a banana leaves .
images/001142513.jpg,a bunch of bananas on a white background
images/003180573.jpg,banana isolated on a white background .
images/003102875.jpg,bunch of bananas on a banana plantation
images/002623216.jpg,banana isolated on a white background
images/000434703.jpg,vector illustration of a funny banana .
images/000409554.jpg,are your bananas always turning brown before you have a chance to eat them ? this simple hack will keep your bananas fresh longer .
images/002766427.jpg,seamless pattern of bananas on a yellow background
images/002131069.jpg,banana tree with a bunch of bananas
images/000813217.jpg,"watercolor seamless pattern with coconut palm trees , pineapples , bananas on a white background"
images/002900348.jpg,vector seamless pattern with hand drawn bananas on a blue background .
images/001999835.jpg,half peeled banana isolated on a white background
images/001332881.jpg,fresh purple smoothie in a glass bottle made from bananas and blueberries .
images/003184257.jpg,green and yellow bananas at wholesale market in the streets
images/003149594.jpg,bananas on a banana leaf
images/003136645.jpg,isolated silhouette of a banana
images/003161761.jpg,these blue bags are designed to protect fresh bananas from pests and adverse weather conditions
images/000089466.jpg,bananas on sale for cents each in the section
images/000587850.jpg,a bright blue house under a banana tree
images/002064952.jpg,a lady with her moped overloaded with bananas for sale
images/001878947.jpg,seamless tropical pattern with image of a banana leaves .
images/000244741.jpg,skinny cupcakes with toasted cream cheese frosting -- a mix between banana bread and carrot cake !
images/002588118.jpg,a delivery man carries a very large bunch of yellow bananas on his shoulder while unloading the produce from his
images/001554903.jpg,people pose on a banana during the celebrations
images/000362404.jpg,vector illustration of banana isolated on a white background
images/003090940.jpg,bunch of yellow bananas on a wood table
images/001936262.jpg,people weighing bananas one after another .
images/000050721.jpg,close up a banana leaf in the wind
images/002727358.jpg,ripe yellow bananas in small and medium bunches on display at the farmers market
images/002694436.jpg,a bunch of bananas with the flower hanging below .
images/002579879.jpg,feed the elephant a banana as they visit zoo .
images/000284114.jpg,local women with big branches of bananas hung up under the shade at a banana plantation
images/002624714.jpg,a large bunch of organic bananas on a banana tree in employer
images/000006893.jpg,butch of small bananas in a hand
images/001358411.jpg,half eaten banana against a white background
images/001609907.jpg,a bunch of yellow organic bananas with a green organic sticker
images/000504266.jpg,yellow ripe bananas on colored backgrounds with a long shadow .
images/002852620.jpg,bananas in an old box stock photo - 31741986
images/002229560.jpg,"fruits like oranges , bananas , apples and lemons on a wooden board with notebook"
images/001395511.jpg,bunch of bananas hanging from a banana tree
images/002065913.jpg,overripe bananas with large brown spots on a white background
images/001233201.jpg,are carrying a large bunch of bananas on her head
images/002323112.jpg,cute hanging monkey with banana .
images/001126204.jpg,vector illustration of a smiling girl giving peeled banana to monkey
images/002511235.jpg,freshly sliced bananas on a white background clipping path
images/001606135.jpg,chocolate coated banana on a stick
images/002024443.jpg,vector hand - drawn banana on a white background .
images/001569381.jpg,ocean view and banana farm along the east coast
images/001324858.jpg,a pastor on a banana !
images/001594547.jpg,close of boy eating a banana
images/000087174.jpg,image titled tv genre on a banana leaf step
images/001307026.jpg,couple with baby selling bananas at the roadside
images/001041449.jpg,a cartoon illustration of an orangutan dreaming of a banana
images/003035075.jpg,card with fresh bananas and pineapple on a striped background in a rounded rectangle .
images/001362864.jpg,person stands amongst the remains of his banana plantation .
images/000811764.jpg,"you 've never really seen banana bread quite like this double chocolate vegan one , and it may be hard to go back to the classic once you do !"
images/000668857.jpg,the textured bright green veins of a banana leaf of biological genus
images/001613052.jpg,vector seamless pattern with hand drawn bananas on a pink background .
images/002182367.jpg,banana turning on itself on a white background
images/002237612.jpg,"watercolor seamless pattern with apples , oranges and a banana ."
images/000313606.jpg,a close up of a new banana leaf
images/001214755.jpg,this is bananas mug made
images/000007852.jpg,butch of small bananas in a hand
images/000015463.jpg,pork steamed in a banana leaf
images/001446088.jpg,vector seamless pattern with banana on the white background
images/000986126.jpg,a fish in a banana
images/002615642.jpg,yellow ripe bananas on colored backgrounds with a long shadow .
images/002924865.jpg,a banana on wood background
images/002757422.jpg,bananas on a cart in the street .
images/001050392.jpg,tourists walking through a banana plantation
images/00013536.jpg,bananas on sale for cents each in the section
images/000537355.jpg,a banana tree is situated in front of a building .
images/002123512.jpg,bunch of bananas in a banana plantation
images/000365853.jpg,realistic banana on a white background .
images/001495086.jpg,little girl eating a banana on the background of the christmas tree
images/000662673.jpg,a banana plantation grows adjacent to dense tropical rainforest
images/000309117.jpg,remember to freeze your bananas ahead of time for the best cocktail .
images/000196927.jpg,person uses the banana as her canvas for her project .
images/000105136.jpg,large photo of a lemon on top of bananas framed in raw timber on white wall above sofa
images/001293543.jpg,"a decadent dessert of sliced banana , caramel , cinnamon and vanilla ice cream ."
images/001253928.jpg,bananas on a banana tree
images/000457229.jpg,person uses the banana as her canvas for her project .
images/001971349.jpg,lentils in a wooden bowl on a banana leaf
images/000518085.jpg,"holding and peeling a banana on black background , slow motion"
images/000239306.jpg,"the room , full of bananas and the monkey ."
images/000303120.jpg,make a sweet treat with chocolate and bananas .
images/003020825.jpg,"this combination may sound a little strange , but i have always put banana in my carrot cake to give a moist sponge"
images/002073304.jpg,showing this to my mom next time she makes fun of mydead bananas - they 're better with brown spots !
images/001588458.jpg,a banana tree or palm
images/000698561.jpg,ripe banana very similar to people on a white background .
images/000443602.jpg,we found the smallest banana in the world
images/000384986.jpg,"grapes , bananas and pomegranate for sale at a market"
images/000937126.jpg,a partially peeled banana in the shape of the letter n
images/001049034.jpg,local bananas at the farmer 's market
images/000494569.jpg,horizontal close up of a freshly cooked waffle smothered in sliced banana and chocolate sauce
images/002264921.jpg,type of dish with bananas : butter with a side of bread
images/000988587.jpg,coffee + homemade banana bread at this rustic cafe .
images/000136426.jpg,small bananas at a fruit stand
images/003070532.jpg,"female fist wrapped in measuring tape , lie near the bananas"
images/001824004.jpg,a woman and man pointing at bananas in the store
images/001292552.jpg,price had a narrow escape from wandering spider from bananas
images/002598239.jpg,raw banana rotating on the white table with white seamless background
images/001329150.jpg,pattern of ripe bananas on a purple background
images/001153088.jpg,isolated outline of a group of bananas
images/000812295.jpg,recipe - fluffy yet moist thanks to mashed banana mixed into the batter .
images/001092267.jpg,man holding a banana in front of his mouth
images/003159033.jpg,cheerful baby is eating a banana .
images/003099361.jpg,hand drawing bananas : fruit and leaves on a white background
images/001084163.jpg,pink bananas on a pink background .
images/000242198.jpg,"found this little lady in a parking lot , banana for scale"
images/001011784.jpg,colored bananas on a white background
images/002827397.jpg,close - up of spices on a banana leaf
images/001444803.jpg,type of dish with bananas : butter with a side of bread
images/000713895.jpg,a group of people ride on a car as they haul bananas out of the thick forest
images/000591677.jpg,isolated outline of a group of bananas
images/002070294.jpg,what to do with bananas that are green
images/002001819.jpg,a spin on the classic - super moist banana bread studded with chocolate chips !
images/000439216.jpg,breakfast of banana bread and scrambled eggs on a white plate
images/001804632.jpg,traditional south meal on a banana leaf .
images/002918057.jpg,a cute young monkey with bananas .
images/001895430.jpg,biological species sitting on a banana leaf
images/000614481.jpg,a big bunch of raw bananas hanging of the banana tree
images/001522707.jpg,a snowman with a banana for a mouth in the garden after the first snowfall
images/000309662.jpg,the image of a banana royalty free stock vectors
images/001680710.jpg,plate it on a banana leaf garnished with prawns and mint leaves
images/002385278.jpg,"porridge , oats , milk and banana on the table"
images/000929605.jpg,cute banana with peel and slices .
images/000051119.jpg,vector illustration of the banana on white background
images/000144950.jpg,bananas are one of the most popular fruits in the world .
images/002117710.jpg,funky monkeys are going bananas all over the cake !
images/001818401.jpg,bananas in the form of a christmas tree isolated on white background .
images/002822586.jpg,a variety of bananas at a market
images/000939135.jpg,man riding a motorcycle laden with bananas
images/003054277.jpg,the big spider with long legs on banana leaf .
images/001639505.jpg,portrait of a cute young boy and girl with same clothes sitting on a park and eating banana
images/000358030.jpg,vector illustration of a banana tree
images/000846492.jpg,cupcakes i later added a sliced banana to the top before serving .
images/001300027.jpg,yellow banana on a pink background .
images/000673840.jpg,bananas on a banana tree
images/001886649.jpg,bananas hanging on a wall .
images/000200981.jpg,stalk of bananas covered with raindrops swaying in the breeze on a banana tree
images/000608786.jpg,over ripe banana cut out on a white background
images/002681985.jpg,a man carrying bananas from the boat that brings across the river to the market
images/000148836.jpg,a banana tree seen from below .
images/001274169.jpg,how to draw a bunch of bananas step by step .
images/001516177.jpg,spray - painted it red to make it look more like an actual banana
images/002704746.jpg,tourist attraction is seen beyond a banana plantation
images/002414234.jpg,"fruits -- bananas , apples , oranges and grapes , laying on a white plate"
images/001417470.jpg,a bunch of bananas with the flower hanging below .
images/000919768.jpg,banana plantation partly under netting covers on the southern coast
images/001939106.jpg,a toddler eating a healthy breakfast of banana and granola cereal at the kitchen table in the home
images/001992473.jpg,the image of a banana royalty free stock vectors
images/001619502.jpg,banana bread crumb muffins l !
images/000089923.jpg,iguanas in the sand eating a banana .
images/000691382.jpg,a bunch of bananas and mango isolated on white
images/000958700.jpg,handsome young man holding banana isolated on a white background
images/000045349.jpg,banana isolated on a white background .
images/002898475.jpg,"steel cut oats cook overnight with bananas , walnuts and spices to create a healthy , make - ahead breakfast that will be waiting for you in the morning ."
images/001317707.jpg,a girl eating a banana isolated on white
images/000809080.jpg,a man buying bananas in a supermarket
images/002039364.jpg,cuisine served on a banana leaf
images/001546516.jpg,this is bananas by person
images/000265268.jpg,wide angle shot of the banana plantation
images/002372217.jpg,cute baby monkey with bananas stand on a white background
images/001032685.jpg,"red , yellow and green bananas hanging for sale at a market"
images/002781591.jpg,"get a healthy start with lean protein from milk and yogurt , plus fiber from oats and banana ."
images/001868535.jpg,a bowl of baby food with a banana
images/003050524.jpg,man carrying a cardboard box labelled bananas in a street market .
images/001253727.jpg,this very literal sign describes these bananas
images/002614043.jpg,fresh green banana and coconuts at the market
images/002857207.jpg,cute baby monkey with banana hanging on the vine isolated on a white background
images/001111471.jpg,two single and bunches of fresh banana with leaf .
images/000905728.jpg,a bunch of bananas on display at a market stall
images/001426575.jpg,the banana with a flower .
images/000861658.jpg,are carrying a large bunch of bananas on her head
images/002610583.jpg,banana covered in chocolate on a grey wooden table
images/000543264.jpg,this little guy scored a lot of bananas
images/000732996.jpg,bananas placing together in a container ready for sale
images/001258378.jpg,"person , walks through his barren banana plantation behind his house ."
images/000160574.jpg,"fruits -- bananas , apples , oranges and grapes , laying on a white plate"
images/002048396.jpg,seamless vector pattern of yellow bananas on a green background .
images/000414118.jpg,isolated outline of a banana
images/000497977.jpg,bunch of slightly under ripe bananas on a dark wooden table
images/001921390.jpg,illustration of a banana in hand drawn graphics .
images/002383262.jpg,the big spider with long legs on banana leaf .
images/002121184.jpg,bananas arranged on a wooden table
images/000628155.jpg,isolated banana on a white background .
images/002847326.jpg,butch of small bananas in a hand isolated on white
images/001321031.jpg,banana isolated on a white background
images/000493656.jpg,my son would go bananas for this car !
images/001659705.jpg,the bunch of short size banana with white background
images/002934731.jpg,guests dressed as bananas form a bunch
images/003248825.jpg,a tropical opossum eating an egg in a banana tree !
images/002129180.jpg,brown monkey on palm tree eating a banana
images/001028089.jpg,tourists walking through a banana plantation
images/000680452.jpg,big bunch of bananas on sale in the market
images/001480119.jpg,"watercolor seamless pattern with coconut palm trees , pineapples , bananas on a white background"
images/001371226.jpg,mr a bunch of bananas growing at the bed and breakfast
images/002941460.jpg,men carrying bananas from a truck
images/001523351.jpg,bananas on an orange background .
images/000289206.jpg,a cut out of a nice banana
images/001194275.jpg,half a rotten banana on white background
images/001581001.jpg,a bunch of bananas on white background
images/002402169.jpg,a front pocket allows you to stow a small banana or similar .
images/000428355.jpg,this banana looks like my mom 's dog
images/002962923.jpg,vector seamless pattern with hand drawn bananas on a white background .
images/000566136.jpg,banana plantation near the ocean
images/000429352.jpg,what happens to your body if you eat bananas every day .
images/002734851.jpg,a pastor on a banana !
images/001691036.jpg,"portrait of a young woman looking at the camera , banana leaf , outdoors"
images/002084080.jpg,"banana and apple juice pouring into a glass , healthy smoothie and drinks concept"
images/000134242.jpg,bananas are one of the bestselling items in the produce
images/001975717.jpg,bunch of bananas isolated on white background .
images/001277730.jpg,a bunch of ripening bananas
images/000173030.jpg,found a double banana at work today
images/001992711.jpg,a variety of bananas at a market
images/000109728.jpg,ship being loaded out of bananas by a lighter in harbor
images/001933481.jpg,vector seamless pattern with banana on the white background
images/001232186.jpg,seamless vector pattern of bananas on a light gray background .
images/000053274.jpg,toddler looking at a banana
images/002327166.jpg,ants attack cicada shadow on banana leaf in the tropical sun
images/001755549.jpg,a vendor sells bananas at a vegetable market
images/002916179.jpg,go bananas at your baby shower in honor of the year of the monkey .
images/000046271.jpg,a banana is pointed like a gun with its end peeled back in a comedic fashion
images/003237240.jpg,large banana and measuring tape on a white background
images/001993258.jpg,because there 's a first time for everything -- including pairing chia seeds with bourbon - soaked bananas .
images/002951998.jpg,isolated peeled banana on a white background
images/000413680.jpg,bananas grow in large clumps like enormous broad - leaf grasses and have an absolutely jurassic feel about them .
images/001762183.jpg,some bananas bought from the market on the way to blogger
images/001502306.jpg,zoo - these apes went bananas for this free haul of the yellow stuff
images/001253553.jpg,illustration of a banana rendered in a geometric style
images/001121977.jpg,people pose on a banana during the celebrations
images/002182659.jpg,a banana tree with fruits ready for picking
images/001050345.jpg,isolated sketch of a banana
images/000556984.jpg,"banana leaves on a white background , tropical palm leaves ."
images/001337826.jpg,seamless vector pattern with yellow bananas on a blue background .
images/000070505.jpg,bananas in a market stall
images/001340380.jpg,"conceptual composition , male hand holding a banana as gun , symbolically representing a caution about healthy diet"
images/000477585.jpg,a large bunch of bananas on a banana tree .
images/003228574.jpg,seamless pattern with yellow bananas isolated on the blue background .
images/000245891.jpg,a bunch of bananas on a white background
images/002246505.jpg,tropical bananas growing on a banana tree -- stock photo #
images/001996368.jpg,illustration of a banana on white background in low poly style
images/002775738.jpg,person laughing besides a banana tree
images/001643525.jpg,isolated banana on a white background
images/002538050.jpg,an elderly man checking bananas on a fruit stall at markets
images/001581787.jpg,"a young girl holds up a banana to her mouth , imitating a smile"
images/000452757.jpg,series of painted purple bananas on a yellow background
images/002458614.jpg,workers process freshly harvested bananas
images/001634795.jpg,a front pocket allows you to stow a small banana or similar .
images/000417628.jpg,a ripe bunch of bananas is ready to be peeled and eaten
images/001676291.jpg,bananas on sale in a market
images/003252410.jpg,"a bowl of fruit in a house , with oranges , pears , apples , bananas adn old black banana"
images/001081949.jpg,bananas on sale in a market
images/001373979.jpg,seamless vector pattern of yellow bananas on a light gray background .
images/000976133.jpg,detail of banana leaf on a sunny day
images/001394253.jpg,the back patio and banana garden at the house .
images/001097424.jpg,whole room covered with bananas
images/000033251.jpg,banana seamless pattern with polka dots on a gray background
images/000879341.jpg,chocolate sauce being poured over fried bananas on a stack of pancakes
images/002098347.jpg,ripe bananas on a striped surface
images/001423256.jpg,"the potato was the main crop of the people , along with cocoa and bananas ."
images/002731315.jpg,it is no secret that bananas are healthy .
images/002078199.jpg,"aerial view of dirt road between the plantations of maize , sugar cane and bananas"
images/003245257.jpg,vegan banana and blueberry pancakes from person .
images/002256929.jpg,interacting with a monkey eating a banana .
images/002857557.jpg,a woman selling bananas in a market
images/002727818.jpg,a study discovered that bananas can supply you with enough energy for a strenuous exercise .
images/002847790.jpg,"powerpoint template displaying open lunch box with food in it , and a banana and drink beside it"
images/002266404.jpg,"hard rain falling on the banana tree outside the house , resolution"
images/002818081.jpg,"aerial view of dirt road between the plantations of maize , sugar cane and bananas"
images/002587376.jpg,white banana leaves diagonal pattern on a dark blue background
images/000984342.jpg,bananas are isolated on a white background
images/001332297.jpg,three - toed sloth in a banana tree
images/000547392.jpg,this banana looks exactly like my mom 's dog
images/002153794.jpg,i was expecting a not so great sandwich for lunch but instead was delighted to have a hot meal wrapped in a banana leaf of rice and beans and garlic chicken .
images/001760412.jpg,"measuring tape wrapped around a banana , isolated on a white background royalty - free"
images/002747844.jpg,very high quality original trendy vector seamless pattern with a banana and apple
images/000923488.jpg,banana and blueberry muffins - these are great to freeze for the lunch box
images/001506139.jpg,bananas are isolated on a white background
images/001517994.jpg,silhouette of a young banana tree with a flower and fruits in the vector image on a white background
images/001320283.jpg,bunch or hand of bananas isolated on a white studio background
images/000939554.jpg,three of ripe bananas isolated on a white background
images/000375415.jpg,man riding a motorcycle laden with bananas
images/000581592.jpg,when the dog looks like your slice of banana .
images/001336477.jpg,feed the elephant a banana as they visit zoo .
images/000876004.jpg,vector illustration of a monkey sitting on a palm tree with bananas
images/003262202.jpg,banana with slices of banana on a white background
images/002776574.jpg,green and yellow bananas at wholesale market in the streets
images/00006430.jpg,"pieces of banana and pineapple in flight on a white background , isolated ."
images/001580288.jpg,women selling bananas in the market
images/002365346.jpg,bananas for sale at a street market
images/002409400.jpg,cute little girl in pajamas eating banana on the bed at the morning
images/000401396.jpg,vector seamless pattern of ripe fresh yellow peeled bananas on a blue background
images/000099927.jpg,the child eats banana on a picnic on the green lawn
images/000857182.jpg,a stack of healthy unripe fresh bananas for sale at a rural market
images/000152341.jpg,"mini gluten free , dairy free banana oat muffins stacked on top of each other ."
images/000685985.jpg,a simple south side dish for lunch made with raw banana and coconut
images/002139629.jpg,slicing a banana into thin slices in slow motion
images/000672156.jpg,what 's so bad about this it 's actually the healthiest way to eat a banana
images/002031632.jpg,several fresh bananas baby on an empty wooden background
images/001908112.jpg,chalk drawn illustration of banana and strawberry smoothie in a bottle with ingredients .
images/000592071.jpg,person stands amongst the remains of his banana plantation .
images/000771144.jpg,seamless vector pattern of yellow and green bananas on a white background .
images/000424176.jpg,men loading a truck at a banana plantation
images/000589071.jpg,a boy standing in front of an open refrigerator eating a piece of fruit he is holding a banana and a pear
images/001897502.jpg,a banana isolated on white .
images/000943585.jpg,realistic banana on a white background .
images/001816429.jpg,bananas on sale in a market
images/003103256.jpg,bananas are actually in the family
images/000923881.jpg,man carrying a bunch of bananas on his shoulder during harvest on plantation
images/001756025.jpg,young construction worker eating a banana in lunch time in summer day wipe sweat
images/000671853.jpg,green banana leaf isolate on a white background with clipping path .
images/003091033.jpg,banana on the street market
images/003006030.jpg,"pomegranate , pears , bananas and plums on a wooden background"
images/002326164.jpg,the back patio and banana garden at the house .
images/000596612.jpg,"this combination may sound a little strange , but i have always put banana in my carrot cake to give a moist sponge"
images/002287960.jpg,why do bananas ripen other fruit in the fruit bowl ?
images/000347681.jpg,found a double banana at work today
images/002369121.jpg,a woman sells cooking banana along a road
images/002867618.jpg,mayonnaise and bananas are the only things you 'll need to make this sandwich on classic white bread .
images/002452758.jpg,bananas in macro on a white background
images/002921739.jpg,a variety of bananas at a market
images/002321026.jpg,never make eye contact while she is eating a banana
images/001084568.jpg,seamless pattern with image of a banana leaves .
images/001429718.jpg,the leaves of the banana tree textured under the sky background
images/001164135.jpg,a man buying bananas in a supermarket
images/002906287.jpg,a spin on the classic - super moist banana bread studded with chocolate chips !
images/002401147.jpg,a vendor sells bananas at a vegetable market
images/000978575.jpg,a girl eating a banana isolated on white
images/000748455.jpg,nest of wasp is under the banana leaf .
images/00005414.jpg,ripe bananas on a large wooden background
images/001624969.jpg,illustration of a monkey with bananas on a white background
images/002940095.jpg,"person , poses for a photo as a banana saturday morning during contest via person"
images/000037416.jpg,person sharing his bananas with the elephants .
images/002574549.jpg,close up top view of a banana tree surrounded by vegetation
images/000456132.jpg,the variety of different bananas i picked up .
images/002601851.jpg,in this recipe the bananas are mashed and then put into the batter to distribute their flavor .
images/002879067.jpg,shot of tequila vs. a banana
images/002007747.jpg,bananas and other fruit for sale on a market stall
images/002769880.jpg,bananas on a banana tree
images/000831482.jpg,person uses the banana as her canvas for her project .
images/002700017.jpg,man carrying a bunch of bananas on his shoulder during harvest on plantation
images/000614393.jpg,"bananas , oranges and apples on a market stall"
images/000133142.jpg,biological subfamily enjoys a banana
images/001850604.jpg,"food market , in the city centre , bananas on sale"
images/001975297.jpg,you and your guests will go bananas for this frozen dessert !
images/000709260.jpg,bananas painting with watercolor then designed on a white background .
images/001245021.jpg,close - up of spices on a banana leaf
images/003211364.jpg,a family wades through flood waters on a boat made out of a banana tree
images/001213080.jpg,"a bunch of bananas on a yellow background , foods that help your gut"
images/001529127.jpg,a bunch of bananas minus two by person
images/000262276.jpg,the condom is dressed on a banana .
images/000459886.jpg,local bananas at the farmer 's market
images/002143867.jpg,bananas for sale at a street market
images/002721042.jpg,breakfast of scrambled eggs with slices of banana bread on a white plate
images/002987654.jpg,"a splash of juice in a glass surrounded by oranges , bananas , mango and apple"
images/002258964.jpg,meal served on a banana leaf
images/003114939.jpg,biological species on a banana leaf
images/002191154.jpg,the pattern of ripe yellow bananas and fresh
images/002626141.jpg,what monkeys look like when someone has a banana
images/002525067.jpg,iguanas in the sand eating a banana .
images/001773993.jpg,"our triple decker paisley shaped cake in chocolate , banana , and peanut butter !"
images/002759735.jpg,a truck drives along a banana plantation
images/001873208.jpg,made from bananas - the perfect way to get your sweet fix when trying to watch your diet !
images/002059953.jpg,your kids will go bananas for this .
images/002690224.jpg,food with a pear on banana .
images/000617137.jpg,a trainer will feed a large elephant with bananas .
images/001499448.jpg,cherries and chocolate come together in this rich and creamy smoothie that is naturally sweetened with ripe bananas .
images/000782764.jpg,biological species sitting on a banana leaf
images/002227467.jpg,german dish is a tasty cake that 's a little bit banana bread and a little bit coffee cake .
images/001714245.jpg,fresh green banana and coconuts at the market
images/001382209.jpg,eating bananas is a natural cure to reduce the effects of stress and anxiety .
images/000733789.jpg,"a pile of bananas , oranges , apples , lemons and other assorted fruits shot from above"
images/001076144.jpg,cartoon illustration of a banana
images/001825941.jpg,find out if eating bananas can really help you lose weight .
images/000486018.jpg,banana seamless pattern on the blue background .
images/001058311.jpg,this is a classic banana bread -- moist and full of chocolate chips !
images/000713959.jpg,horse and cart passes a banana plantation
images/000291164.jpg,bananas being sold on a fruit and veg stall on market
images/002197585.jpg,banana plantation partly under netting covers on the southern coast
images/003135150.jpg,close - up of a banana leaf
images/000533698.jpg,a house on stilts and a banana plantation
images/000541937.jpg,young girl holding an apple seated at table between her mother holding a broccoli and her grandmother with a banana
images/002195955.jpg,decorated the house with lots of bananas
images/001786629.jpg,workers processing bananas at a banana plantation
images/001689275.jpg,meal served on a banana leaf
images/002345513.jpg,a man buying bananas from a vendor
images/001033659.jpg,woman taking a banana in a grocery store with fruits and vegetables
images/001764118.jpg,illustration of a banana rendered in a geometric style
images/002205207.jpg,a spin on the classic - super moist banana bread studded with chocolate chips !
images/001761099.jpg,"red and yellow bananas and other fruit and vegetables are traded , bought and sold at the colorful weekly market"
images/000512051.jpg,a group of people ride on a car as they haul bananas out of the thick forest
images/001512862.jpg,pineapple - banana - orange smoothie with a side of strawberries
images/001789964.jpg,a bunch of bananas on white background
images/002868054.jpg,"but i only have this knitted outfit , will that do ? banana for scale ."
images/001986726.jpg,cucumber in a condom with bananas
images/001830048.jpg,vector seamless pattern with hand drawn bananas on a blue background .
images/000753094.jpg,various bananas on a grill
images/001924469.jpg,banana for sale in the fresh market
images/001881798.jpg,never make eye contact while eating a banana
images/002679919.jpg,half a rotten banana on white background
images/001976245.jpg,bananas growing on a tree
images/001911610.jpg,vector pattern of yellow bananas on a blue background .
images/002863604.jpg,cute little girl in pajamas eating banana on the bed at the morning
images/002854180.jpg,portrait of a smart serious young man eating banana
images/000535531.jpg,the sad fate of a forgotten banana in our apartment
images/000755350.jpg,close up of a backlit banana leaf
images/002581909.jpg,ripe banana on a white background
images/003065839.jpg,different types of rice in wooden plates on the banana leaf prepared for cooking
images/000377969.jpg,this is no ordinary banana bread !
images/000312323.jpg,a front pocket allows you to stow a small banana or similar .
images/002522686.jpg,"fruit , pineapple , bananas , orange juice , and a tiny taste of coconut !"
images/002554945.jpg,celebrity eats a banana during the third round
images/000188468.jpg,bananas in an open air market
images/000999196.jpg,some bananas are sweeter than others .
images/001630019.jpg,bright summer seamless pattern with bananas on a black background .
images/001220620.jpg,half peeled banana isolated on a white background
images/001417461.jpg,isolated silhouette of a banana
images/000142346.jpg,these buildings are made of bamboo and banana plants .
images/002488194.jpg,the bananas just keep on forming !
images/000512609.jpg,"measuring tape wrapped around a banana , isolated on a white background"
images/001156462.jpg,"steel cut oats cook overnight with bananas , walnuts and spices to create a healthy , make - ahead breakfast that will be waiting for you in the morning ."
images/003168061.jpg,bananas on sale in a market
images/000301840.jpg,isolated outline of a group of bananas
images/001329894.jpg,ripe bananas on a striped surface
images/000534355.jpg,banana plantation under netting covers on the southern coast
images/000727799.jpg,"a glass and a bottle of milk , apple , bananas and yellow towel"
images/001183566.jpg,women carrying bananas to a wharf for shipping to market 1800s
images/001701031.jpg,seamless pattern with image of a banana leaves .
images/001564411.jpg,holding banana bread and laughing on the beach
images/001830411.jpg,a bunch of bananas on a white background #
images/000109011.jpg,big bunch of bananas on sale in the market
images/003228453.jpg,bananas are transported by ship and train in the 1950s .
images/001327710.jpg,buy bananas in bulk dehydrate half with whatever flavors u want .
images/001084384.jpg,lace this classic banana and toffee pie with a little dark rum .
images/001246590.jpg,half of banana on the white background
images/002722629.jpg,yellow ripe bananas on colored backgrounds with a long shadow .
images/000747387.jpg,"tree of the day : sweet , green banana tree !"
images/003102110.jpg,"monkey and banana ~ by the decorated cookie , yellow"
images/002771011.jpg,entrance gate to the banana plantation
images/001451463.jpg,"person with rice , served on a banana leaf"
images/002033317.jpg,very high quality original trendy vector seamless pattern with a banana and apple
images/000316575.jpg,several stalks of bananas and a half - peeled banana
images/002837491.jpg,banana on the street market
images/001078892.jpg,bananas arranged on a wooden table
images/000527849.jpg,female hand pours a smoothie of banana and spinach
images/002604031.jpg,"layers using banana , kale , blueberry , strawberry and a few other treats ."
images/002421154.jpg,person can actually grow banana 's if you take good care of it !
images/001679932.jpg,the chimpanzees of use sticks to fish for bananas on a clothesline and apples in the water
images/002066004.jpg,tropical agricultural land and banana plantation with large palm trees towering against the blue sky
images/002306827.jpg,"peanut butter and jelly sandwich , with dancing banana , and a glass of milk"
images/001354285.jpg,people pose on a banana during the celebrations
images/002853980.jpg,"a big dried banana leaf with a handful and biological species , placed on a white backdrop"
images/000263678.jpg,women carrying bunches of cooking bananas to a local market
images/003256573.jpg,this flower looks like it should taste like bananas and strawberries !
images/002943628.jpg,"holding a peeled banana on black background , slow motion"
images/000273748.jpg,lady points down the road next to banana plantation
images/000845848.jpg,these are the recipes that every banana - bread - lover needs to try
images/000882659.jpg,many different kinds of bananas i wish i could visit a fruit market someday .
images/000928602.jpg,the monkey opens his mouth while eating a banana while his eyes are closed
images/000479735.jpg,a delivery man carries a very large bunch of yellow bananas on his shoulder while unloading the produce from his
images/000726894.jpg,vector image of bananas on a transparent background .
images/001480236.jpg,macro closeup of bananas on a kitchen table by window showing detail and texture
images/001079479.jpg,tourists wait to be served banana - flavoured treats .
images/000101953.jpg,yellow bananas on an orange background seamless pattern .
images/002130922.jpg,seamless texture of the outlines of bananas
images/002899300.jpg,detail on a banana leaf with sun in background
images/001021721.jpg,baby is eating a banana in the kitchen
images/000559250.jpg,the pattern of ripe yellow bananas and fresh
images/000314787.jpg,women carrying bunches of cooking bananas to a local market
images/001910367.jpg,"every morning started with oatmeal and a banana -- topped with a sugar in the packet , which i scavenged from various places ."
images/000834699.jpg,banana isolated on a white background
images/000285142.jpg,"half - peeled overripe , spotty banana , isolated on a white background"
images/000248440.jpg,fresh bananas at a market
images/000243757.jpg,banana seamless pattern in flat style .
images/003164802.jpg,a worker carries a big branch of bananas on his shoulder at a banana plantation
images/002949063.jpg,a young girl holding a banana in front of her face
images/002443797.jpg,polynesian traditional meal served on a banana leaf
images/000784452.jpg,hand drawn sketch style chopped banana with the peel on white background .
images/000263777.jpg,man talking with a banana
images/002268503.jpg,fresh green banana and coconuts at the market
images/003260470.jpg,bananas and other fruit for sale on a market stall
images/000265240.jpg,various bananas on a grill
images/003095711.jpg,feed the elephant a banana as they visit zoo .
images/002572987.jpg,"spotty ripe whole banana with mashed fruit , isolated on a white background"
images/003032645.jpg,pattern of ripe bananas on a white background
images/000186996.jpg,"measuring tape wrapped around a banana , isolated on a white background"
images/002813851.jpg,"person , walks through his barren banana plantation behind his house ."
images/001259490.jpg,seamless pattern of bananas on a white background
images/000480150.jpg,detail on a banana leaf with sun in background
images/000635616.jpg,bananas on sale in a market
images/002147335.jpg,image titled tv genre on a banana leaf step
images/001108169.jpg,view of the river through a banana leaf .
images/002441320.jpg,comedian with a banana that was considered too curved to be sold in a supermarket .
images/001900480.jpg,pattern with bananas on a black background
images/000849486.jpg,hand drown vector pattern of yellow bananas on a colored background .
images/000142645.jpg,german dish is a tasty cake that 's a little bit banana bread and a little bit coffee cake .
images/002263253.jpg,bananas in a female hand
images/001983856.jpg,rare bearded monkey eating a banana in a forest
images/000820173.jpg,ripe juicy fresh tropical yellow bananas on a background of palm leaf
images/003288448.jpg,a lady with her moped overloaded with bananas for sale
images/001105151.jpg,bunch of bananas hanging from a banana tree
images/000654447.jpg,bunch of bananas in the exhibition of agricultural farmers annual
images/001494052.jpg,cocoon : the bananas were infested with dozens of deadly spiders hatching from eggs
images/002492050.jpg,seamless vector pattern of yellow bananas on a green background .
images/000405182.jpg,monkey and a banana for a couples halloween costume !
images/000037412.jpg,"layers using banana , kale , blueberry , strawberry and a few other treats ."
images/001486415.jpg,there is a reason animation film love bananas so much .
images/001444024.jpg,banana with a syringe stuck concept of transgenic foods
images/003136481.jpg,hand sticking a fork on a ripe banana
images/000092544.jpg,creative photo spoiled banana in a warm yellow filter
images/000485799.jpg,a delivery man carries a very large bunch of yellow bananas on his shoulder while unloading the produce from his
images/003266780.jpg,three - toed sloth in a banana tree
images/003282838.jpg,"aerial view of dirt road between the plantations of maize , sugar cane and bananas"
images/002748238.jpg,image titled tv genre on a banana leaf step
images/000692902.jpg,"a banana , strawberries and a handful of almonds , sunflower and pumpkin seeds"
images/000119329.jpg,day : my cafe finally restocked their bananas !
images/002411157.jpg,twin brothers playing with bananas at the breakfast table
images/002805634.jpg,a butterfly feeding on a rotting banana
images/000185845.jpg,fresh purple smoothie in a glass bottle made from bananas and blueberries .
images/000732891.jpg,note to self : buy bananas like a week beforehand
images/000623013.jpg,feed the elephant a banana as they visit zoo .
images/002629117.jpg,raw banana rotating on the white table with white seamless background
images/000468405.jpg,"strawberries and bananas are the main ingredients in one of our most popular smoothies , cake ."
images/003008927.jpg,"a simple twist on traditional banana bread , food is made without any butter or oil - low in fat , high in taste !"
images/003300883.jpg,a bunch of yellow bananas .
images/000874949.jpg,hazy sunset above a banana plantation
images/001550045.jpg,cartoon illustration of a happy banana
images/000163984.jpg,authentic waffle with bananas at a cafe
images/002270398.jpg,a bowl of sliced banana .
images/001995543.jpg,"big hungry gorilla eating a healthy snack of bananas for breakfast , isolated on white background -- stock photo #"
images/001055507.jpg,real bananas on venture funded company
images/002716866.jpg,eating bananas on the beach
images/001229563.jpg,bunch of bananas on a banana plantation
images/000298189.jpg,guess how many bananas i can fit in my mouth !
images/002643771.jpg,banana tree leaves in the jungle over a blue sky
images/001512941.jpg,seamless pattern with bananas on a striped background .
images/002597407.jpg,the average person consumes pounds of bananas every year .
images/001700715.jpg,i had a bananas in skin
images/002940875.jpg,lots of bananas at the market
images/001392817.jpg,close up of a banana leaf
images/002836851.jpg,deep fried bananas foster cheesecake on a stick : food
images/000887095.jpg,never make eye contact while she is eating a banana
images/002681563.jpg,banana tree with a bunch of bananas
images/000268383.jpg,girl holds banana as a phone
images/001894683.jpg,bananas as sweet as the message written upon them .
images/003135088.jpg,these waffles are made with % whole wheat flour and mashed bananas .
images/000490996.jpg,banana tree and fruits at the forest
images/001688845.jpg,fruit with bananas in a wooden crate
images/001132206.jpg,bunch of bananas hanging from a banana tree
images/001880971.jpg,we found the smallest banana in the world
images/000840582.jpg,skiers having a snack eating a banana and drinking from a water bottle on slopes .
images/000311728.jpg,banana seamless pattern on the white background
images/002116041.jpg,pattern of bananas and green leaves on a pink .
images/001615477.jpg,bunch of slightly under ripe bananas on a dark wooden table
images/002555639.jpg,colorful seamless pattern of bananas on a striped background in pop art style
images/001978590.jpg,banana leaf in the wind
images/002833950.jpg,"banana , avocado and a drop of lemon , perfect vegan baby food"
images/002043461.jpg,lace this classic banana and toffee pie with a little dark rum .
images/000168076.jpg,vector illustration of half peeled banana .
images/001233944.jpg,half eaten banana against a white background
images/000822096.jpg,pineapple - banana - orange smoothie with a side of strawberries
images/002316342.jpg,going bananas over this cute bathroom .
images/000870009.jpg,a lot of small bananas on the tree
images/000863415.jpg,"bananas , fresh off the tree ."
images/001732152.jpg,a banana is pointed like a gun with its end peeled back in a comedic fashion
images/002895991.jpg,banana chilling on the beach
images/000436076.jpg,cute little girl in pajamas eating banana on the bed at the morning
images/001392532.jpg,bananas on sale in a market
images/000061630.jpg,woman taking a banana in a grocery store with fruits and vegetables
images/002952834.jpg,monkey eating banana on the ground
images/003034923.jpg,the banana tree at our backyard also ripen .
images/002951859.jpg,"this is for my grandchildren , to see how bananas grow ."
images/003161061.jpg,cute and funky bananas seamless pattern on the dark background .
images/000036404.jpg,two single and bunches of fresh banana with leaf .
images/001456394.jpg,a banana tree creates a towering centerpiece in the garden !
images/001756153.jpg,people selling bananas at a market
images/000469252.jpg,bunch of bananas hanging from a banana tree
images/001958773.jpg,"the room , full of bananas and the monkey ."
images/000132508.jpg,focus on flower in the tray by a woman weaving fish with banana leaf traditional handmade for background
images/000954459.jpg,over ripe banana cut out on a white background
images/001807170.jpg,isolated geometric banana on a white background
images/000228257.jpg,leaves of a banana tree against blue sky
images/000495516.jpg,vector illustration of the banana on white background
images/001050524.jpg,seamless pattern with image of a banana leaves .
images/003049425.jpg,banana flat icon with long shadow .
images/001035760.jpg,"banana , blueberry and pecan pancakes from a modern way to eat by person"
images/00001649.jpg,a bunch of bananas in a white high key background
images/002164698.jpg,drummers lead a procession of a sacred banana tree and holy water during festival .
images/002872159.jpg,holding banana bread and laughing on the beach
images/002141900.jpg,bananas on a white background .
images/001006427.jpg,a bunch of bananas on a white background
images/000262977.jpg,bananas for a runner 's diet
images/001551391.jpg,skiers having a snack eating a banana and drinking from a water bottle on slopes .
images/003152867.jpg,monkey and a banana for a couples halloween costume !
images/000962847.jpg,bright summer seamless pattern with bananas on a light yellow background .
images/003116593.jpg,image titled tv genre on a banana leaf step
images/001211904.jpg,butterflies feasting on a banana
images/001256214.jpg,painting of a banana tree
images/000948124.jpg,isolated banana on a white background
images/001982813.jpg,bananas foster shots taste just like the dessert in a glass !
images/003286988.jpg,little cute monkey eating a banana at sunset
images/001243004.jpg,a trainer will feed a large elephant with bananas .
images/001794339.jpg,bananas for sale in the market
images/002269039.jpg,monkeys eating bananas along the fence
images/001389388.jpg,"here is my banana , wondering what hit him ."
images/001115695.jpg,food and banana placed on a table
images/000620506.jpg,"measuring tape wrapped around a banana , isolated on a white background"
images/000663713.jpg,a tiny bat eats a banana .
images/002127301.jpg,nest of wasp is under the banana leaf .
images/000480815.jpg,a stack of healthy unripe fresh bananas for sale at a rural market
images/002447487.jpg,meal served on a banana leaf
images/001625421.jpg,"a pineapple , a banana and silk almond milk on a kitchen counter"
images/003259240.jpg,drawing a banana with color background .
images/000629050.jpg,isolated silhouette of a banana
images/001384329.jpg,bananas in a market stall
images/000172236.jpg,brown monkey on palm tree eating a banana
images/000643930.jpg,"fruit , pineapple , bananas , orange juice , and a tiny taste of coconut !"
images/000887556.jpg,we found the smallest banana in the world
images/002526320.jpg,a little toddler boy eating a healthy breakfast of banana and granola cereal
images/00011455.jpg,no bananas in the sky
images/002333323.jpg,seamless vector pattern of banana and watermelon pieces on a black background .
images/000805587.jpg,men loading a truck at a banana plantation
images/002325295.jpg,industry in a banana leaf
images/000895919.jpg,little cute monkey eating banana on a wild nature background
images/002581200.jpg,fish cooked in a banana leaf
images/001471360.jpg,man carrying a bunch of bananas on his shoulder during harvest on plantation
images/001270453.jpg,banana seamless pattern on the white background .
images/001767684.jpg,the surprising history behind bananas
images/001775823.jpg,remember to freeze your bananas ahead of time for the best cocktail .
images/002220185.jpg,avoid exposing bananas to the air
images/002614095.jpg,man with a bunch of bananas
images/002245919.jpg,banana tree with a bunch of growing ripe yellow bananas at plantation
images/001692913.jpg,ripe bananas with a peeled and partially sliced banana
images/001960368.jpg,sliced banana in peel on a white background
images/000049246.jpg,"conceptual composition , male hand holding a banana as gun , symbolically representing a caution about healthy diet"
images/000685785.jpg,"skin from banana in the female hand , isolated on white"
images/003184645.jpg,"conceptual composition , male hand holding a banana as gun , symbolically representing a caution about healthy diet"
images/000764169.jpg,close - up of spices on a banana leaf
images/001308709.jpg,"creative flat lay of a half peeled banana on a pink and white background , top view"
images/000001164.jpg,"if cutting up bananas is too strenuous , then this gadget could help you reduce both time and effort"
images/001524990.jpg,a young school boy enjoys eating a banana - very shallow depth of field with copy space
images/000805827.jpg,banana seamless pattern on the white background .
images/000045474.jpg,three - toed sloth hanging from a banana tree
images/002682059.jpg,vector seamless pattern with hand drawn bananas on a white background .
images/000727129.jpg,banana - split pancakes - this whole stack for calories !
images/001605467.jpg,never make eye contact while eating a banana
images/001334639.jpg,"banana tree with green bananas fruits and the heart , growing banana ."
images/003269368.jpg,cartoon illustration of a banana
images/000617263.jpg,banana and blueberry muffins - these are great to freeze for the lunch box
images/001722354.jpg,yellow ripe bananas on a palm tree
images/002487074.jpg,two single and bunches of fresh banana with leaf .
images/003201344.jpg,seamless vector pattern with yellow banana on the turquoise background
images/002976423.jpg,a man buying bananas in a supermarket
images/000968539.jpg,big bunch of bananas on sale in the market
images/000973178.jpg,a banana - eating fungus has been found to have spread to person and republic
images/000175585.jpg,close - up of spices on a banana leaf
images/002583524.jpg,make a bunch of fake bananas and slightly stale bread .
images/000898902.jpg,man selecting bananas at a roadside fruit stall .
images/000531325.jpg,a woman eats a healthy breakfast of banana and yogurt with granola
images/001390666.jpg,person stands amongst the remains of his banana plantation .
images/000371566.jpg,person can actually grow banana 's if you take good care of it !
images/000178261.jpg,this is a classic banana bread -- moist and full of chocolate chips !
images/000920207.jpg,plate of scrambled eggs and banana bread on a wooden table with a dish of butter
images/001366061.jpg,joyful little girl rejoices to a banana
images/001851193.jpg,monkeys eating bananas along the fence
images/002495189.jpg,"on weekdays , i usually have milk , cereal and banana with a mug of tea or coffee for my breakfast ."
images/002071444.jpg,bananas are isolated on a white background
images/001852541.jpg,banana seamless pattern in flat style .
images/002038808.jpg,bananas washed in a large water tank during harvest and packing
images/002539855.jpg,type of dish with bananas : butter with a side of bread
images/003179654.jpg,illustration of a banana rendered in a geometric style
images/002931933.jpg,vector seamless pattern with hand drawn bananas on a white background .
images/003021473.jpg,woman holding a half peeled banana in her hand
images/000174953.jpg,ae - hem girls or boys banana print shirt - pink - i need this for holiday
images/000488296.jpg,a cartoon illustration of an orangutan on a pile of bananas .
images/002492505.jpg,ripe bananas on a wooden table
images/001916683.jpg,"powerpoint template displaying open lunch box with food in it , and a banana and drink beside it"
images/000493315.jpg,set of colored and hand drawn bananas on the white background .
images/000279514.jpg,bunch of banana on the tree
images/000216608.jpg,monkey with a banana on a white background
images/003025785.jpg,a banana tree in a plantation in the region
images/003004279.jpg,cookies that taste like banana bread and are healthy enough for breakfast !
images/000114455.jpg,the bunch of overripe bananas .
images/002751286.jpg,gluten free vegan strawberry banana bread .
images/002154623.jpg,half peeled banana isolated on a white background
images/002610925.jpg,a bunch of yellow bananas slowly rotating against black background
images/001120536.jpg,"holding and peeling a banana on black background , slow motion"
images/001263503.jpg,bananas in a market stall
images/000566687.jpg,close up of a bright green banana leaf
images/002499873.jpg,interacting with a monkey eating a banana .
images/000257324.jpg,seamless pattern with bananas on a striped background .
images/003058426.jpg,ripe bananas set isolated on a white background
images/002943972.jpg,peeling the skin from a banana .
images/001940401.jpg,half a rotten banana on white background
images/002674517.jpg,bright summer seamless pattern with bananas on a green background .
images/000737069.jpg,banana on the wooden background .
images/000323286.jpg,banana bread fresh out of the oven
images/000497914.jpg,painting of a banana tree
images/002752987.jpg,gone bananas print children 's dress - size only - last dress in this print made cotton
images/000649146.jpg,a man carries a bunch of bananas to market on his shoulder
images/002090079.jpg,joyful little girl rejoices to a banana
images/002865995.jpg,cute baby monkey with banana isolated on a white background
images/002982501.jpg,pictures of the - banana flower
images/003264758.jpg,young man eating a banana in dark studio .
images/001606495.jpg,a cute monkey swinging from vines with a banana in his hand
images/000914413.jpg,spices on a banana leaf
images/001894620.jpg,fresh yellow bananas rotating on white surface in a seamless loop
images/000444725.jpg,a bunch of bananas and mango isolated on white
images/001348039.jpg,a bunch of bananas on a white background
images/002893886.jpg,woman selling bananas in the streets
images/003221046.jpg,banana plantation on formerly rain forest covered area
images/002406726.jpg,colored bananas on a white background
images/002025227.jpg,body is the length of a banana .
images/001340010.jpg,"technically this is healthy banana nice - cream , so why not eat it for breakfast ? learn how here ."
images/002788796.jpg,a stall selling red & green bananas alongside art work at the roadside near town .
images/000065053.jpg,wide angle shot of the banana plantation
images/000426985.jpg,"a big dried banana leaf with a handful and biological species , placed on a white backdrop"
images/002984517.jpg,a big bunch of raw bananas hanging of the banana tree
images/003137346.jpg,these are the recipes that every banana - bread - lover needs to try
images/001332951.jpg,"seamless vector pattern of bananas , pear and watermelon slices on a pink background ."
images/002586412.jpg,comedian with a banana that was considered too curved to be sold in a supermarket .
images/001074702.jpg,"besides the cute kids , notice the banana tree - the bananas grow stem upwards ."
images/002626743.jpg,"female fist wrapped in measuring tape , lie near the bananas"
images/003034498.jpg,slices of fresh banana being fried and turned over in a pan with a spatula
images/000354916.jpg,never make eye contact while eating a banana
images/002362254.jpg,a cute young monkey with bananas .
images/001792140.jpg,large bunch of bananas on a banana tree
images/001315948.jpg,"say goodbye to dry , hard to swallow chunks of banana bread ."
images/000403035.jpg,"nut free banana bread that 's full of chia seeds , fiber and flavor for a healthy snack !"
images/002491770.jpg,a vendor sells bananas at a vegetable market
images/000673793.jpg,healthy banana bread full of fiber and protein .
images/002976645.jpg,hand drawn sketch style chopped banana with the peel on white background .
images/002585757.jpg,bananas growing on a banana tree
images/003279681.jpg,"food market , in the city centre , bananas on sale"
images/002390843.jpg,shoppers at the market can choose from many more varieties of banana
images/002112535.jpg,"drizzle a little or drizzle a lot , banana bread is breakfast acceptable even when doused in chocolate ."
images/001123281.jpg,monkey eating banana on the ground
images/002163726.jpg,cute hand drawn bananas on a white background .
images/000571061.jpg,"holding a peeled banana on black background , slow motion"
images/000218681.jpg,the player also had a banana thrown at him by a woman during a showdown in august last year
images/002074166.jpg,"animal lays begging the head crooked , glass of bananas milk stands on the table - black and white"
images/002985067.jpg,"watercolor seamless pattern with coconut palm trees , pineapples , bananas on a white background"
images/003263872.jpg,banana chilling on the beach
images/001333156.jpg,"cartoon illustration showing a bunch of bananas , including a happy one"
images/002935658.jpg,"a simple twist on traditional banana bread , food is made without any butter or oil - low in fat , high in taste !"
images/000096533.jpg,"aerial view of dirt road between the plantations of maize , sugar cane and bananas"
images/002776235.jpg,a bunch of yellow organic bananas with a green organic sticker
images/003047200.jpg,"pink banana on a yellow background , 3d illustration"
images/001337497.jpg,banana and orange with a syringe stuck concept of transgenic foods
images/001882346.jpg,"the bananas were put on the table , old wooden floors ."
images/001127839.jpg,bananas for a runner 's diet
images/003002630.jpg,banana and date cake with a honey and food
images/002804209.jpg,a young girl holding a banana in front of her face
images/002580829.jpg,sliced banana bread on a wooden cutting board
images/000774449.jpg,tourists walking through a banana plantation
images/002436738.jpg,little cute monkey eating banana on a wild nature background
images/001741437.jpg,several bananas lie on a wooden table next to a measuring tape .
images/000854002.jpg,hazy sunset above a banana plantation
images/001233994.jpg,bananas are isolated on a white background
images/002870406.jpg,country consumes more bananas than any other fruit .
images/001946050.jpg,close up of bananas in a grocery store
images/001093958.jpg,a woman balances a large basket of ripe bananas on her head as he walks down the street holding her young son 's head 1950s
images/001188116.jpg,yellow ripe banana on a turquoise background .
images/002566066.jpg,what 's so bad about this it 's actually the healthiest way to eat a banana
images/003171533.jpg,i got this tiny banana for western christian holiday .
images/002537388.jpg,the banana which grew on the tree
images/000642790.jpg,bananas on sale in a market
images/001145932.jpg,woman in hospital shocked to see a banana for dinner
images/003257115.jpg,"nut free banana bread that 's full of chia seeds , fiber and flavor for a healthy snack !"
images/000376428.jpg,yellow bananas seamless pattern on the blue background
images/000480297.jpg,a banana which is showing brown spots and markings as it starts to over ripen
images/000887691.jpg,seamless pattern of bananas on a yellow background
images/001834931.jpg,bananas arranged in a sculpture - like form
images/001171601.jpg,bunch of bananas in the exhibition of agricultural farmers annual
images/001263353.jpg,there are different types of bananas .
images/000757836.jpg,going bananas - funky monkeys are going bananas all over the cake !
images/002887858.jpg,an overripe banana on a wooden table
images/000739746.jpg,bananas on a banana tree
images/003236651.jpg,bananas on sale in a market
images/003213416.jpg,ripe bananas painted in the form of a heart on a white background
images/001607123.jpg,flowers and incense sticks wrapped in banana leaf on a red tray for temple offering province
images/002176678.jpg,buy bananas in bulk dehydrate half with whatever flavors u want .
images/001871622.jpg,bananas and other fruit for sale on a market stall
images/000838475.jpg,seamless pattern with bananas on a striped background .
images/002452793.jpg,this is no ordinary banana bread !
images/000702081.jpg,bananas and other fruit for sale on a market stall
images/000584947.jpg,bunch of bananas on a banana plantation
images/000902754.jpg,horse and cart passes a banana plantation
images/002258770.jpg,"person , walks through his barren banana plantation behind his house ."
images/000298969.jpg,banana plantation near the ocean -- stock photo #
images/001411110.jpg,bunch of organic bananas sitting on a kitchen table
images/003267011.jpg,a woman prepares a meal of bananas for her family
images/001920265.jpg,gluten - free banana bread ready for the oven
images/001990377.jpg,close - up of a mid adult man carrying a bunch of bananas on his head
images/000622960.jpg,a bunch of bananas on a white background
images/003191477.jpg,a man sells bananas on a stall outside islamic structure
images/003175214.jpg,delicious bananas in super slow motion being soaked against a black background
images/003144514.jpg,butch of small bananas in a hand
images/001696443.jpg,vector seamless pattern with hand drawn bananas on a white background .
images/001541087.jpg,the hand throws the skin off the banana .
images/000711756.jpg,a cart full of bananas for sale in a street
images/000179580.jpg,vector illustration of half peeled banana isolated on a white background
images/000925789.jpg,"red , yellow and green bananas hanging for sale at a market"
images/001425305.jpg,they 'll go bananas for this one
images/003019381.jpg,gluten - free banana bread ready for the oven
images/000118328.jpg,cute and funky bananas seamless pattern on the dark background .
images/001925973.jpg,ripe bananas painted in the form of a heart on a white background
images/003159674.jpg,a bunch of bananas in a white high key background
images/000595473.jpg,"hard rain falling on the banana tree outside the house , resolution"
images/002618402.jpg,"here is my banana , wondering what hit him ."
images/000052048.jpg,bananas on the back of a bike against a green foliage
images/001995907.jpg,loading bananas on to boats
images/002435274.jpg,a cartoon brown happy monkey eating banana with thumb up
images/002286258.jpg,illustration of monkeys with banana inside the fence
images/002965265.jpg,take the humble banana to a whole new level .
images/002749474.jpg,"heat from the sun at banana tree with daytime , 4k video"
images/001881419.jpg,close - up of a mid adult man carrying a bunch of bananas on his head
images/001210866.jpg,overripe bananas with large brown spots on a white background
images/000917174.jpg,close - up of spices on a banana leaf
images/002652543.jpg,bananas in a market stall
images/003137439.jpg,bananas for sale in a supermarket
images/000228653.jpg,man breaks a branch of bananas
images/001912939.jpg,you and your guests will go bananas for this frozen dessert !
images/002249524.jpg,colorful seamless pattern of bananas on a striped background in pop art style
images/003311302.jpg,detail on a banana leaf with sun in background
images/002979650.jpg,pattern of bananas and green leaves on a pink .
images/002848237.jpg,a woman is eating a banana .
images/003199958.jpg,gluten - free banana bread ready for the oven
images/002535322.jpg,a bunch of bananas hangs from a tree .
images/002630633.jpg,banana seamless pattern on a pink background
images/000228323.jpg,meal on a banana leaf
images/000989217.jpg,monkeys eating bananas along the fence
images/002721084.jpg,stalk of bananas with it 's flower covered with raindrops on a banana tree
images/000538492.jpg,a bunch of bananas of a banana tree
images/002119892.jpg,image titled tv genre on a banana leaf step
images/002381733.jpg,"hard rain falling on the banana tree outside the house , resolution"
images/002415429.jpg,teenager carrying a tray of bananas
images/002474693.jpg,close - up view of a single fresh yellow organic ripe banana isolated on white background .
images/000469223.jpg,bananas and avocados on a fruit stand at a farmers market
images/000507573.jpg,"food , toasted pecans folded in a rich banana quick bread that is moist and perfectly sweet ."
images/002730377.jpg,portrait of a smart serious young man eating banana
images/002451625.jpg,bananas at the saturday market
images/001683692.jpg,"bananas , fresh off the tree ."
images/001672789.jpg,biological species sitting on a banana leaf
images/001097238.jpg,banana and apple cartoons dancing as a couple .
images/000919626.jpg,bananas on display at a roadside fruit stand
images/000721370.jpg,"person with rice , served on a banana leaf"
images/001462913.jpg,wide angle shot of the banana plantation
images/002844683.jpg,"a fresh , free floating , partially peeled banana against a blue background"
images/000526924.jpg,feed the elephant a banana as they visit zoo .
images/002804370.jpg,"a young girl holds up a banana to her mouth , imitating a smile"
images/001066614.jpg,cute baby monkey with banana isolated on a white background
images/002483411.jpg,cute monkey lazily lying on a branch and holds the tail of bananas outlines for coloring
images/001557734.jpg,biological species sitting on a banana leaf
images/000220092.jpg,"our triple decker paisley shaped cake in chocolate , banana , and peanut butter !"
images/001379570.jpg,slightly overripe banana on a light blue background
images/003223212.jpg,"every morning started with oatmeal and a banana -- topped with a sugar in the packet , which i scavenged from various places ."
images/000021529.jpg,vector image of bananas on a transparent background .
images/000053842.jpg,monkey with a banana on a white background
images/002423446.jpg,banana on the white background
images/002333602.jpg,"you 've never really seen banana bread quite like this double chocolate vegan one , and it may be hard to go back to the classic once you do !"
images/003149097.jpg,dish made of a banana leaf
images/000665097.jpg,plate of scrambled eggs and banana bread on a wooden table with a dish of butter
images/002270529.jpg,"portrait of a cute baby eating a banana , on a blue studio background"
images/003118233.jpg,"bananas - all of these are ripe , all were eaten by the next day"
images/003069496.jpg,bananas isolated on white background .
images/003221737.jpg,banana in hand like a gun on white background
images/003090453.jpg,illustration of a monkey with bananas on a white background
images/002034291.jpg,cute and funky bananas seamless pattern on the dark background .
images/002600140.jpg,"red , yellow and green bananas hanging for sale at a market"
images/000783544.jpg,bananas off a banana tree
images/001007295.jpg,gifts for the dead bananas
images/000612041.jpg,person had read research that showed that eating more calories and potassium - rich food like bananas resulted in more women having boys than girls
images/000122188.jpg,"bananas , oranges and cauliflower for sale at a market"
images/000572510.jpg,a banana which is showing brown spots and markings as it starts to over ripen
images/003300568.jpg,there are different types of bananas .
images/002716335.jpg,banana and cinnamon tea offers you a better sleep than sleeping pills
images/001229103.jpg,person uses the banana as her canvas for her project .
images/002803456.jpg,bananas are isolated on a white background
images/002286288.jpg,young man eating a banana in dark studio .
images/002698287.jpg,celebrity eats a banana during the third round
images/000601533.jpg,what happens to your body if you eat bananas every day .
images/003044259.jpg,gifts for the dead bananas
images/003274648.jpg,bananas on sale in a market
images/001788478.jpg,banana tree with a bunch of growing ripe yellow bananas at plantation
images/000310454.jpg,man selecting bananas at a roadside fruit stall .
images/002744911.jpg,a black and white silhouette of a banana
images/003271679.jpg,seamless vector pattern of yellow bananas on a blue background .
images/002246578.jpg,banana bread crumb muffins l !
images/002212031.jpg,pattern with bananas on a black background
images/000161530.jpg,fruit with a large bunch of bananas in august
images/000307242.jpg,this flower looks like it should taste like bananas and strawberries !
images/000886826.jpg,creative concept : white banana getting caught on the hook on yellow pastel background .
images/002599867.jpg,bananas cartoons in a joyful talking .
images/001108831.jpg,a tiny bat eats a banana .
images/002222975.jpg,"mini gluten free , dairy free banana oat muffins stacked on top of each other ."
images/001792493.jpg,bananas on the girl s legs .
images/001294712.jpg,measuring ripe yellow bananas with a tailor 's tape measure .
images/000346317.jpg,bunch of bananas on the blackboard .
images/000195266.jpg,measuring a ripe yellow banana with a tailor 's tape measure .
images/002511409.jpg,woman taking a banana in a grocery store with fruits and vegetables
images/000384434.jpg,"first class meal on a-hr flight -- mini sandwich , banana and cocktail"
images/000804725.jpg,bananas arranged on a wooden table
images/000912239.jpg,true or false ? filming location is the world 's largest producer of bananas ?
images/003166585.jpg,banana covered in chocolate on a grey wooden table
images/000632926.jpg,seamless vector pattern of yellow bananas on a blue background .
images/003207729.jpg,a frozen treat with ingredients -- bananas and almond milk !
images/000939441.jpg,person stands amongst the remains of his banana plantation .
images/000786069.jpg,"orange juice pouring in to a glass with apples , oranges and a banana"
images/003228279.jpg,vector illustration with the image of environmentally friendly bananas .
images/000608271.jpg,banana seamless pattern on the white background
images/002984150.jpg,banana plantation on formerly rain forest covered area
images/001930008.jpg,the bananas just keep on forming !
images/000521952.jpg,a spotted banana on a white plate
images/000854520.jpg,isolated geometric banana on a white background
images/001564077.jpg,a woman inspects bananas at a fruit stand in an urban market
images/001282489.jpg,"food , a basic curry served on a banana leaf"
images/000611052.jpg,a bunch of bananas of a banana tree
images/002146971.jpg,bananas of different stages of ripening on a wooden surface .
images/002118034.jpg,"a glass and a bottle of milk , apple , bananas and yellow towel"
images/000327602.jpg,yellow bananas on a white vector art illustration
images/001795709.jpg,cartoon illustration of banana super hero saving the day
images/002292209.jpg,"woman peels banana , housewife is cooking fruit salad , healthy food for kids at home , fruits and vegetables in the kitchen"
images/000405951.jpg,cut out banana leaf is on a plate
images/000520862.jpg,have you ever found yourself stuck with extra bananas ? the first recipe that usually comes to mind is banana bread .
images/002787047.jpg,how big is this ? could i get another banana for scale here ?
images/000430615.jpg,creative concept : white banana getting caught on the hook on yellow pastel background .
images/001798773.jpg,bananas grow in the valley
images/001616761.jpg,gluten - free pear & banana loaf a dash of compassion
images/000718403.jpg,"traditional food , served on a banana leaf !"
images/000455231.jpg,award winner plays with a banana in her purple dress
images/002081004.jpg,a truck drives along a banana plantation
images/002046669.jpg,girls with bananas on the kitchen have fun phone
images/002065251.jpg,iguanas in the sand eating a banana .
images/002573418.jpg,banana plantation near the ocean
images/000540345.jpg,a large bunch of bananas on a banana tree .
images/000695036.jpg,half of banana on the white background
images/002421598.jpg,vector illustration of a monkey sitting on a palm tree with bananas
images/002661393.jpg,a banana on wood background
images/002871156.jpg,bananas for sale in a supermarket
images/002954848.jpg,these waffles are made with % whole wheat flour and mashed bananas .
images/002504579.jpg,banana tree with flower in the sunset
images/000654054.jpg,colorful pattern of bananas and pineapples on a striped background in pop art style
images/002559290.jpg,painting of a banana tree
images/001304849.jpg,a frozen treat with ingredients -- bananas and almond milk !
images/000332033.jpg,bananas being removed from a boat
images/001279777.jpg,woman taking a banana in a grocery store with fruits and vegetables
images/002826710.jpg,a banana isolated on white .
images/000072927.jpg,a large bunch of organic bananas on a banana tree in employer
images/002367909.jpg,bunch of bananas on the plantation
images/003150340.jpg,banana plantation on formerly rain forest covered area
images/002094983.jpg,gluten free vegan strawberry banana bread .
images/002944582.jpg,the bunch of short size banana with white background
images/002197517.jpg,bananas and slices isolated on a white background .
images/000515244.jpg,bananas in the markets of island and indonesian province
images/001590094.jpg,a house on stilts and a banana plantation
images/003076530.jpg,"an elderly woman buying bananas in a supermarket , business"
images/000564656.jpg,monkey eating a banana while hanging upside down from a tree .
images/001404371.jpg,vegetarian food served in a banana leaf
images/000278281.jpg,shot of tequila vs. a banana
images/002217182.jpg,"a bowl of fruit in a house , with oranges , pears , apples , bananas adn old black banana"
images/001655854.jpg,"holding and peeling a banana on black background , slow motion"
images/002628376.jpg,"first class meal on a-hr flight -- mini sandwich , banana and cocktail"
images/001452459.jpg,are carrying a large bunch of bananas on her head
images/001893597.jpg,ripe yellow bananas in small and medium bunches on display at the farmers market
images/000295927.jpg,funky monkeys are going bananas all over the cake !
images/003194909.jpg,bananas hanging from a banana tree
images/003030934.jpg,isolated vintage banana on a white background
images/002857951.jpg,butch of small bananas in a hand
images/002208391.jpg,seamless vector pattern with yellow bananas on a blue background .
images/002841772.jpg,"using bananas instead of oil makes this fat - free banana bread extremely moist and lightly sweet , and the blueberries add a fruity surprise to every bite ."
images/002609865.jpg,banana tree with a bunch of bananas
images/000190895.jpg,a bunch of bananas on a white background .
images/001650200.jpg,"woman slices banana on a board , housewife is cooking fruit salad , healthy food for kids at home , fruits and vegetables in the kitchen"
images/000894171.jpg,a woman selling bananas in a market
images/002226737.jpg,"say goodbye to dry , hard to swallow chunks of banana bread ."
images/002337394.jpg,"weird man eating a banana , isolated on white"
images/002548976.jpg,"fruit , pineapple , bananas , orange juice , and a tiny taste of coconut !"
images/002041147.jpg,pretty woman buys bananas in a supermarket
images/000846351.jpg,drummers lead a procession of a sacred banana tree and holy water during festival .
images/001480713.jpg,a man displays bananas growing on his farm
images/003209201.jpg,a simple south side dish for lunch made with raw banana and coconut
images/00009592.jpg,banana on the street market
images/002443362.jpg,"say goodbye to dry , hard to swallow chunks of banana bread ."
images/002258696.jpg,this banana looks exactly like my mom 's dog
images/002816380.jpg,pineapple - banana - orange smoothie with a side of strawberries
images/000645957.jpg,"peanut butter and banana on a muffin , double latte to drink ."
images/003202118.jpg,we found the smallest banana in the world
images/002103825.jpg,biological species sitting on a banana leaf
images/001317786.jpg,"fans , with their trademark inflatable bananas , on the terraces during a match"
images/001905400.jpg,couple with baby selling bananas at the roadside
images/001071010.jpg,"get a healthy start with lean protein from milk and yogurt , plus fiber from oats and banana ."
images/001829279.jpg,close up of bananas in a grocery store
images/003245625.jpg,bananas on a white background - seamless pattern .
images/002555115.jpg,monkey with a banana on a white background
images/001159205.jpg,cute little girl in pajamas eating banana on the bed at the morning
images/000653576.jpg,"fruits -- bananas , apples , oranges and grapes , laying on a white plate"
images/003258133.jpg,banana plantation partly under netting covers on the southern coast
images/000778920.jpg,bananas from a farmers market
images/002423164.jpg,young man harvesting bananas on a plantation
images/001299326.jpg,hazy sunset above a banana plantation
images/002501053.jpg,this cold - hardy banana is native .
images/000294229.jpg,"the ginger gives this sweet fruit salad of oranges , mango , and banana a needed kick ."
images/002605624.jpg,a young man is holding a bunch of bananas
images/001887697.jpg,banana tree and fruits at the forest
images/002063098.jpg,vector hand - drawn banana on a white background .
images/003078310.jpg,buy a dozen bananas and get a spider for free !
images/001303873.jpg,the child eats banana on a picnic on the green lawn
images/001927789.jpg,a man displays bananas growing on his farm
images/001944130.jpg,the back patio and banana garden at the house .
images/001078634.jpg,"men standing in boats , negotiating the sale of bananas at the floating vegetable market"
images/001380347.jpg,wrap the top of your bananas with plastic wrap and they 'll last longer .
images/002016070.jpg,bananas of different stages of ripening on a wooden surface .
images/002065456.jpg,icon of a banana on a white background
images/000139291.jpg,a bunch of ripe yellow bananas on white background
images/000865469.jpg,bunch of slightly under ripe bananas on a dark wooden table
images/002098123.jpg,bananas are taken from a table
images/002808351.jpg,person uses the banana as her canvas for her project .
images/001110210.jpg,bunch of organic bananas isolated on a white studio background
images/002586204.jpg,bananas on an orange background .
images/002381214.jpg,bananas in the form of a christmas tree isolated on white background .
images/003159347.jpg,portrait of a smart serious young man eating banana
images/002818021.jpg,i got this tiny banana for western christian holiday .
images/002114093.jpg,banana covered in chocolate on a grey wooden table
images/002738659.jpg,"bananas , oranges and cauliflower for sale at a market"
images/000644195.jpg,fresh bananas fall down on a table in the kitchen
images/001541435.jpg,a monkey eating a banana sitting on the ruins
images/002708145.jpg,"biggest hands in the world , banana for scale"
images/001983665.jpg,exotic pattern with tropical leaves banana on a black background
images/001239679.jpg,bananas for sale in a supermarket
images/001950609.jpg,a woman eats a healthy breakfast of banana and yogurt with granola
images/002329298.jpg,seamless vector pattern of yellow bananas on a light gray background .
images/000048718.jpg,scale the end of the banana so that it 's more a square than a rectangle .
images/003221984.jpg,how to whiten your teeth with a banana - tried this and it works !
images/002068864.jpg,bunch of bananas isolated on a white background
images/002375364.jpg,image titled tv genre on a banana leaf step
images/001524970.jpg,woman carrying bananas on her head outside a temple
images/002830648.jpg,real bananas on venture funded company
images/002095177.jpg,bananas on display at a roadside fruit stand
images/000834713.jpg,vector seamless pattern with hand drawn bananas on a pink background .
images/002165003.jpg,close - up of a banana leaf
images/003192882.jpg,a whole loaf of banana bread sliced open
images/001078833.jpg,half eaten banana against a white background
images/003193955.jpg,a man buying bananas in a supermarket
images/000012811.jpg,big bunch of bananas waiting to be picked off the plate
images/000559932.jpg,yellow ripe bananas on colored backgrounds with a long shadow .
images/000868809.jpg,gluten free vegan strawberry banana bread .
images/000031742.jpg,hand holding a bunch of ripe bananas
images/001160855.jpg,bananas on the fresh department of a supermarket
images/002983438.jpg,macro closeup of bananas on a kitchen table by window showing detail and texture
images/002128957.jpg,hand of bananas with a juice
images/001741490.jpg,child 's hand taking organic banana from black and white stripes background .
images/002788125.jpg,a single banana against a white background
images/001333575.jpg,market fresh bananas hanging on an old blue wooden wall .
images/003071103.jpg,bananas grow in the valley
images/000033193.jpg,girl in gold dress holds in the rivers golden bananas
images/002975216.jpg,"our triple decker paisley shaped cake in chocolate , banana , and peanut butter !"
images/000357362.jpg,a delivery man carries a very large bunch of yellow bananas on his shoulder while unloading the produce from his
images/002221522.jpg,grasshopper on green banana leaf in a nature with wind
images/001644175.jpg,guests dressed as bananas form a bunch
images/002841867.jpg,bananas growing on a banana tree
images/003219240.jpg,"fruit , pineapple , bananas , orange juice , and a tiny taste of coconut !"
images/002042289.jpg,a bunch of tasty bananas on a black background with a place for an inscription
images/000774205.jpg,farm workers loading bananas at a collective farm
images/002274610.jpg,"heat from the sun at banana tree with daytime , 4k video"
images/001335584.jpg,women selling bananas at the market
images/002988670.jpg,"grapes , bananas and pomegranate for sale at a market"
images/000134721.jpg,a banana plantation grows in the rich volcanic soils beside a lake
images/002437946.jpg,bunch or hand of bananas isolated on a white studio background
images/001864906.jpg,funny bananas at a birthday party !
images/002936142.jpg,this banana looks like my mom 's dog
images/001084902.jpg,person dressed as a banana trying to break a half - marathon world record
images/001934289.jpg,muffins on a plate with bananas
images/002736176.jpg,a fish in a banana
images/002296571.jpg,a bunch of bananas on white background
images/003247617.jpg,little cute monkey eating banana on a wild nature background
images/001826899.jpg,yellow bananas in a wooden box .
images/001862773.jpg,"a banana , an apple , strawberries , raspberries and blackberries on a white plate"
images/001087072.jpg,fresh ripe and sweet bananas isolated on a white background with logo .
images/002778160.jpg,sliced banana with peel on a white background -- stock photo #
images/000346619.jpg,seamless vector pattern with yellow bananas on a blue background .
images/000973445.jpg,seamless vector pattern of yellow bananas on a blue background .
images/000877889.jpg,gluten - free banana bread ready for the oven
images/003283014.jpg,illustration of a banana rendered in a geometric style
images/002847995.jpg,a bunch of yellow bananas .
images/000811490.jpg,stalk of bananas covered with raindrops swaying in the breeze on a banana tree
images/00000846.jpg,yellow ripe bananas on colored backgrounds with a long shadow .
images/002668767.jpg,just a lovely bunch of banana 's ... right ?
images/000561113.jpg,close up of the flower of a banana tree
images/001019081.jpg,cherries and chocolate come together in this rich and creamy smoothie that is naturally sweetened with ripe bananas .
images/002374526.jpg,"the waffles are stuffed with ice cream , strawberries and banana ."
images/002031360.jpg,a large bunch of bananas
images/002443745.jpg,illustration of a monkey holding a banana
images/001155682.jpg,biological subfamily enjoys a banana
images/000370399.jpg,bananas on an orange background .
images/002123688.jpg,banana leaf on banana tree in the orchard
images/000661379.jpg,"men selling bananas , grapes and at the side of the road"
images/000770932.jpg,a bunch of bananas on white background
images/002132751.jpg,portrait of a smart serious young man eating banana
images/002955781.jpg,the banana which grew on the tree
images/001503361.jpg,bananas at different stages of ripening on a wooden surface
images/001644404.jpg,animal climbs to a banana
images/001591540.jpg,seamless pattern of yellow bananas on a blue background
images/002102021.jpg,farm workers loading bananas at a collective farm
images/002107797.jpg,frozen bananas - not for just for banana bread !
images/002163826.jpg,food and jelly had theirs ... but every once in a while it 's banana time !
images/002191908.jpg,"boy being healthy by eating fruit , including an apple and a banana ."
images/000221816.jpg,chocolate coated banana on a stick
images/001834795.jpg,a woman carries freshly harvested bananas on her head
images/002430362.jpg,what to do with bananas that are green
images/000077571.jpg,red - eyed tree frog hanging out of a fresh banana leaf
images/001863882.jpg,traditional banana plantation at the foot
images/001017740.jpg,hand drawing bananas : fruit and leaves on a white background
images/001929490.jpg,seamless vector pattern of black banana leaf on a white background .
images/001643347.jpg,fresh apples and bananas on a white plate with white background
images/001930316.jpg,banana plantation near the ocean
images/002934391.jpg,bunch of ripe bananas with real reflection on a black background isolated
images/002181543.jpg,"measuring tape wrapped around a banana , isolated on a white background"
images/002294148.jpg,colored chalk drawn illustration of banana and strawberry smoothie in a bottle with ingredients .
images/001796477.jpg,ripe bananas at the street market
images/002511939.jpg,banana with condom on the old wooden background .
images/002393198.jpg,view of man moving hanging juicy bananas at the local market
images/002979464.jpg,"found this little lady in a parking lot , banana for scale"
images/001169150.jpg,delicious bananas in super slow motion being soaked against a black background
images/001101449.jpg,exotic pattern with tropical leaves banana on a black background
images/001062214.jpg,vector illustration of a yellow ripe banana on an isolated white background .
images/002182796.jpg,banana tree with a bunch of bananas
images/000630604.jpg,portrait of a young woman carrying a plastic bag with bananas
images/001286992.jpg,toddler girl on a bench holding a banana and making funny face .
images/002587789.jpg,"complete protein drink and a banana , isolated on white , overhead shot"
images/000343797.jpg,chocolate sauce being poured over fried bananas on a stack of pancakes
images/002662834.jpg,a young girl holding a banana in front of her face
images/002253198.jpg,watercolor seamless pattern with watermelons and bananas on a white background
images/000369853.jpg,vector seamless pattern with hand drawn bananas on a pink background .
images/003230124.jpg,"weird man eating a banana , isolated on white"
images/002985211.jpg,a rotten banana on a white background .
images/002346024.jpg,person woman offers a banana to a monkey seated atop a shoulder bag in the back of a pickup
images/000945079.jpg,they said i could be anything so i became a banana
images/000486140.jpg,man carrying a cardboard box labelled bananas in a street market .
images/000900286.jpg,pattern graphic yellow bananas on a light background .
images/003284559.jpg,bananas in the form of a christmas tree isolated on white background .
images/000472539.jpg,a bunch of ripe bananas on a white background
images/000526015.jpg,loose bananas in a pile and loosely arranged
images/002077517.jpg,tropical bananas growing on a banana tree -- stock photo #
images/001002991.jpg,we had several people count how many bananas we ended up with .
images/001973897.jpg,typical very sweet small bananas on the palm
images/002440478.jpg,colored chalk drawn illustration of banana and strawberry smoothie in a bottle with ingredients .
images/001642447.jpg,girl holding in both hands on banana close - up .
images/000852374.jpg,person receives a banana from person whilst taking part in an exhibition
images/000101001.jpg,colorful bananas sold at the market
images/000126242.jpg,banana isolated on the white background
images/00009991.jpg,biological species sitting on a banana leaf
images/002420933.jpg,image titled tv genre on a banana leaf step
images/002101933.jpg,little girl eating a banana on the background of the christmas tree
images/000284423.jpg,a bowl of sliced banana .
images/000560543.jpg,speak no evil monkey with a mouth stuffed with bananas
images/000409719.jpg,man carrying a bunch of bananas on his shoulder during harvest on plantation
images/002105520.jpg,a man carrying bananas from the boat that brings across the river to the market
images/000679736.jpg,bananas on a banana tree
images/002961525.jpg,local companies wonder : would you buy mashed banana in a pouch from a vending machine ?
images/002715695.jpg,banana for sale in the fresh market
images/001781464.jpg,rusty old wheelbarrow full of yellow bananas in the street
images/000010593.jpg,frozen bananas into the food processor
images/000180348.jpg,bananas at the saturday market
images/002546356.jpg,twin banana isolated on the white background
images/001109503.jpg,a toddler eating a healthy breakfast of banana and granola cereal at the kitchen table in the home
images/001241694.jpg,butterflies feasting on a banana
images/000760929.jpg,"strawberries and bananas are the main ingredients in one of our most popular smoothies , cake ."
images/001157929.jpg,a banana tree with green fruit and purple blossom growing in a garden
images/000969364.jpg,"pink banana on a yellow background , 3d illustration"
images/002489443.jpg,close - up of food with a bunch of organic bananas & organic braeburn apples
images/001991538.jpg,every time i spell bananas i have to sing the song in my head .
images/002825127.jpg,close - up of spices on a banana leaf
images/002012184.jpg,feed the elephant a banana as they visit zoo .
images/001399128.jpg,banana bread fresh out of the oven
images/001964561.jpg,bananas are isolated on a white background
images/002143535.jpg,cream cheese stuffed banana carrot cake is a showstopper !
images/001742442.jpg,bananas on sale in a market
images/001455424.jpg,"peanut butter and banana on a muffin , double latte to drink ."
images/002626635.jpg,cost of living bananas were really this expensive !
images/002115874.jpg,little cute monkey eating banana on a wild nature background
images/000508098.jpg,man eating bananas on bicycle in the park
images/003292199.jpg,"animal lays begging the head crooked , glass of bananas milk stands on the table - black and white"
images/000351595.jpg,bananas on sale in a market
images/003139226.jpg,"the team consumed pounds of pizza , gallons of soda and more than a half ton of bananas ."
images/002407002.jpg,healthy banana bread full of fiber and protein .
images/001087295.jpg,banana tree with a bunch of growing ripe yellow bananas at plantation
images/001171047.jpg,"person , poses for a photo as a banana saturday morning during contest via person"
images/001371622.jpg,"banana and apple juice pouring into a glass , healthy smoothie and drinks concept"
images/000850304.jpg,this little guy scored a lot of bananas
images/001647853.jpg,peeling the skin from a banana .
images/002430144.jpg,gluten free vegan strawberry banana bread .
images/003083055.jpg,a rice paddy bordered by banana and papaya trees in the central region
images/002314115.jpg,illustration of a monkey holding bananas
images/003309248.jpg,bunch of bananas hanging from a banana tree
images/001943403.jpg,cute pattern with monkey in a hat and bananas vector art illustration
images/001404497.jpg,"pink banana on a blue background , 3d illustration"
images/002877651.jpg,a stall selling red & green bananas alongside art work at the roadside near town .
images/000810274.jpg,ocean view and banana farm along the east coast
images/002375752.jpg,a banana tree is fruiting in the garden
images/003251798.jpg,bananas growing on a banana tree
images/003214679.jpg,cartoon illustration of a banana
images/003265454.jpg,cute baby monkey with banana isolated on a white background
images/002961537.jpg,there is a reason animation film love bananas so much .
images/002223787.jpg,monkey eating banana on the ground
images/002457000.jpg,man talking with a banana
images/001989405.jpg,girls with bananas on the kitchen have fun phone
images/002790352.jpg,make a bunch of fake bananas and slightly stale bread .
images/002685004.jpg,more bananas in the making
images/000138298.jpg,a truck drives along a banana plantation
images/002943821.jpg,dolphin made from a banana
images/000265743.jpg,cuisine served on a banana leaf
images/000315153.jpg,guests dressed as bananas form a bunch
images/003204386.jpg,big bunch of bananas on sale in the market
images/000672352.jpg,tourist attraction is seen beyond a banana plantation
images/000884366.jpg,"but i only have this knitted outfit , will that do ? banana for scale ."
images/002991407.jpg,feed the elephant a banana as they visit zoo .
images/002913552.jpg,food and jelly had theirs ... but every once in a while it 's banana time !
images/000947380.jpg,bananas for sale on a stall
images/000804128.jpg,a snowman with a banana for a mouth in the garden after the first snowfall
images/002157065.jpg,feed the elephant a banana as they visit zoo .
images/000425882.jpg,bananas on the purple background
images/001234788.jpg,"drizzle a little or drizzle a lot , banana bread is breakfast acceptable even when doused in chocolate ."
images/002651714.jpg,a close up of butterflies feeding on oranges and bananas
images/001083841.jpg,a banana plantation grows adjacent to dense tropical rainforest
images/000533560.jpg,chef has a recipe for a fabulous banana bread
images/000145121.jpg,peeling the skin from a banana .
images/003292233.jpg,bananas growing on a banana tree
images/002049109.jpg,three - toed sloth hanging from a banana tree
images/002278903.jpg,traditional south meal on a banana leaf .
images/002666245.jpg,some bananas bought from the market on the way to blogger
images/000231111.jpg,seamless pattern of bananas on a light gray background .
images/002287041.jpg,man carrying a bunch of bananas on his shoulder during harvest on plantation
images/002968478.jpg,chocolate chip cookies that taste like banana bread - plus they 're made with coconut oil !
images/001300655.jpg,how to quickly ripen bananas in the microwave
images/002976804.jpg,painting of a banana tree
images/002267286.jpg,photo of a lemon on top of bananas .
images/000686808.jpg,men are casing banana on a wooden floor .
images/002895576.jpg,eating bananas is a great way to promote healthy bones in both children and adults .
images/001641902.jpg,banana tree with a bunch of growing ripe yellow bananas at plantation
images/002424207.jpg,a woman eats a healthy breakfast of banana and yogurt with granola
images/000435381.jpg,bananas at the saturday market
images/000192359.jpg,polynesian traditional meal served on a banana leaf
images/001592390.jpg,"stock image of yellow bananas on a white background , isolated ."
images/001631946.jpg,woman in red turtleneck with banana on the cerulean blue background
images/002471227.jpg,large bunch of bananas on a banana tree
images/000076397.jpg,fish cooked in a banana leaf
images/001654984.jpg,"every morning started with oatmeal and a banana -- topped with a sugar in the packet , which i scavenged from various places ."
images/000181389.jpg,cute and funky bananas seamless pattern on the white background .
images/001898354.jpg,banana tree under the sun
images/001403964.jpg,some bananas are sweeter than others .
images/000590054.jpg,bananas of different stages of ripening on a wooden surface .
images/001055932.jpg,man carrying a bunch of bananas on his shoulder during harvest on plantation
images/001247496.jpg,biological genus are grown in the rainforest and related to bananas
images/001734400.jpg,bananas and grapefruit on display in a market
images/002690474.jpg,pineapple - banana - orange smoothie with a side of strawberries
images/000416186.jpg,sliced banana with peel on a white background -- stock photo #
images/000356190.jpg,women carrying bunches of cooking bananas to a local market
images/003150150.jpg,vector seamless pattern with hand drawn bananas on a white background .
images/001775663.jpg,food served on a banana leaf .
images/003180464.jpg,vector seamless pattern with hand drawn bananas on a purple background .
images/000420945.jpg,a good way to measure the right banana for you
images/002302516.jpg,labourers packing fresh bananas into wooden boxes for delivery to markets at the fruit market .
images/000472385.jpg,hand - drawn vector drawing of a banana
images/003270651.jpg,bananas in a market stall
images/000389621.jpg,biological species eating a piece of rotting banana
images/002377982.jpg,bananas grow in the valley
images/002241573.jpg,bunch of bananas isolated on a white background
images/001333232.jpg,"strawberries and bananas are the main ingredients in one of our most popular smoothies , cake ."
images/002369418.jpg,"close up of a black plate with slices of kiwi , banana and strawberry isolated on white ."
images/001540886.jpg,fish cooked in a banana leaf
images/002912686.jpg,all day banana bread with granola and maple topping
images/003015533.jpg,banana with white stroke in a flat style .
images/002731919.jpg,this is bananas mug made
images/003243338.jpg,celebrity eats a banana during the third round
images/000953784.jpg,sliced banana with peel on a white background -- stock photo #
images/002766752.jpg,"holding a peeled banana on black background , slow motion"
images/001663152.jpg,seamless pattern of yellow bananas on a blue background .
images/000056491.jpg,farm workers loading bananas at a collective farm
images/000463815.jpg,the pattern of ripe yellow bananas and fresh
images/002288772.jpg,bananas on a banana leaf
images/000677488.jpg,a man rests in the street to eat a banana
images/002932627.jpg,a lady with her moped overloaded with bananas for sale
images/001312454.jpg,seamless pattern of yellow bananas on a blue background .
images/002983606.jpg,rare bearded monkey eating a banana in a forest
images/002687061.jpg,bananas in super slow motion receiving raindrops against a black background
images/002038704.jpg,hand drawing bananas : fruit and leaves on a white background
images/000391578.jpg,bananas on a banana leaf
images/001253851.jpg,buying a bunch of ripe bananas from the markets
images/002077816.jpg,folded in a pile of fresh bananas mini on white background
images/001457382.jpg,a young boy packs bananas into newspaper
images/000644335.jpg,bunch of bananas ripe placed on a wooden table
images/000667894.jpg,banana leaf in the wind
images/001785837.jpg,a man carrying a basket of bananas on his head in the market
images/002214259.jpg,young man eating a banana in dark studio .
images/001112118.jpg,cute and funky bananas seamless pattern on the dark background .
images/000392760.jpg,bananas in his hand on a wall background
images/00015676.jpg,here are some reasons why bananas are the best fruit at the grocery store .
images/001988518.jpg,bananas in nature with water in the background .
images/000901129.jpg,fresh ripe and sweet bananas isolated on a white background with logo .
images/002257591.jpg,bunch of bananas hanging from a banana tree
images/000334839.jpg,banana tree with a bunch of growing ripe yellow bananas at plantation
images/000908473.jpg,sweet baby is looking on a banana at the kitchen
images/002408631.jpg,cartoon man slips on a banana
images/003249274.jpg,"vector illustration of a yellow half peeled banana , transparent vector"
images/002168743.jpg,smile quotes friday long week weekend almost here humor : smile like a monkey with a new banana .
images/001617540.jpg,a hole peeled banana lying next to its peel
images/000496901.jpg,"say goodbye to dry , hard to swallow chunks of banana bread ."
images/000017990.jpg,showing this to my mom next time she makes fun of mydead bananas - they 're better with brown spots !
images/001842592.jpg,"close - up of a locally grown naval orange , sliced open , sitting on a banana leaf ."
images/001194378.jpg,have you ever thought about making banana bread in your microwave ? now you can with this recipe .
images/003025381.jpg,cluster of bananas on a tropical tree
images/000120740.jpg,bananas for sale in the market
images/002886460.jpg,banana plantation partly under netting covers on the southern coast
images/003180632.jpg,isolated geometric banana on a white background
images/000026083.jpg,"red , yellow and green bananas hanging for sale at a market"
images/000231159.jpg,a stall selling red & green bananas alongside art work at the roadside near town .
images/001970102.jpg,banana isolated on the white background
images/001949765.jpg,bananas and tangerines on a plate
images/000197225.jpg,here are some reasons why bananas are the best fruit at the grocery store .
images/000325282.jpg,person can actually grow banana 's if you take good care of it !
images/000147543.jpg,creative concept : white banana getting caught on the hook on yellow pastel background .
images/001305558.jpg,pattern with tropical palm leaves and bananas .
images/001731281.jpg,bananas on sale in a market
images/001376238.jpg,big bunch of bananas on sale in the market
images/001827818.jpg,biological species on a banana leaf
images/001794886.jpg,horizontal close up of a freshly cooked waffle smothered in sliced banana and chocolate sauce
images/000224544.jpg,we found the smallest banana in the world
images/001933208.jpg,set of colored and hand drawn bananas on the white background .
images/001449663.jpg,a beautiful bunch of bananas and rings cut isolated on white background .
images/000784418.jpg,bananas on sale at a street market
images/002844919.jpg,"the potato was the main crop of the people , along with cocoa and bananas ."
images/001760541.jpg,never make eye contact while she is eating a banana
images/002651503.jpg,the pattern of ripe yellow bananas and fresh
images/002352534.jpg,bunch of bananas hanging from a banana tree
images/001464751.jpg,young shoot of a banana tree .
images/001405987.jpg,beautiful vector illustration with banana and milk splashes .
images/001535426.jpg,a vector illustration of bunch of bananas
images/002908585.jpg,an illustration of religious practice from banana leaf and person decorated on tray with pedestal for paying respect to teachers or person .
images/000009367.jpg,cute baby monkey with banana outlined isolated on a white background
images/000195261.jpg,bananas for a runner 's diet
images/000542470.jpg,bunch of yellow bananas on a wood table
images/001135775.jpg,illustration of monkeys with banana inside the fence
images/000804324.jpg,huge banana besides a slightly smaller banana for scale
images/002426729.jpg,"a bunch of bananas on a colored background , low - poly style , fresh fruit"
images/002241860.jpg,"measuring tape wrapped around a banana , isolated on a white background"
images/000730924.jpg,learn the benefits of bananas to build muscle
images/002942752.jpg,a good way to measure the right banana for you
images/002478431.jpg,local man carrying a bunch of bananas on his head
images/002709709.jpg,seamless vector pattern of yellow bananas on a blue background .
images/002691495.jpg,go bananas at your baby shower in honor of the year of the monkey .
images/002367274.jpg,decorated the house with lots of bananas
images/001152971.jpg,man carrying a bunch of bananas on his shoulder during harvest on plantation
images/003193508.jpg,silhouette of a young banana tree with a flower and fruits in the vector image on a white background
images/002754395.jpg,bananas on a banana tree
images/001236158.jpg,bananas growing on a banana tree
images/000200050.jpg,how to quickly ripen bananas in the microwave
images/001730838.jpg,hand drawing bananas : fruit and leaves on a white background
images/000123647.jpg,freshly sliced bananas on a white background clipping path
images/002040090.jpg,close - up of a hand of bananas
images/000281465.jpg,tropical bananas growing on a banana tree -- stock photo #
images/001847653.jpg,chalk drawn illustration of banana and strawberry smoothie in a bottle with ingredients .
images/000766269.jpg,grasshopper on green banana leaf in a nature with wind
images/001874408.jpg,typical very sweet small bananas on the palm
images/000719732.jpg,"the potato was the main crop of the people , along with cocoa and bananas ."
images/000946132.jpg,a lot of monkeys eat bananas in venture funded company
images/001754416.jpg,country consumes more bananas than any other fruit .
images/002484841.jpg,the pattern of ripe yellow bananas and fresh
images/002729572.jpg,"grapes , bananas and pomegranate for sale at a market"
images/000131458.jpg,bananas arrive to the wednesday market by boat
images/001780366.jpg,banana bread with no added sugar .
images/003204198.jpg,bananas are isolated on a white background
images/000000747.jpg,vector image of bananas on a transparent background .
images/002170351.jpg,"portrait of a cute baby eating a banana , on a blue studio background"
images/001947317.jpg,seamless pattern of bananas on a white background
images/000560606.jpg,"woman peels banana , housewife is cooking fruit salad , healthy food for kids at home , fruits and vegetables in the kitchen"
images/000032116.jpg,flowers and incense sticks wrapped in banana leaf on a red tray for temple offering province
images/001825544.jpg,man carrying a bunch of bananas on his shoulder during harvest on plantation
images/003291350.jpg,bananas in an open air market
images/003057924.jpg,banana seamless pattern on a pink background
images/000024496.jpg,illustration of a banana rendered in a geometric style
images/000714823.jpg,monkey eating banana on the ground
images/000336155.jpg,bananas on an orange background .
images/000458692.jpg,frozen bananas - not for just for banana bread !
images/001970304.jpg,lentils in a wooden bowl on a banana leaf
images/002552885.jpg,a young woman in sneakers is looking for a banana in a fruit basket
images/001651091.jpg,raw banana rotating on the white table with white seamless background
images/002580843.jpg,monkey eating banana on the ground
images/000025794.jpg,bananas are a good source of potassium .
images/001438123.jpg,bananas on a cart in the street .
images/001755854.jpg,half peeled banana isolated over white background with some shadow
images/000326752.jpg,a bunch of fresh bananas
images/000337205.jpg,a green banana hanging on a banana tree
images/000975032.jpg,close up of bunches of bananas at different stages of ripening on a wooden surface
images/002091713.jpg,cartoon illustration of banana super hero saving the day
images/003276862.jpg,feed the elephant a banana as they visit zoo .
images/001417001.jpg,feed the elephant a banana as they visit zoo .
images/001099474.jpg,pattern of bananas and green leaves on a pink .
images/000349188.jpg,bananas for a runner 's diet
images/002983326.jpg,you will want to steal this apple - peach - banana baby food after you make it for your little one !
images/002706148.jpg,"complete protein drink and a banana , isolated on white , overhead shot"
images/002832821.jpg,vector seamless pattern with hand drawn bananas on a blue background .
images/000953040.jpg,this is bananas by person
images/001218318.jpg,a single ripe banana on a white background
images/002386758.jpg,"banana the banana counts as cup of fruit , which is about half the daily amount needed ."
images/003229423.jpg,"food ... too bad , it had to be carved in a banana ."
images/001045642.jpg,opened ripe banana isolated on a white background
images/002770543.jpg,person can actually grow banana 's if you take good care of it !
images/001400421.jpg,"baskets of fruit , bowls of apples , pears and bananas on a wooden table"
images/000464599.jpg,"the bananas were put on the table , old wooden floors ."
images/000886350.jpg,over ripe banana cut out on a white background
images/002684749.jpg,pattern of ripe bananas on a green background
images/000528759.jpg,"green bananas , sliced lemon and apple falling into the water on the black background ."
images/001016345.jpg,close up view of yellow bananas on display in a supermarket
images/000458751.jpg,banana chilling on the beach
images/002387834.jpg,vector illustration of a monkey sitting on a palm tree with bananas
images/001608685.jpg,stalk of bananas with it 's flower covered with raindrops on a banana tree
images/001896152.jpg,"first class meal on a-hr flight -- mini sandwich , banana and cocktail"
images/001319011.jpg,some bananas bought from the market on the way to blogger
images/001560785.jpg,"road trip : beaches , dolphins , and a big banana"
images/001806326.jpg,vector illustration of a monkey sitting on a palm tree with bananas
images/000467295.jpg,i got this tiny banana for western christian holiday .
images/000798331.jpg,a spin on the classic - super moist banana bread studded with chocolate chips !
images/000883655.jpg,painting of a banana tree
images/001921023.jpg,"watercolor seamless pattern with coconut palm trees , pineapples , bananas on a white background"
images/002964768.jpg,"watercolor set with juicy with bananas , pineapple and coconut ."
images/002827589.jpg,twin banana isolated on the white background
images/002385959.jpg,woman sells bananas in a local market
images/003235689.jpg,a tropical opossum eating an egg in a banana tree !
images/003065936.jpg,close - up of food with a bunch of organic bananas & organic braeburn apples
images/001925299.jpg,cute and funky bananas seamless pattern on the dark background .
images/000139647.jpg,bananas in a female hand
images/001139279.jpg,the banana which grew on the tree
images/002694077.jpg,bananas grow in large clumps like enormous broad - leaf grasses and have an absolutely jurassic feel about them .
images/003217504.jpg,highway passed between banana plantation
images/000668187.jpg,half peeled banana isolated on a white background
images/001378270.jpg,half eaten banana against a white background
images/000232417.jpg,woman selling bananas in the streets
images/000142610.jpg,the banana tree is a whimsical addition to the bathroom
images/000487251.jpg,yellow banana on a blue background .
images/001957589.jpg,"religious offerings of coconut , bananas and flowers for sale at the main entrance to person"
images/002456630.jpg,biological species on a banana leaf
images/002877447.jpg,detail on a banana leaf with sun in background
images/002082368.jpg,bananas arrive to the wednesday market by boat
images/002805732.jpg,bananas at different stages of ripening on a wooden surface
images/000559216.jpg,selling bananas and other fruits at the market
images/002824150.jpg,half eaten banana against a white background
images/003225022.jpg,"person , portrait of printmaking artist as a banana"
images/002225147.jpg,banana covered in chocolate on a grey wooden table
images/000968881.jpg,butch of small bananas in a hand
images/000721284.jpg,bright summer seamless pattern with bananas on a light yellow background .
images/002868829.jpg,a super moist banana bread made with coconut oil and yogurt that is topped with a brown sugar and rum sauce .
images/000624403.jpg,market fresh bananas hanging on an old blue wooden wall
images/001618432.jpg,girl in glasses tries to speak by means of a banana instead of phone
images/001039120.jpg,banana plantation on the coast
images/002222034.jpg,was amazed by this huge banana leaf
images/001241127.jpg,bananas for a runner 's diet
images/000216584.jpg,bananas growing by the side of the road
images/003251009.jpg,bunch of bananas hanging from a banana tree
images/001326720.jpg,"the waffles are stuffed with ice cream , strawberries and banana ."
images/001404533.jpg,the average person consumes pounds of bananas every year .
images/001053491.jpg,this is no ordinary banana bread !
images/001263433.jpg,"a plate of fresh whole and cut fruit including melons , bananas , blackberries and apples"
images/000759105.jpg,a lady with her moped overloaded with bananas for sale
images/002855808.jpg,isolated silhouette of a banana
images/002592583.jpg,bunch of bananas in the exhibition of agricultural farmers annual
images/002488758.jpg,yellow banana on a pink background .
images/003255830.jpg,buy bananas in bulk dehydrate half with whatever flavors u want .
images/001049672.jpg,an illustration of religious practice from banana leaf and person decorated on tray with pedestal for paying respect to teachers or person .
images/000114788.jpg,various bananas on a grill
images/003064481.jpg,tropical parrots eating banana at a zoo .
images/000062292.jpg,yellow ripe bananas on colored backgrounds with a long shadow .
images/000989053.jpg,bananas in an old box stock photo - 31741986
images/001750138.jpg,"fruits like oranges , bananas , apples and lemons on a wooden board"
images/002235065.jpg,a large bunch of organic bananas on a banana tree
images/001193565.jpg,yellow bananas on an orange background seamless pattern .
images/000538483.jpg,hanging soft plush toy in the form of ripe peeled banana isolated on white background .
images/001088538.jpg,bananas in an old box
images/002240254.jpg,green and yellow bananas at wholesale market in the streets
images/001085708.jpg,isolated banana on a white background
images/000861543.jpg,bananas and slices isolated on a white background .
images/000286709.jpg,bananas and grapefruit on display in a market
images/000880213.jpg,bunch of bananas on a leaf
images/002747666.jpg,isolated banana on a white background
images/000490877.jpg,"bananas and dates blended with coconut milk give this chocolate mousse a thick , creamy texture ."
images/000377101.jpg,"a bowl of fruit in a house , with oranges , pears , apples , bananas adn old black banana"
images/003112736.jpg,banana tree with a bunch of growing ripe yellow bananas at plantation
images/001851856.jpg,little cute monkey eating banana on a wild nature background
images/002885833.jpg,"a plate of fresh whole and cut fruit including melons , bananas , blackberries and apples"
images/002341905.jpg,bananas on a white background
images/000313610.jpg,bananas and tangerines on a plate
images/001789147.jpg,ripe bananas on a striped surface
images/000878520.jpg,"these , ladies and gentlemen , are bananas ."
images/000403774.jpg,bunch of bananas hanging from a banana tree
images/000602913.jpg,bananas for sale in a street vendors stand
images/002226099.jpg,cut a banana into several pieces .
images/000823342.jpg,juvenile orangutan uses bananas as a stool
images/001584069.jpg,vector seamless pattern with hand drawn bananas on a blue background .
images/001651012.jpg,wide angle shot of the banana plantation
images/000373463.jpg,bananas on a white background .
images/002390584.jpg,hand taking a banana from water in slow motion
images/001635048.jpg,biological subfamily enjoys a banana
images/000029491.jpg,cute little girl in pajamas eating banana on the bed at the morning
images/000571081.jpg,"fruit , pineapple , bananas , orange juice , and a tiny taste of coconut !"
images/000289752.jpg,cuisine served on a banana leaf
images/001293976.jpg,"red , yellow and green bananas hanging for sale at a market"
images/002465698.jpg,cute baby monkey with banana hanging on the vine isolated on a white background
images/000352628.jpg,a butterfly feeding on a rotting banana
images/000572243.jpg,"the boy who became a test player : grew up on his parents , person and banana farm"
images/002386975.jpg,young man eating a banana in dark studio .
images/001664180.jpg,wide angle shot of the banana plantation
images/000606585.jpg,"pomegranate , banana , pear and apple on a gray wooden background"
images/000682617.jpg,"bananas - all of these are ripe , all were eaten by the next day"
images/000726858.jpg,vector illustration of a yellow ripe banana on an isolated white background .
images/000949498.jpg,young businessman is holding a banana and stays at panoramic window .
images/002567390.jpg,background from bananas with an arrow by organic food .
images/003067315.jpg,realistic banana on a white background .
images/002092172.jpg,traditional south meal on a banana leaf .
images/002453500.jpg,lentils in a wooden bowl on a banana leaf
images/000501324.jpg,pretty monkeys and the wreath of many bananas and coconuts
images/002805162.jpg,the variety of different bananas i picked up .
images/001410122.jpg,eating bananas on the beach
images/001314320.jpg,a little toddler boy eating a healthy breakfast of banana and granola cereal
images/000851799.jpg,"measuring tape wrapped around a banana , isolated on a white background"
images/002152802.jpg,a banana tree or palm
images/002389680.jpg,"sliced banana next to a bottle of fragrance , on a black background"
images/001076658.jpg,type of dish with bananas : butter with a side of bread
images/003244428.jpg,the plastic martial artist splits a banana with his bare hands
images/000951038.jpg,banana plantation in the province .
images/001631586.jpg,skiers having a snack eating a banana and drinking from a water bottle on slopes .
images/001848372.jpg,young man eating a banana in dark studio .
images/002487107.jpg,cluster of bananas on a tropical tree
images/000611883.jpg,type of dish with bananas : butter with a side of bread
images/001245369.jpg,close - up of a partly peeled banana
images/002306159.jpg,old truck in the banana plantation .
images/000806553.jpg,seamless pattern with bananas on a black background royalty free stock illustrations
images/001584926.jpg,small bananas at a fruit stand
images/000281938.jpg,bunch of bananas hanging from a banana tree
images/002770697.jpg,truck in the banana plantation
images/001121484.jpg,a bunch of ripe yellow bananas on a white backlit background
images/000061744.jpg,ice cream with whipped cream and a cherry in banana
images/002622437.jpg,"red , yellow and green bananas hanging for sale at a market"
images/002930523.jpg,bananas in the markets of island and indonesian province
images/000506184.jpg,bunch of bananas hanging from a banana tree
images/000789708.jpg,people pose on a banana during the celebrations
images/001858296.jpg,monkey with the plastic banana <3 i still have mine like this .
images/002611489.jpg,woman feeding the driver with a banana while driving a convertible car on country road
images/002731772.jpg,gifts for the dead bananas
images/002889317.jpg,girl placing strawberries and bananas into a blender
images/002031327.jpg,child 's hand taking organic banana from black and white stripes background .
images/001622878.jpg,new versus old : facing bananas
images/003015453.jpg,"animal lays begging the head crooked , glass of bananas milk stands on the table - black and white"
images/002154169.jpg,cultivated banana for retail sale at a fruit market
images/000240117.jpg,tropical bananas growing on a banana tree -- stock photo #
images/001655135.jpg,looks like this banana tree has more bananas on it then my last visit .
images/002983876.jpg,cute hanging monkey with banana .
images/000929639.jpg,men loading a truck at a banana plantation
images/003062620.jpg,slices of fresh banana being fried and turned over in a pan with a spatula
images/002721775.jpg,a boy runs home through a banana plantation after collecting the fishing net his father lay across a nearby river to catch fish overnight .
images/002336410.jpg,vector image of bananas on a transparent background .
images/002632832.jpg,what to do with bananas that are brown
images/002905793.jpg,bunch of ripe bananas with real reflection on a black background isolated
images/003152956.jpg,an aboriginal worker looks at the condition of bananas on a tree before chopping them down with his machete
images/002069815.jpg,funny sleeping bananas on a plate stock vector
images/001815485.jpg,"film character made from strawberries , bananas , grapes , and mini marshmallows on a toothpick"
images/001455957.jpg,banana on a black reflective background
images/002946647.jpg,a banana tree creates a towering centerpiece in the garden !
images/001608146.jpg,banana and blueberries reunite in this creamy drink !
images/002639741.jpg,ocean view and banana farm along the east coast
images/002653003.jpg,bunch of organic bananas isolated on a white studio background
images/003161377.jpg,vector illustration of banana isolated on a white background
images/00008268.jpg,bananas on the purple background
images/001296042.jpg,the back patio and banana garden at the house .
images/002161944.jpg,"passion fruit lifts the sweet combination of banana , meringue and caramel in this crowd - pleasing dessert recipe ."
images/002972255.jpg,an overripe banana on a wooden table
images/002290210.jpg,bunch of bananas on the blackboard .
images/001568743.jpg,bunch or hand of bananas isolated on a white studio background
images/000378415.jpg,a woman eats a healthy breakfast of banana and granola
images/001408708.jpg,banana and blueberry muffins - these are great to freeze for the lunch box
images/002086725.jpg,slices of fresh banana bread on a plate
images/001372401.jpg,a street market selling bananas from the back of a truck in a small village
images/001374747.jpg,cherries and chocolate come together in this rich and creamy smoothie that is naturally sweetened with ripe bananas .
images/001977150.jpg,rusty old wheelbarrow full of yellow bananas in the street
images/000081302.jpg,"the disease isposing a serious threat to production and export of bananas , membership organisation said in a report ."
images/002750347.jpg,authentic waffle with bananas at a cafe
images/003198769.jpg,turtle eat banana in the river .
images/001703193.jpg,"do you know how to properly store tomatoes , potatoes , green onions , mushrooms and bananas ? with these tips , your produce can last longer !"
images/000891437.jpg,"a bowl of fruit in a house , with oranges , pears , apples , bananas adn old black banana"
images/002621332.jpg,a woman prepares a meal of bananas for her family
images/000519253.jpg,bright bananas painted in the heart for you
images/000250493.jpg,bananas for sale in a street vendors stand
images/001328286.jpg,are your bananas always turning brown before you have a chance to eat them ? this simple hack will keep your bananas fresh longer .
images/000025181.jpg,in the jungle ... there might be bananas ...
images/001906327.jpg,an overripe banana on a wooden table
images/000888501.jpg,tourist attraction is seen beyond a banana plantation
images/002382898.jpg,ripe banana very similar to people on a white background .
images/003291678.jpg,animal with a banana in vector format
images/001659300.jpg,bananas in a glass bowl are seen
images/002372600.jpg,person will get through a staggering bananas in a typical week
images/000657984.jpg,person will get through a staggering bananas in a typical week
images/002340059.jpg,low polygon style illustration of a gold yellow banana abstract geometric background
images/002881893.jpg,seamless pattern with bananas on a striped background .
images/001095207.jpg,pattern of ripe bananas on a green background
images/001227762.jpg,have you ever found yourself stuck with extra bananas ? the first recipe that usually comes to mind is banana bread .
images/001568652.jpg,yellow ripe bananas on a palm tree
images/001589936.jpg,butterflies feasting on a banana
images/001312936.jpg,find out if eating bananas can really help you lose weight .
images/003032043.jpg,bananas cartoons in a joyful talking .
images/002350644.jpg,two single and bunches of fresh banana with leaf .
images/000570992.jpg,people pose on a banana during the celebrations
images/001960499.jpg,close up of a pair of giant banana yellow and black clown 's shoes
images/002319568.jpg,fresh green banana and coconuts at the market
images/002661323.jpg,set of bananas with the word handmade .
images/002478764.jpg,colorful seamless pattern of bananas on a striped background in pop art style
images/001214934.jpg,seamless vector pattern of yellow bananas on a pink background .
images/001945867.jpg,row of bananas on sale on an outdoor stall with other fruit in the background
images/001584764.jpg,the chimpanzees of use sticks to fish for bananas on a clothesline and apples in the water
images/001890635.jpg,the textured bright green veins of a banana leaf of biological genus
images/000176389.jpg,"a splash of juice in a glass surrounded by oranges , bananas , mango and apple"
images/002796103.jpg,a young girl holding a banana in front of her face
images/002774304.jpg,"monkey is sitting and peeling a banana , prepare for eating"
images/001463368.jpg,banana plantation on the island
images/002525303.jpg,my friend made a clay sans figurine and tied it to a banana .
images/000959484.jpg,banana plantation and coffee plantation in the area south
images/000381492.jpg,isolated outline of a banana
images/001693229.jpg,original banana drawn by color pencils .
images/000944975.jpg,seamless pattern with bananas on a striped background .
images/002672543.jpg,christmas tree made made from bananas .
images/000766736.jpg,"you 've never really seen banana bread quite like this double chocolate vegan one , and it may be hard to go back to the classic once you do !"
images/001300779.jpg,a caucasian woman with banana and a smile on her face
images/001262850.jpg,a banana tree creates a towering centerpiece in the garden !
images/003072153.jpg,ripe yellow bananas in small and medium bunches on display at the farmers market
images/001746586.jpg,woman selling bananas in the streets
images/000241520.jpg,wide angle shot of the banana plantation
images/000721763.jpg,bananas on the back of a bike against a green foliage
images/000556529.jpg,"passion fruit lifts the sweet combination of banana , meringue and caramel in this crowd - pleasing dessert recipe ."
images/001013404.jpg,colorful seamless pattern of bananas on a striped background in pop art style
images/002619374.jpg,bananas should not be kept in the fridge !
images/002321785.jpg,mini bananas - a little more starchy than normal bananas so you need to let them ripen completely
images/001798293.jpg,bananas on a banana tree
images/000829089.jpg,a cart full of bananas for sale in a street
images/003142184.jpg,ripe yellow bananas in small and medium bunches on display at the farmers market
images/001068735.jpg,people selling bananas in a market .
images/00007732.jpg,"banana , avocado and a drop of lemon , perfect vegan baby food"
images/001157067.jpg,"a city : bananas , sold at the market"
images/003219916.jpg,yellow ripe banana on a turquoise background .
images/002564170.jpg,very high quality original trendy seamless pattern with a banana
images/001907124.jpg,cute hand drawn bananas on a white background .
images/000833906.jpg,go bananas with this healthy banana bread !
images/002139599.jpg,a bowl of separated bananas .
images/003047760.jpg,very high quality original trendy seamless pattern with a banana
images/002214520.jpg,the surprising history behind bananas
images/001944308.jpg,cute baby monkey with banana isolated on a white background
images/002433189.jpg,"orange juice pouring in to a glass with apples , oranges and a banana"
images/001448256.jpg,monkey with banana hanging on a branch .
images/002620174.jpg,"close - up picture of juicy , ripe and bright yellow bananas on a white background ."
images/000873203.jpg,banana tree under the sun
images/002390023.jpg,a banana floating in the air in a studio shot
images/001171018.jpg,fresh bananas in a basket
images/001245729.jpg,bananas on a black background
images/003070880.jpg,photo of a banana tree
images/000216641.jpg,man holding a banana in front of his mouth
images/003034810.jpg,"the bananas are washed , labelled and boxed ready to be shipped"
images/001432622.jpg,some bananas bought from the market on the way to blogger
images/000485832.jpg,"this combination may sound a little strange , but i have always put banana in my carrot cake to give a moist sponge"
images/001879679.jpg,fat middle - aged man eats a banana while sitting on a bench in summer park
images/003208516.jpg,banana on a black reflective background
images/002151176.jpg,fat middle - aged man eats a banana while sitting on a bench in summer park
images/000767792.jpg,fresh green banana and coconuts at the market
images/000161133.jpg,"religious offerings of coconut , bananas and flowers for sale at the main entrance to person"
images/001459108.jpg,"fruit , pineapple , bananas , orange juice , and a tiny taste of coconut !"
images/000531354.jpg,bunch of bananas hanging from a banana tree
images/002667300.jpg,vector illustration of wooden box with bananas .
images/000181149.jpg,ripe yellow bananas on a tree
images/000587767.jpg,hand drown vector of yellow bananas on a colored background .
images/002665121.jpg,photo of a lemon on top of bananas .
images/000695151.jpg,bananas growing on a tree
images/001637446.jpg,"besides the cute kids , notice the banana tree - the bananas grow stem upwards ."
images/000973881.jpg,a young school boy enjoys eating a banana - very shallow depth of field with copy space
images/000646953.jpg,a bunch of bananas on display at a market stall
images/003001138.jpg,type of dish with bananas : butter with a side of bread
images/000231866.jpg,this is bananas mug made
images/002243021.jpg,"hard rain falling on the banana tree outside the house , resolution"
images/001038516.jpg,your baby is now the size of a banana .
images/001914475.jpg,pineapple - banana - orange smoothie with a side of strawberries
images/003147788.jpg,cheesecake stuffed banana bread - a classic treat turned on it 's head .
images/002986552.jpg,a study discovered that bananas can supply you with enough energy for a strenuous exercise .
images/001995862.jpg,bruised banana on a completely white background .
images/003135007.jpg,what are the side effects of bananas
images/002971564.jpg,"red , yellow and green bananas hanging for sale at a market"
images/003205285.jpg,peeling the skin from a banana .
images/003141925.jpg,toddler looking at a banana
images/000387612.jpg,"cocoa powder , chocolate chips , and plenty of mashed bananas make this quick bread to - die for !"
images/003264725.jpg,high contrast photo of bananas floating threateningly in the night
images/001031505.jpg,holding banana bread and laughing on the beach
images/001477368.jpg,every time i spell bananas i have to sing the song in my head .
images/001310605.jpg,man working in a banana plantation
images/000171316.jpg,drawing of a bunch of bananas with speech bubble
images/000994060.jpg,the player also had a banana thrown at him by a woman during a showdown in august last year
images/000310686.jpg,a bunch of bananas on a white background
images/002629271.jpg,small bunches of bananas isolated on a white background
images/001435373.jpg,cute little girl in pajamas eating banana on the bed at the morning
images/001522074.jpg,oranges and bananas you eat both of them .
images/002849974.jpg,"bananas , pears and citrus , to the light"
images/003011886.jpg,cluster of small bananas on a white background
images/002382674.jpg,women carrying bananas to a wharf for shipping to market 1800s
images/002593103.jpg,vector seamless pattern with hand drawn bananas on a blue background .
images/000051824.jpg,small bananas at a fruit stand
images/003055693.jpg,glass of milk and bananas on a wooden background .
images/002399131.jpg,"powerpoint template displaying open lunch box with food in it , and a banana and drink beside it"
images/000544154.jpg,mini bananas in the courtyard of the village house
images/003266793.jpg,looks like this banana tree has more bananas on it then my last visit .
images/001784316.jpg,eating bananas is a natural cure to reduce the effects of stress and anxiety .
images/002096407.jpg,"close - up of a locally grown naval orange , sliced open , sitting on a banana leaf ."
images/000040897.jpg,banana on a black reflective background
images/003117245.jpg,banana tree with a bunch of bananas #
images/000455958.jpg,drummers lead a procession of a sacred banana tree and holy water during festival .
images/002254905.jpg,these works of art will make you think twice the next time you eat a banana !
images/001973805.jpg,pictures of the - banana flower
images/000418904.jpg,rare bearded monkey eating a banana in a forest
images/000373930.jpg,the surprising history behind bananas
images/001699147.jpg,man talking with a banana
images/002190051.jpg,footpath along bodies of water near banana plantation
images/002084570.jpg,the big spider with long legs on banana leaf .
images/001702589.jpg,very high quality original trendy vector seamless pattern with a banana and apple
images/003190171.jpg,"pancakes with banana and honey on a white background , top view"
images/002847210.jpg,a bunch of bananas on a white background
images/000196465.jpg,cute and funky bananas seamless pattern on the white background .
images/001649178.jpg,the chimpanzees of use sticks to fish for bananas on a clothesline and apples in the water
images/001973668.jpg,labourers packing fresh bananas into wooden boxes for delivery to markets at the fruit market .
images/000518600.jpg,bananas on display at a roadside fruit stand
images/000795013.jpg,person of bananas rotates on a black background
images/001591183.jpg,banana tree on a white background
images/001774975.jpg,bananas as sweet as the message written upon them .
images/002555659.jpg,ha banana plantation is divided into several blocks separated by forest to protect biodiversity and reduce the use of chemical pesticides .
images/000664629.jpg,what to do with bananas that are ripe
images/000882478.jpg,a bunch of bananas minus two by person
images/002110141.jpg,bunch of bananas hanging from a banana tree
images/002407642.jpg,bananas hanging for sale at the supermarket
images/002953999.jpg,view of the river through a banana leaf .
images/001411092.jpg,half of banana on the white background
images/000693531.jpg,tourist attraction is seen beyond a banana plantation
images/002245610.jpg,empty road on the banana plantation
images/001158470.jpg,a boy sits atop a banana laden cargo ship
images/000965160.jpg,"kiwi fruit , ripe banana , sour lemon , a bunch of grapes ."
images/000524724.jpg,chocolate coated banana on a stick
images/002044136.jpg,animal with a banana in vector format
images/002507161.jpg,"mini gluten free , dairy free banana oat muffins stacked on top of each other ."
images/002672530.jpg,go bananas with this healthy banana bread !
images/002594901.jpg,pretty woman buys bananas in a supermarket
images/002207190.jpg,"first class meal on a-hr flight -- mini sandwich , banana and cocktail"
images/000115435.jpg,"this creamy vegan yogurt is made with banana , chia seeds , and almond milk ."
images/002699378.jpg,person can actually grow banana 's if you take good care of it !
images/001830014.jpg,ants attack cicada shadow on banana leaf in the tropical sun
images/002878614.jpg,small bananas at a fruit stand
images/002638474.jpg,a banana floating in the air in a studio shot
images/002511163.jpg,bunch of organic bananas isolated on a white studio background
images/002643849.jpg,eating bananas to reduce the effects of stress
images/000530347.jpg,banana plantation partly under netting covers on the southern coast
images/002746467.jpg,open banana isolated on a white background
images/001359049.jpg,a spoon of yogurt with banana
images/002788850.jpg,bananas for sale at a market .
images/002089672.jpg,ripe yellow bananas in small and medium bunches on display at the farmers market
images/002060112.jpg,bunch of organic bananas sitting on a kitchen table
images/000516143.jpg,bunch of bananas in a vegetable and fruit market .
images/001193551.jpg,"a bunch of bananas on a colored background , low - poly style , fresh fruit"
images/003126368.jpg,bananas displayed in a food market
images/001418333.jpg,"the bananas isolated on white background , watercolor illustration in hand drawn style ."
images/002053896.jpg,"i have a cursed image of my own , here 's a banana to scale ."
images/001321467.jpg,my friend made a clay sans figurine and tied it to a banana .
images/001263021.jpg,our smoothie is not only great for when you want to just kick back and relax but the bananas are also good for lowering blood pressure .
images/001177204.jpg,detail of banana leaf on a sunny day
images/002949510.jpg,cute baby monkey with banana hanging on the vine isolated on a white background
images/001982743.jpg,close up a banana leaf in the wind
images/002402286.jpg,the player also had a banana thrown at him by a woman during a showdown in august last year
images/000393666.jpg,vector illustration of half peeled banana isolated on a white background
images/000744361.jpg,young man eating a banana in dark studio .
images/002360868.jpg,butterfly cover banana leaf on the natural background
images/000302195.jpg,"the number on a pure white background using a banana , carrot and asparagus"
images/000385570.jpg,banana plantation in the wet tropics
images/002234905.jpg,"cigarettes in a banana , smoker , bad teeth -- stock photo #"
images/002686970.jpg,a silhouette of yellow bananas as an ornament framed into a circle
images/000109927.jpg,we found the smallest banana in the world
images/002745729.jpg,a bunch of isolated bananas on white background
images/001971180.jpg,banana tree with a bunch of bananas .
images/000466006.jpg,an orangutan with a banana !
images/003122753.jpg,hand - drawn vector drawing of a banana
images/003279594.jpg,"bunch of ripe bananas hanging from a long stem with purple flower , isolated on white background ."
images/002175959.jpg,"traditional food , served on a banana leaf !"
images/003142352.jpg,big bunch of bananas on sale in the market
images/003175102.jpg,banana tree with a bunch of bananas
images/001472145.jpg,bananas and slices isolated on a white background .
images/000746903.jpg,woman taking a banana in a grocery store with fruits and vegetables
images/000913046.jpg,close up of a backlit banana leaf
images/002773691.jpg,bananas and other fruit for sale on a market stall
images/002295420.jpg,tourists wait to be served banana - flavoured treats .
images/000270173.jpg,ripe bananas painted in the form of a heart on a white background
images/000834827.jpg,cat disguised as a banana
images/001883692.jpg,a variety of bananas at a market
images/003243107.jpg,feed the elephant a banana as they visit zoo .
images/000626432.jpg,"fans , with their trademark inflatable bananas , on the terraces during a match"
images/001837615.jpg,sliding to fresh banana in the kitchen ready to be eat .
images/000766645.jpg,local man carrying a bunch of bananas on his head
images/002706516.jpg,banana bread with a secret ingredient - shredded coconut !
images/002508755.jpg,monkey with the plastic banana <3 i still have mine like this .
images/001696554.jpg,sign the way of evacuation near fence of banana plantation
images/000665807.jpg,bananas cut out on a white background
images/001771214.jpg,automobile model is a banana
images/001045931.jpg,"no time to explain , get in the banana"
images/003225107.jpg,biological species sitting on a banana leaf
images/001570376.jpg,seamless vector pattern of yellow bananas on a green background .
images/000019172.jpg,over ripe banana cut out on a white background
images/001764256.jpg,butch of small bananas in a hand
images/001408822.jpg,women walk past a banana plantation in rural area of province
images/002263327.jpg,twin banana isolated on the white background
images/001823120.jpg,small bananas at a fruit stand
images/003264664.jpg,ripe bananas on a wooden table
images/001243901.jpg,have you ever found yourself stuck with extra bananas ? the first recipe that usually comes to mind is banana bread .
images/001694430.jpg,pancakes with banana and honey on a white background
images/000997072.jpg,"bananas - all of these are ripe , all were eaten by the next day"
images/002710807.jpg,"conceptual composition , male hand holding a banana as gun , symbolically representing a caution about healthy diet"
images/002816189.jpg,type of dish with bananas : butter with a side of bread
images/000887115.jpg,the spoiled banana on a white background
images/000604838.jpg,person will get through a staggering bananas in a typical week
images/002274435.jpg,the decision is to choose between a hamburger or the healthy option of a banana
images/003098021.jpg,seamless pattern with bananas on a striped background .
images/001351122.jpg,recipe for food - a few interesting ingredients take this banana bread to a tropical place from which you will not want to return .
images/003230228.jpg,the leaves of the banana tree textured under the sky background
images/002928592.jpg,child 's hand taking organic banana from black and white stripes background .
images/003295535.jpg,cricket player has a banana during the third day of the third cricket test match
images/002883894.jpg,wide angle shot of the banana plantation
images/002657610.jpg,reading bananas ? we caught up with this vendor who was reading about the latest religious news .
images/002680344.jpg,bananas on the girl s legs .
images/000178254.jpg,workers process freshly harvested bananas
images/003005255.jpg,pattern of ripe bananas on a purple background
images/002216468.jpg,just a lovely bunch of banana 's ... right ?
images/000857368.jpg,a man sells bananas in a small village
images/001325421.jpg,"banana bread for one , calories for the whole thing !"
images/002046309.jpg,"nut free banana bread that 's full of chia seeds , fiber and flavor for a healthy snack !"
images/000989007.jpg,bat hanging on the tree eating banana
images/002626704.jpg,cartoon illustration of a banana with a happy face
images/002009823.jpg,seamless pattern of bananas on a white background .
images/000022823.jpg,bunch of bananas in the exhibition of agricultural farmers annual
images/002259063.jpg,yellow banana on a black background .
images/000863932.jpg,"a city : bananas , sold at the market"
images/002455882.jpg,ripe banana very similar to people on a white background .
images/002925598.jpg,man with a bunch of bananas
images/000124322.jpg,bananas grow on a stalk as a trio of men prepare to harvest in the 1950s .
images/000700380.jpg,was amazed by this huge banana leaf
images/000850460.jpg,rare bearded monkey eating a banana in a forest
images/001747877.jpg,a cartoon brown happy monkey eating banana with thumb up
images/002207175.jpg,banana isolated on the white background .
images/003104521.jpg,bunch of bananas isolated on a white background
images/001655710.jpg,the sad fate of a forgotten banana in our apartment
images/002884854.jpg,a banana - eating fungus has been found to have spread to person and republic
images/001887994.jpg,card with fresh pale bananas and pineapple in a striped pale circle .
images/003241488.jpg,bunch of organic bananas sitting on a kitchen table
images/002110629.jpg,human language with a traditional basket fully loaded with bananas
images/000779475.jpg,a spin on the classic - super moist banana bread studded with chocolate chips !
images/000571662.jpg,hand drown vector pattern of yellow bananas on a colored background .
images/000591498.jpg,bananas on a banana tree
images/000829426.jpg,pattern of ripe bananas on a green background
images/000300715.jpg,funny gorilla with a banana royalty free stock vectors
images/002302556.jpg,interacting with a monkey eating a banana .
images/002877274.jpg,breakfast of banana bread and scrambled eggs on a white plate
images/001075363.jpg,the big spider with long legs on banana leaf .
images/001083437.jpg,the monkey eats a banana .
images/000316997.jpg,german dish is a tasty cake that 's a little bit banana bread and a little bit coffee cake .
images/000566006.jpg,rotting banana on a white background
images/003095473.jpg,banana plantation in the south
images/003083278.jpg,creative photo spoiled banana in a warm yellow filter
images/000095815.jpg,ripe banana on a white background
images/001950052.jpg,man slipped on a banana .
images/002939627.jpg,bunch of ripe speckled bananas isolated against a black background
images/002568065.jpg,cupcakes i later added a sliced banana to the top before serving .
images/003080449.jpg,some bananas bought from the market on the way to blogger
images/001797756.jpg,banana with condom on the old wooden background .
images/000790504.jpg,"technically this is healthy banana nice - cream , so why not eat it for breakfast ? learn how here ."
images/003061988.jpg,various bananas on a grill
images/002841912.jpg,bananas loaded onto a bicycle to be sold
images/001922518.jpg,a spin on the classic - super moist banana bread studded with chocolate chips !
images/000515863.jpg,bananas in the markets of island and indonesian province
images/003222196.jpg,bunch of bananas on a banana tree
images/002993866.jpg,cute baby monkey with bananas stand on a white background
images/002764172.jpg,measuring a ripe yellow banana with a tailor 's tape measure .
images/002625522.jpg,chocolate chip cookies that taste like banana bread - plus they 're made with coconut oil !
images/002245809.jpg,the skin of a ripe eaten banana
images/001054668.jpg,"bananas , oranges and cauliflower for sale at a market"
images/000050045.jpg,your baby is now the size of a banana .
images/000677327.jpg,hand drown vector pattern of yellow bananas on a colored background .
images/000018268.jpg,a bunch of bananas growing on a tree
images/001766477.jpg,bananas cartoons in a joyful talking .
images/001230926.jpg,single over ripe rotting banana isolated on white background .
images/001116312.jpg,biological species eating a banana leaf left by a hiker
images/002990005.jpg,tourists feed elephants with bananas during a tour
images/000599098.jpg,grasshopper on green banana leaf in a nature with wind
images/002897785.jpg,banana tree with a bunch of bananas
images/002139740.jpg,bananas on the fresh department of a supermarket
images/000739688.jpg,cute monkey lazily lying on a branch and holds the tail of bananas
images/000385088.jpg,yellow bananas seamless pattern on the blue background
images/001646759.jpg,watercolor seamless pattern with fresh bananas and tropical leaves .
images/001878375.jpg,what monkeys look like when someone has a banana
images/001074024.jpg,"fruits like oranges , bananas , apples and lemons on a wooden board"
images/003229811.jpg,oranges and bananas you eat both of them .
images/002681561.jpg,seamless vector pattern of yellow bananas on a pink background .
images/001978438.jpg,"some call it plantain , we call ityellow banana !"
images/002599365.jpg,person was impressed with this banana tree along the way .
images/001240627.jpg,bunch of ripe bananas on a tree in plantation .
images/003252498.jpg,man carrying a bunch of bananas on his shoulder during harvest on plantation
images/000135862.jpg,empty road on the banana plantation
images/001051257.jpg,bunch of bananas hanging from a banana tree
images/001346017.jpg,slices of fresh banana bread on a plate
images/003095706.jpg,flowers and incense sticks wrapped in banana leaf on a red tray for temple offering province
images/001780866.jpg,"pomegranate , pears , bananas and plums on a wooden background"
images/002387787.jpg,vector illustration of a smiling girl giving peeled banana to monkey
images/002938068.jpg,a banana changing over time
images/003290511.jpg,food served in a banana leaf
images/002547017.jpg,a single ripe banana on a white background
images/000101928.jpg,man carrying a bunch of bananas on his shoulder during harvest on plantation
images/002696300.jpg,these are the recipes that every banana - bread - lover needs to try
images/002444106.jpg,bunch of bananas in a banana plantation
images/001736919.jpg,add a seasonal twist to low fat banana bread by adding pumpkin to the mix
images/000250500.jpg,bananas and other fruit trees from a sketch published
images/000801802.jpg,typical very sweet small bananas on the palm
images/001969613.jpg,bananas in a female hand
images/001468081.jpg,big bunch of bananas on sale in the market
images/002337385.jpg,an illustration of religious practice from banana leaf and person decorated on tray with pedestal for paying respect to teachers or person .
images/001558526.jpg,lots of bananas at the market
images/002899383.jpg,"close - up of a young orangutan eating a banana , animal , isolated on white"
images/003111887.jpg,biological species on a banana leaf
images/000845737.jpg,bananas in a crate on rustic wood table
images/002216257.jpg,person receives a banana from person whilst taking part in an exhibition
images/002872841.jpg,bananas on the fresh department of a supermarket
images/001883933.jpg,"fans , with their trademark inflatable bananas , on the terraces during a match"
images/001745006.jpg,cute monkey lazily lying on a branch and holds the tail of bananas outlines for coloring
images/002970092.jpg,bunch of bananas in the exhibition of agricultural farmers annual
images/000184587.jpg,a bearded monkey sitting high up on a branch in a forest eating a banana
images/001115376.jpg,hand drawing bananas : fruit and leaves on a white background
images/002947094.jpg,child 's hand taking organic banana from black and white stripes background .
images/000045489.jpg,little girl eating a banana on the background of the christmas tree
images/002815193.jpg,banana bread fresh out of the oven
images/001234442.jpg,women walk past a banana plantation in rural area of province
images/003152620.jpg,hand sticking a fork on a ripe banana
images/000179840.jpg,vector seamless pattern with hand drawn bananas on a blue background .
images/000125329.jpg,seamless pattern with bananas on a striped background .
images/002307526.jpg,a bunch of bananas and market on palms background in fog
images/002787536.jpg,detail on a banana leaf with sun in background
images/002400716.jpg,what happens to your body if you eat bananas every day
images/002721209.jpg,image titled tv genre on a banana leaf step
images/002176058.jpg,fresh bananas at a market
images/001196308.jpg,person stands amongst the remains of his banana plantation .
images/000559596.jpg,detail on a banana leaf with sun in background
images/003255504.jpg,young man harvesting bananas on a plantation
images/002475190.jpg,all day banana bread with granola and maple topping
images/002007303.jpg,bananas in a bowl with an avocado to hasten the ripening process - domestic setting
images/002281130.jpg,a spin on the classic - super moist banana bread studded with chocolate chips !
images/002752095.jpg,seamless vector pattern of yellow bananas on a green background .
images/000750733.jpg,cutting the trunk of the banana tree
images/000502861.jpg,seamless pattern of bananas on a light gray background .
images/000808129.jpg,colored chalk drawn illustration of banana and strawberry smoothie in a bottle with ingredients .
images/001046170.jpg,a banana - eating fungus has been found to have spread to person and republic
images/000323632.jpg,bananas in macro on a white background
images/002653580.jpg,a cute monkey swinging from vines with a banana in his hand
images/002636454.jpg,eating banana is a natural cure to reduce the effects of stress and anxiety .
images/003225490.jpg,pattern with watermelons and bananas on a white background .
images/000190833.jpg,cast bronze bananas with a realistic yet whimsical patina .
images/002121449.jpg,bunch of bananas on a banana plantation
images/000377014.jpg,is that a banana in your pocket .
images/000809475.jpg,a bunch of ripening bananas
images/002335723.jpg,a large bunch of organic bananas on a banana tree in employer
images/000580609.jpg,bananas on sale in a market
images/001179245.jpg,iguanas in the sand eating a banana .
images/000593278.jpg,banana bread with no added sugar .
images/001436087.jpg,pattern with bananas on a black background
images/002685451.jpg,eating bananas is a great way to promote healthy bones in both children and adults .
images/002445547.jpg,"monkey and banana ~ by the decorated cookie , yellow"
images/001969141.jpg,food served on a banana leaf
images/002111887.jpg,a banana is a nutritious source of fast - acting carbs .
images/001152603.jpg,man carrying a bunch of bananas on his shoulder during harvest on plantation
images/000684909.jpg,seamless pattern of yellow bananas on a blue background .
images/002211175.jpg,fried meat and fried chicken and fried pork put on the banana leaf for sale at street local market
images/002068728.jpg,dozens of bananas are stacked at a market
images/001795089.jpg,monkey eating banana on the ground
images/001740706.jpg,a woman walks down a path carrying a large bunch of bananas on her head
images/000415009.jpg,a bunch of bananas hangs from a tree .
images/003267343.jpg,juvenile orangutan uses bananas as a stool
images/002968008.jpg,"hard rain falling on the banana tree outside the house , resolution"
images/000647160.jpg,biological species on a banana leaf
images/000036380.jpg,"a bunch of yellow bananas slowly spinning , shot on against a white background , high angle"
images/000554976.jpg,price had a narrow escape from wandering spider from bananas
images/000511917.jpg,do you like bananas ? vector image of a banana .
images/001106318.jpg,"bananas are loaded , boats on the river"
images/002412711.jpg,brand - the softest banana bread you 've ever had swirled with thick ribbons of brand .
images/002803463.jpg,bananas on a banana tree
images/001203966.jpg,image titled tv genre on a banana leaf step
images/001211827.jpg,"close - up of a locally grown naval orange , sliced open , sitting on a banana leaf ."
images/001947481.jpg,vector illustration of the banana on white background
images/000772202.jpg,exotic pattern with tropical leaves banana on a black background
images/000890344.jpg,what monkeys look like when someone has a banana
images/001814170.jpg,a frozen banana just east
images/003100591.jpg,seamless vector pattern of yellow and green bananas on a white background .
images/001138779.jpg,"traditional food , served on a banana leaf !"
images/003135342.jpg,banana seamless pattern in flat style .
images/000689472.jpg,market fresh bananas hanging on an old blue wooden wall
images/000541399.jpg,"mini gluten free , dairy free banana oat muffins stacked on top of each other ."
images/000888587.jpg,cat disguised as a banana
images/003154575.jpg,food : hanging bananas on a red wooden door
images/000141114.jpg,they 'll go bananas for this one
images/003054509.jpg,the cucumber is combined with a banana
images/001334811.jpg,"green bananas , sliced lemon and apple falling into the water on the black background ."
images/002044084.jpg,a woman balances a large basket of ripe bananas on her head as he walks down the street holding her young son 's head 1950s
images/000654455.jpg,bunch of bananas in the exhibition of agricultural farmers annual
images/001769588.jpg,"person , walks through his barren banana plantation behind his house ."
images/000352876.jpg,seamless vector pattern with yellow bananas on a blue background .
images/001838246.jpg,a picture of a radioactive banana
images/002881883.jpg,a man carrying a basket of bananas on his head in the market
images/002599706.jpg,bananas and other fruit for sale on a market stall
images/001692293.jpg,the pattern of bananas on a blue background .
images/000083663.jpg,"food , toasted pecans folded in a rich banana quick bread that is moist and perfectly sweet ."
images/001128431.jpg,person uses the banana as her canvas for her project .
images/000791083.jpg,"measuring tape wrapped around a banana , isolated on a white background"
images/001833935.jpg,bananas grow in the valley
images/002829897.jpg,juvenile orangutan uses bananas as a stool
images/001855815.jpg,ripe bananas in a wooden bowl
images/002180790.jpg,bananas on a white background - seamless pattern .
images/001738291.jpg,bananas of different stages of ripening on a wooden surface .
images/001456715.jpg,a large bunch of organic bananas on a banana tree in employer
images/003024773.jpg,plate of scrambled eggs and banana bread on a wooden table with a dish of butter
images/003204269.jpg,tourist attraction is seen beyond a banana plantation
images/002678928.jpg,seamless vector pattern of yellow bananas on a blue background .
images/003115747.jpg,little cute monkey eating banana on a wild nature background
images/002428215.jpg,"meal served in banana leaf on the occasion of festival , selective focus"
images/000347630.jpg,bananas in macro on a white background
images/001891681.jpg,true or false ? filming location is the world 's largest producer of bananas ?
images/000634856.jpg,person dressed as a banana trying to break a half - marathon world record
images/001094960.jpg,why do bananas ripen other fruit in the fruit bowl ?
images/000962244.jpg,bananas rotating on a black background
images/000271526.jpg,man taking bananas at a market
images/003258885.jpg,a bunch of ripe bananas in a glazed dish
images/000935391.jpg,close - up of a peeled banana
images/000380928.jpg,close - up of spices on a banana leaf
images/001295771.jpg,whole room covered with bananas
images/002349028.jpg,biological species eating a banana leaf left by a hiker
images/001881425.jpg,women selling bananas in the market
images/002972758.jpg,a butterfly feeding on a rotting banana
images/001981200.jpg,hand of a man holding banana
images/001248050.jpg,oranges and bananas you eat both of them .
images/000289917.jpg,yellow bananas on an orange background seamless pattern .
images/001022811.jpg,bunch of bananas hanging from a banana tree
images/002089864.jpg,banana in hand like a gun on white background
images/002527963.jpg,going bananas - funky monkeys are going bananas all over the cake !
images/001085198.jpg,cute baby monkey with bananas stand on a white background
images/003239467.jpg,german dish is a tasty cake that 's a little bit banana bread and a little bit coffee cake .
images/001287174.jpg,a bunch of bananas with the flower hanging below .
images/000325776.jpg,vector seamless pattern with hand drawn bananas on a light green background .
images/000185551.jpg,"this tangy , homemade , low - fat chocolate frozen yogurt features bananas that are caramelized in brown sugar ."
images/003040257.jpg,a woman inspects bananas at a fruit stand in an urban market
images/000655466.jpg,stalk of bananas covered with raindrops swaying in the breeze on a banana tree
images/002618028.jpg,aloe vera plants in pots with banana tree in the background
images/002300828.jpg,a bunch of bananas on a white background #
images/000975833.jpg,biological species on a banana leaf
images/001886781.jpg,pattern of ripe bananas on a purple background
images/003153706.jpg,local bananas and papaya fruits on a market stall
images/000505782.jpg,ice cream with whipped cream and a cherry in banana
images/000314236.jpg,portrait of a cute young boy and girl with same clothes sitting on a park and eating banana
images/000168467.jpg,nest of wasp is under the banana leaf .
images/000631153.jpg,rule of the day : never make eye contact while eating a banana .
images/000184584.jpg,yellow bananas on a white vector art illustration
images/000395015.jpg,... time since id made this banana bread but finally i had enough bananas
images/003268100.jpg,bananas are a well - known source of potassium .
images/002733563.jpg,"watercolor set with juicy with bananas , pineapple and coconut ."
images/001961333.jpg,mom a toddler girl choosing bananas in supermarket
images/002671466.jpg,"conceptual composition , male hand holding a banana as gun , symbolically representing a caution about healthy diet"
images/002448631.jpg,"animal lays begging the head crooked , glass of bananas milk stands on the table - black and white"
images/00014445.jpg,banana tree with a bunch of bananas #
images/000729837.jpg,a bunch of ripe bananas on a white background
images/003067310.jpg,path in the middle of a banana plantation
images/002993459.jpg,"fans , with their trademark inflatable bananas , on the terraces during a match"
images/002570860.jpg,banana with slices of banana on a white background
images/002943010.jpg,man working in a banana plantation
images/000558724.jpg,bananas are taken from a table
images/000952563.jpg,this tropical scene was inspired by the bananas that are grown all around where we live
images/002239603.jpg,rare bearded monkey eating a banana in a forest
images/001335179.jpg,"drizzle a little or drizzle a lot , banana bread is breakfast acceptable even when doused in chocolate ."
images/000341738.jpg,chef putting sliced banana into the plate
images/001833366.jpg,a rotten banana on a white background .
images/000496919.jpg,dish made of a banana leaf
images/000977941.jpg,a woman inspects bananas at a fruit stand in an urban market
images/001245072.jpg,local man carrying a bunch of bananas on his head
images/000955488.jpg,detail of banana leaf on a sunny day
images/001672510.jpg,cute and funky bananas seamless pattern on the dark background .
images/003006720.jpg,photo of a lemon on top of bananas .
images/001593939.jpg,eating banana is a natural cure to reduce the effects of stress and anxiety .
images/001623138.jpg,loading bananas on to boats
images/003127168.jpg,food served on a banana leaf
images/003024709.jpg,"road trip : beaches , dolphins , and a big banana"
images/000644188.jpg,"big hungry gorilla eating a healthy snack of bananas for breakfast , isolated on white background -- stock photo #"
images/001490529.jpg,orangutan using a banana leaf for shelter
images/000836469.jpg,"a simple twist on traditional banana bread , food is made without any butter or oil - low in fat , high in taste !"
images/000432517.jpg,man with a bunch of bananas
images/001664344.jpg,a woman eats a healthy breakfast of banana and yogurt with granola
images/002243107.jpg,gluten - free pear & banana loaf a dash of compassion
images/000731382.jpg,seamless vector pattern of yellow bananas on a green background .
images/000459058.jpg,gone bananas print children 's dress - size only - last dress in this print made cotton
images/001790376.jpg,how to quickly ripen bananas in the microwave
images/002664550.jpg,"biggest hands in the world , banana for scale"
images/000808676.jpg,cat disguised as a banana
images/001481115.jpg,a woman carries freshly harvested bananas on her head
images/001529871.jpg,red flowers of a banana tree
images/000216996.jpg,bananas on a white background
images/001233536.jpg,red flowers of a banana tree
images/000834408.jpg,a vector illustration of bunch of bananas
images/002564766.jpg,what happens to your body if you eat bananas every day .
images/001394524.jpg,"the potato was the main crop of the people , along with cocoa and bananas ."
images/000951976.jpg,vector hand drawn isolated banana with the inscription .
images/002072974.jpg,big bunch of bananas on sale in the market
images/002426665.jpg,view of man moving hanging juicy bananas at the local market
images/003110421.jpg,vector seamless pattern with hand drawn bananas on a white background .
images/001224990.jpg,a man buying bananas in a supermarket
images/001289381.jpg,young man eating a banana in dark studio .
images/000409856.jpg,close up of bananas in a grocery store
images/002316930.jpg,labourers packing fresh bananas into wooden boxes for delivery to markets at the fruit market .
images/002237756.jpg,biological species sits on the grass and eats a banana .
images/002566668.jpg,banana in hand like a gun on white background
images/001391383.jpg,a small banana tree in countryside
images/000739022.jpg,automobile model is a banana
images/000054110.jpg,butch of small bananas in a hand
images/001159294.jpg,a bearded monkey sitting high up on a branch in a forest eating a banana
images/002385633.jpg,a vendor displays bananas at his stall .
images/001773573.jpg,the chimpanzees of use sticks to fish for bananas on a clothesline and apples in the water
images/001823713.jpg,banana isolated on a white background .
images/003228039.jpg,leaves of a banana tree against blue sky
images/001767872.jpg,leaves of a banana tree against blue sky
images/001111289.jpg,close - up of spices on a banana leaf
images/003027061.jpg,bananas for sale in a street vendors stand
images/000937284.jpg,skinny cupcakes with toasted cream cheese frosting -- a mix between banana bread and carrot cake !
images/003125466.jpg,"aerial view of plantations of wheat , sugar cane , corn and banana in the countryside"
images/001839103.jpg,an old woman with a glasses eating a banana
images/001606969.jpg,butch of small bananas in a hand
images/002882554.jpg,strawberry & banana bread fresh out of the oven
images/003028335.jpg,"a banana , an apple , strawberries , raspberries and blackberries on a white plate"
images/002873259.jpg,man working in a banana plantation
images/002722028.jpg,"say goodbye to dry , hard to swallow chunks of banana bread ."
images/002199133.jpg,comedian with a banana that was considered too curved to be sold in a supermarket .
images/002252363.jpg,these are the recipes that every banana - bread - lover needs to try
images/000843242.jpg,"passion fruit lifts the sweet combination of banana , meringue and caramel in this crowd - pleasing dessert recipe ."
images/000119950.jpg,sushi rolls with smoked eel and banana on a wooden board
images/001520765.jpg,sliced banana on a chopping board .
images/000156569.jpg,it 's the giant bloom on a banana tree .
images/002027682.jpg,card with fresh pale bananas and pineapple in a striped pale circle .
images/001904069.jpg,bright summer seamless pattern with bananas on a light yellow background .
images/000611487.jpg,empty road on the banana plantation
images/002300701.jpg,monkey suited person in a tree eating a banana .
images/003056388.jpg,a man carrying bananas from the boat that brings across the river to the market
images/001004544.jpg,chalk drawn illustration of banana and strawberry smoothie in a bottle with ingredients .
images/001344877.jpg,bunch of bananas in the exhibition of agricultural farmers annual
images/001145375.jpg,this is no ordinary banana bread !
images/000060074.jpg,close up view of yellow bananas on display in a supermarket
images/001683946.jpg,bunch of bananas hanging from a banana tree
images/003297749.jpg,"get a healthy start with lean protein from milk and yogurt , plus fiber from oats and banana ."
images/001968766.jpg,sticker with hand drawn bananas on the gray background .
images/002536678.jpg,a bunch of bananas on a white background
images/002477634.jpg,ripe yellow bananas in small and medium bunches on display at the farmers market
images/001841975.jpg,juvenile orangutan uses bananas as a stool
images/002268948.jpg,the plastic martial artist splits a banana with his bare hands
images/003272414.jpg,portrait of happy girl holding a banana .
images/002352409.jpg,"seamless pattern with yellow bananas on a white background for fabric , wallpaper , album cover ."
images/002543430.jpg,wide angle shot of the banana plantation
images/001750428.jpg,an idyllic spot in the tropics allowed this banana tree to grow this beautiful bunch of bananas .
images/000998874.jpg,my banana tree which grows ?
images/002623027.jpg,a bunch of over ripe bananas on a white background
images/000692954.jpg,a snowman with a banana for a mouth in the garden after the first snowfall
images/003171456.jpg,roasted bananas - healthy and easy vegan dessert without any added sugar .
images/000353732.jpg,"close - up picture of juicy , ripe and bright yellow bananas on a white background ."
images/000668033.jpg,"biggest hands in the world , banana for scale"
images/003216141.jpg,local companies wonder : would you buy mashed banana in a pouch from a vending machine ?
images/001828838.jpg,seamless texture of the outlines of bananas
images/002431893.jpg,monkey eating banana on the ground
images/000004003.jpg,creative photo spoiled banana in a warm yellow filter
images/001237397.jpg,bananas growing on a banana tree
images/002860219.jpg,monkey with the plastic banana <3 i still have mine like this .
images/001463094.jpg,portrait of a young woman carrying a plastic bag with bananas
images/002392166.jpg,young man eating a banana in dark studio .
images/002104491.jpg,illustration of a monkey holding bananas
images/002504099.jpg,banana leaf in the wind
images/001119707.jpg,exotic pattern with tropical leaves banana on a black background
images/002059740.jpg,seamless background of peeled bananas with the peel on turquoise background
images/001372496.jpg,body is the length of a banana .
images/001198778.jpg,a young girl holding a banana in front of her face
images/002551804.jpg,blue painted banana on a yellow background
images/000996750.jpg,the softest banana bread you 've ever had swirled with thick ribbons of brand .
images/000094217.jpg,automobile model is a banana
images/000332104.jpg,bananas in macro on a white background
images/000168303.jpg,small bananas at a fruit stand
images/002828938.jpg,"layers using banana , kale , blueberry , strawberry and a few other treats ."
images/002841699.jpg,close - up view of a single fresh yellow organic ripe banana isolated on white background .
images/002161830.jpg,snack : fruit in sticky rice cooked in a banana leaf .
images/002515801.jpg,woman selling bananas in a market
images/002498039.jpg,"passion fruit lifts the sweet combination of banana , meringue and caramel in this crowd - pleasing dessert recipe ."
images/001077966.jpg,monkey eating banana on the ground
images/001587066.jpg,pattern of ripe bananas on a green background
images/002653209.jpg,"group of fruits like an apple , bananas , orange and pear with happy faces"
images/003229369.jpg,your baby is now the size of a banana .
images/000131705.jpg,a truck drives along a banana plantation
images/000158059.jpg,"moist , spiced banana bread filled with chocolate chips , no mixer needed ."
images/000369213.jpg,an overripe banana on a wooden table
images/002648028.jpg,half peeled banana isolated over white background with some shadow
images/000889067.jpg,my friend found an exceedingly straight banana .
images/001188737.jpg,bananas and other fruit for sale on a market stall
images/000958864.jpg,a banana plantation grows adjacent to dense tropical rainforest
images/000723423.jpg,feed the elephant a banana as they visit zoo .
images/003157841.jpg,grasshopper on green banana leaf in a nature with wind
images/001597632.jpg,bananas in a glass bowl are seen
images/002342163.jpg,bunch of unripe bananas on the tree
images/000471742.jpg,"this combination may sound a little strange , but i have always put banana in my carrot cake to give a moist sponge"
images/001100276.jpg,a green banana hanging on a banana tree
images/002462940.jpg,bunch of bananas hanging from a banana tree
images/002876323.jpg,isolated silhouette of a banana
images/000873348.jpg,colorful seamless pattern of bananas on a striped background in pop art style
images/000359194.jpg,brown monkey on palm tree eating a banana
images/001186707.jpg,go bananas : people took part
images/002106052.jpg,banana plantation partly under netting covers on the southern coast
images/000737127.jpg,a woman sells cooking banana along a road
images/002464568.jpg,sweet baby is looking on a banana at the kitchen
images/001499421.jpg,big bunch of bananas on sale in the market
images/000758263.jpg,"fruit , pineapple , bananas , orange juice , and a tiny taste of coconut !"
images/002796760.jpg,what to do with bananas that are ripe
images/002865159.jpg,a beautiful bunch of bananas and rings cut isolated on white background .
images/002180097.jpg,image titled tv genre on a banana leaf step
images/001333631.jpg,"the finished product : follow our step - by - step how - to for perfect banana bread , then cut into thick slices and enjoy !"
images/002467796.jpg,"red , yellow and green bananas hanging for sale at a market"
images/002252869.jpg,bunch of bananas in the exhibition of agricultural farmers annual
images/003013184.jpg,label on a bunch of bananas
images/001892183.jpg,biological subfamily enjoys a banana
images/001509197.jpg,type of dish with bananas : butter with a side of bread
images/000131498.jpg,food and banana placed on a table
images/002959562.jpg,have you heard of nice cream ? it 's essentially frozen and pureed bananas that taste just like ice cream .
images/002321876.jpg,banana tree with a bunch of ripe yellow bananas
images/001677526.jpg,"technically this is healthy banana nice - cream , so why not eat it for breakfast ? learn how here ."
images/001439753.jpg,banana plantation blown over in a storm .
images/002441441.jpg,a bunch of ripe yellow bananas on a white backlit background
images/000171122.jpg,do you ever peel bananas from the bottom ?
images/000797812.jpg,banana leaf - cuisine : how to eat your way around the world
images/001294392.jpg,measuring a ripe yellow banana with a tailor 's tape measure .
images/000117430.jpg,a young woman carries a load of bananas out of the forest to the market in her village
images/001483985.jpg,bananas of different stages of ripening on a wooden surface .
images/003250023.jpg,a single banana against a white background
images/002222727.jpg,find out if eating bananas can really help you lose weight .
images/001730397.jpg,this little guy scored a lot of bananas
images/002702726.jpg,person sharing his bananas with the elephants .
images/002080771.jpg,hand drown vector pattern of yellow bananas on a colored background .
images/000358139.jpg,leaf of a tropical tree of the banana isolated on a white background .
images/000001632.jpg,banana and fruit on display at a rural stall
images/002463961.jpg,flowers and incense sticks wrapped in banana leaf on a red tray for temple offering province
images/000577154.jpg,"a pineapple , a banana and silk almond milk on a kitchen counter"
images/001401994.jpg,different types of rice in wooden plates on the banana leaf prepared for cooking
images/000481145.jpg,bunch of banana on the tree
images/000858819.jpg,seamless pattern of yellow bananas on a blue background
images/002238044.jpg,a single banana against a white background
images/001294335.jpg,yellow banana in a female hand with a manicure
images/001103950.jpg,chalk drawn illustration of banana and strawberry smoothie in a bottle with ingredients .
images/000128227.jpg,the monkey eats a banana .
images/001389140.jpg,"banana frosty smoothie or milkshake , tilted right , with straw in a plastic cup ."
images/000050270.jpg,make bananas last longer by wrapping a plastic cling film tightly at the crown of the bananas .
images/003155324.jpg,a young girl holding a banana in front of her face
images/001196775.jpg,vector hand - drawn banana on a white background .
images/000696991.jpg,roof terrace in the afternoon sun overlooking banana plantation
images/002628235.jpg,buy bananas in bulk dehydrate half with whatever flavors u want .
images/000472904.jpg,"mini gluten free , dairy free banana oat muffins stacked on top of each other ."
images/003317183.jpg,"banana the banana counts as cup of fruit , which is about half the daily amount needed ."
images/002920227.jpg,banana bread with no added sugar .
images/003147862.jpg,woman sells bananas in a local market
images/001484306.jpg,a kitten dressed as a banana for scale
images/000903394.jpg,photo of a banana tree
images/000182446.jpg,"biggest hands in the world , banana for scale"
images/000271059.jpg,pattern of ripe bananas on a purple background
images/002157033.jpg,hand sticking a fork on a ripe banana
images/001846212.jpg,the bananas just keep on forming !
images/002110475.jpg,banana leaf on banana tree in the orchard
images/002169703.jpg,bananas in a bowl with an avocado to hasten the ripening process - domestic setting
images/002550562.jpg,a delivery man carries a very large bunch of yellow bananas on his shoulder while unloading the produce from his
images/001612010.jpg,evening watering flower beds with a lone banana in a city park
images/000779802.jpg,a single banana against a white background
images/002630637.jpg,banana for a hygienic breakfast
images/003204791.jpg,close up of the flower of a banana tree
images/001614287.jpg,a bunch of bananas with browning skin on a white background
images/001816532.jpg,"porridge , oats , milk and banana on the table"
images/000826170.jpg,seamless pattern of yellow bananas on a background of black straight lines
images/000354171.jpg,cartoon illustration of a banana with a happy face
images/000507101.jpg,this cold - hardy banana is native .
images/002950927.jpg,banana tree under the sun
images/000788871.jpg,a truck full of bananas
images/002196398.jpg,a bunch of tasty bananas on a black background with a place for an inscription
images/003264639.jpg,banana plantation on the island
images/002548406.jpg,bananas and tangerines on a plate
images/000681106.jpg,a large bunch of organic bananas on a banana tree in employer
images/002480824.jpg,isolated banana on a white background .
images/003284316.jpg,a bunch of ripening bananas
images/001236875.jpg,raw banana rotating on the white table with white seamless background
images/000355378.jpg,seamless vector pattern of yellow bananas on a green background .
images/000551138.jpg,serving of milk has as much potassium as a small banana !
images/001332716.jpg,gluten - free pear & banana loaf a dash of compassion
images/002911194.jpg,go bananas : people took part
images/003090549.jpg,a banana on wood background
images/002443929.jpg,bananas in a glass bowl are seen
images/002034319.jpg,half peeled banana isolated on a white background
images/001619406.jpg,woman in hospital shocked to see a banana for dinner
images/003108667.jpg,a woman looks up at the bananas growing in her tree
images/000935639.jpg,illustration of some bananas on white background - isolated object
images/002793215.jpg,a bunch of bananas on display at a market stall
images/002129394.jpg,banana and fruit on display at a rural stall
images/002925397.jpg,scale the end of the banana so that it 's more a square than a rectangle .
images/001646173.jpg,man holding a banana in front of his mouth
images/002741705.jpg,a chimpanzee eating a banana thrown by travellers . #
images/002431237.jpg,image titled tv genre on a banana leaf step
images/003026659.jpg,a worker in a banana plantation
images/003253627.jpg,bunch of bananas hanging from a banana tree
images/001048580.jpg,note to self : buy bananas like a week beforehand
images/000525493.jpg,hand holding a bunch of ripe bananas
images/000585613.jpg,a whole loaf of banana bread sliced open
images/001580326.jpg,the chimpanzees of use sticks to fish for bananas on a clothesline and apples in the water
images/001147588.jpg,girl selling bananas to passengers on a bus
images/001449541.jpg,funny sleeping bananas on a plate stock vector
images/00002818.jpg,entrance gate to the banana plantation
images/000983417.jpg,the monkey opens his mouth while eating a banana while his eyes are closed
images/003225402.jpg,banana plantation on the island
images/000190647.jpg,"fruit , pineapple , bananas , orange juice , and a tiny taste of coconut !"
images/002851989.jpg,leaves of a banana tree against blue sky
images/002499072.jpg,gluten - free pear & banana loaf a dash of compassion
images/001307596.jpg,cute hand drawn bananas on a white background .
images/002187475.jpg,this tropical scene was inspired by the bananas that are grown all around where we live
images/002226714.jpg,a green banana hanging on a banana tree
images/002415112.jpg,the price of bananas saw the biggest increase in february
images/003003211.jpg,close - up of spices on a banana leaf
images/002439039.jpg,label on a bunch of bananas
images/003056969.jpg,a banana which is showing brown spots and markings as it starts to over ripen
images/002829699.jpg,vector seamless pattern with banana on the white background
images/001691542.jpg,a study discovered that bananas can supply you with enough energy for a strenuous exercise .
images/002714125.jpg,animal climbs to a banana
images/002426846.jpg,close up view of yellow bananas on display in a supermarket
images/002740036.jpg,bananas of different stages of ripening on a wooden surface .
images/002483307.jpg,in the jungle ... there might be bananas ...
images/001069553.jpg,woman selling bananas in a market
images/000973604.jpg,chocolate coated banana on a stick
images/002523132.jpg,banana plantation in the province .
images/000747436.jpg,a boy carries a load of fresh bananas
images/001991557.jpg,"say goodbye to dry , hard to swallow chunks of banana bread ."
images/001524232.jpg,bananas on the girl s legs .
images/001698635.jpg,"smoothie with tropical fruits : mango , banana , orange in a glass mason jar on the old wooden background ."
images/001212142.jpg,why have plain banana bread when you can make it into pancakes ?
images/002128048.jpg,strong monkey pulls a lot of bananas .
images/002400229.jpg,banana isolated on the white background
images/000974063.jpg,bunch of bananas hanging from a banana tree
images/000071167.jpg,"fruit basket with a pineapple , apples , bananas and strawberries on a wooden table"
images/000106155.jpg,bananas in a female hand
images/001017154.jpg,yellow bananas on a white vector art illustration
images/000857285.jpg,the banana which grew on the tree
images/000598546.jpg,couple with baby selling bananas at the roadside
images/002059481.jpg,man working in a banana plantation
images/001284829.jpg,vegetarian food served in a banana leaf
images/000591182.jpg,banana plantation in the wet tropics
images/001278386.jpg,"watercolor seamless pattern with apples , oranges and a banana ."
images/001682983.jpg,a woman carries freshly harvested bananas
images/002992641.jpg,"a bowl filled with nuts , bananas and oats ."
images/000527700.jpg,chocolate coated banana on a stick
images/000072374.jpg,"fruit , pineapple , bananas , orange juice , and a tiny taste of coconut !"
images/002047398.jpg,big bunch of bananas on sale in the market
images/001400592.jpg,real bananas on venture funded company
images/001080976.jpg,vector seamless pattern of ripe fresh yellow peeled bananas on a blue background
images/002974464.jpg,"cigarettes in a banana , smoker , bad teeth -- stock photo #"
images/001433351.jpg,bananas on sale in a market
images/000272077.jpg,never make eye contact while eating a banana
images/000591420.jpg,isolated banana on a white background
images/003206236.jpg,hand - drawn vector drawing of a banana
images/002293091.jpg,bunch of bananas hanging from a banana tree
images/001804120.jpg,bananas hanging on a wall .
images/003033606.jpg,make a bunch of fake bananas and slightly stale bread .
images/002583521.jpg,grilled pineapple and bananas with beverage !
images/002507961.jpg,cute pattern with monkey in a hat and bananas vector art illustration
images/001150005.jpg,man carrying a cardboard box labelled bananas in a street market .
images/001149025.jpg,an elderly gardener in a clients garden tending bananas .
images/001546409.jpg,bananas for sale at a market .
images/000758504.jpg,close - up of food with a bunch of organic bananas & organic braeburn apples
images/001752169.jpg,butch of small bananas in a hand
images/001295834.jpg,cherries and chocolate come together in this rich and creamy smoothie that is naturally sweetened with ripe bananas .
images/000515949.jpg,sweet baby is looking on a banana at the kitchen
images/003294585.jpg,bananas in all sizes and colors
images/003114770.jpg,chopped banana on a cutting board
images/002896466.jpg,cartoon man slips on a banana
images/001019008.jpg,banana plantation near the ocean aerial view
images/000342947.jpg,an idyllic spot in the tropics allowed this banana tree to grow this beautiful bunch of bananas .
images/002922467.jpg,ripe banana on a white background
images/002857182.jpg,a monkey with the top of his head comprised of bananas .
images/000088080.jpg,illustration of the floating bananas
images/002978809.jpg,vector illustration of bananas falling into a splash of milk
images/003086002.jpg,what happens to your body if you eat bananas every day
images/001751801.jpg,batter for the deep fried bananas
images/000768088.jpg,"get a healthy start with lean protein from milk and yogurt , plus fiber from oats and banana ."
images/002905415.jpg,monkey suited person in a tree eating a banana .
images/002406756.jpg,vector seamless pattern with hand drawn bananas on a white background .
images/002849401.jpg,banana tree with a bunch of growing bananas
images/000635890.jpg,man holding a banana in front of his mouth
images/003118601.jpg,banana tree with a bunch of bananas stock photo
images/001971741.jpg,cartoon illustration of a banana with a happy face
images/002972147.jpg,bunch fresh bananas baby on a white background
images/002674088.jpg,"person , portrait of printmaking artist as a banana"
images/002710265.jpg,your baby is now the size of a banana .
images/002280432.jpg,eating banana is a natural cure to reduce the effects of stress and anxiety .
images/002703985.jpg,banana and blueberries reunite in this creamy drink !
images/001115069.jpg,the hand throws the skin off the banana .
images/002334782.jpg,banana plantation partly under netting covers on the southern coast
images/002513206.jpg,low polygon style illustration of a gold yellow banana abstract geometric background
images/000627996.jpg,cutting the trunk of the banana tree
images/001830636.jpg,watercolor seamless pattern with fresh bananas and tropical leaves .
images/000875822.jpg,isolated geometric banana on a white background
images/000966014.jpg,"do you know how to properly store tomatoes , potatoes , green onions , mushrooms and bananas ? with these tips , your produce can last longer !"
images/002354062.jpg,"this combination may sound a little strange , but i have always put banana in my carrot cake to give a moist sponge"
images/000612063.jpg,ripe bananas at the street market
images/000681134.jpg,small bananas at a fruit stand
images/000599416.jpg,bananas of different stages of ripening on a wooden surface .
images/002068004.jpg,seamless pattern with image of a banana leaves .
images/002964854.jpg,a spin on the classic - super moist banana bread studded with chocolate chips !
images/001508429.jpg,close up a banana leaf in the wind
images/003092684.jpg,reading bananas ? we caught up with this vendor who was reading about the latest religious news .
images/002538987.jpg,food - this spectacular cake is made with layers or banana and pineapple cake and then topped off with cream cheese frosting
images/003105538.jpg,portrait of a smart serious young man eating banana
images/000927709.jpg,scale the end of the banana so that it 's more a square than a rectangle .
images/000679351.jpg,"seamless pattern with yellow bananas on a white background for fabric , wallpaper , album cover ."
images/001174333.jpg,cute little girl in pajamas eating banana on the bed at the morning
images/001130547.jpg,strong monkey pulls a lot of bananas .
images/002053937.jpg,bananas on display at a roadside fruit stand
images/001241499.jpg,raw banana rotating on the white table with white seamless background
images/001905905.jpg,man talking with a banana
images/000148176.jpg,women walk past a banana plantation in rural area of province
images/001961190.jpg,traditional food served on a banana leaf
images/001202664.jpg,are carrying a large bunch of bananas on her head
images/002045112.jpg,"a pile of bananas , oranges , apples , lemons and other assorted fruits shot from above"
images/000126882.jpg,"food , a basic curry served on a banana leaf"
images/001984041.jpg,a spin on the classic - super moist banana bread studded with chocolate chips !
images/000460554.jpg,woman feeding the driver with a banana while driving a convertible car on country road
images/001063089.jpg,cartoon vector of monkey with banana hanging from tree branch .
images/002669642.jpg,bananas on sale at a rural market
images/003251422.jpg,"i 've got a lovely bunch of coconuts , and a really big banana ."
images/001952411.jpg,"beautiful vector illustration with banana , strawberry and milk splashes ."
images/003000269.jpg,bananas are isolated on a white background
images/002742528.jpg,tourists wait to be served banana - flavoured treats .
images/003031290.jpg,banana plantation in the province .
images/001243645.jpg,three - toed sloth in a banana tree
images/001934121.jpg,make bananas last longer by wrapping a plastic cling film tightly at the crown of the bananas .
images/001233031.jpg,bananas on sale in a market
images/00011790.jpg,photo of a lemon on top of bananas .
images/000544238.jpg,a young woman carries a load of bananas out of the forest to the market in her village
images/000617249.jpg,grilled pineapple and bananas with beverage !
images/000789482.jpg,cute and funky bananas seamless pattern on the white background .
images/002412592.jpg,seamless pattern of bananas on a light gray background .
images/000554528.jpg,teenager carrying a tray of bananas
images/002890197.jpg,bunch of bananas hanging from a banana tree
images/000493334.jpg,man carrying a bunch of bananas on his shoulder during harvest on plantation
images/000049978.jpg,a single banana against a white background
images/001391849.jpg,detail of banana leaf on a sunny day
images/000077282.jpg,monkey eating banana on the ground
images/001816751.jpg,these blue bags are designed to protect fresh bananas from pests and adverse weather conditions
images/000434803.jpg,banana date muffins with a seed topping
images/003083651.jpg,seamless pattern with image of a banana leaves .
images/001605447.jpg,bananas for sale on a stall
images/001166387.jpg,men are casing banana on a wooden floor .
images/002985790.jpg,what are the side effects of bananas
images/003143037.jpg,lentils in a wooden bowl on a banana leaf
images/000618745.jpg,go bananas : people took part
images/003222463.jpg,"this secretly healthy banana bread tastes just like classic banana bread , but it 's gluten free , oil free , & refined sugar free !"
images/003178322.jpg,pattern with watermelons and bananas on a white background .
images/002743379.jpg,hand drawn sketch style chopped banana with the peel on white background .
images/001754157.jpg,seamless background of peeled bananas with the peel on turquoise background
images/000019249.jpg,person wants to be a banana for western christian holiday .
images/001009188.jpg,fat middle - aged man eats a banana while sitting on a bench in summer park
images/001573466.jpg,person was impressed with this banana tree along the way .
images/000631928.jpg,a woman inspects bananas at a fruit stand in an urban market
images/002210513.jpg,feed the elephant a banana as they visit zoo .
images/001965825.jpg,beautiful vector illustration with banana and milk splashes .
images/001383489.jpg,portrait of a smart serious young man eating banana
images/002162172.jpg,a large bunch of organic bananas on a banana tree
images/001161429.jpg,colored chalk drawn illustration of banana and strawberry smoothie in a bottle with ingredients .
images/001946645.jpg,person uses the banana as her canvas for her project .
images/001853066.jpg,recipe for banana fosters sticky buns - sticky buns with a twist .
images/000721939.jpg,a cute young monkey with bananas .
images/002281466.jpg,old truck in the banana plantation .
images/000198275.jpg,what to do with bananas that are ripe
images/002767180.jpg,seamless vector pattern of yellow bananas on a green background .
images/000281349.jpg,fresh bananas at a market
images/003103636.jpg,members of a pose near their banana plantation
images/002995344.jpg,bananas in a female hand
images/002242765.jpg,seamless vector pattern of banana and watermelon pieces on a black background .
images/002383998.jpg,close up of a banana leaf
images/000779416.jpg,bananas displayed in a food market
images/000838058.jpg,seamless vector pattern of yellow bananas on a blue background .
images/000956043.jpg,"fans , with their trademark inflatable bananas , on the terraces during a match"
images/000152173.jpg,the monkey eats a banana .
images/000882791.jpg,a man rests in the street to eat a banana
images/000681411.jpg,lace this classic banana and toffee pie with a little dark rum .
images/002608183.jpg,"a glass and a bottle of milk , apple , bananas and yellow towel"
images/002371759.jpg,"person with rice , served on a banana leaf"
images/003125109.jpg,a bunch of bananas on the tree
images/002529582.jpg,bunch of bananas hanging from a banana tree
images/001524104.jpg,"portrait of a cute baby eating a banana , on a blue studio background"
images/000976459.jpg,a group of people ride on a car as they haul bananas out of the thick forest
images/000037584.jpg,pattern of bananas and green leaves on a pink .
images/002569644.jpg,a market selling banana in the city
images/001431565.jpg,bananas on a banana tree
images/002751064.jpg,a banana plantation grows adjacent to dense tropical rainforest
images/000791986.jpg,bananas on a black background
images/002828690.jpg,bananas for sale at a street market
images/001939183.jpg,an idyllic spot in the tropics allowed this banana tree to grow this beautiful bunch of bananas .
images/003178796.jpg,a woman washes clothes at a tap in her small banana plantation
images/001589067.jpg,"baskets of fruit , bowls of apples , pears and bananas on a wooden table"
images/000849899.jpg,vector icon - a yellow banana on a white background
images/002300395.jpg,"fruits like oranges , bananas , apples and lemons on a wooden board with notebook"
images/003237396.jpg,three - toed sloth in a banana tree
images/000018596.jpg,"fruits -- bananas , apples , oranges and grapes , laying on a white plate"
images/001074224.jpg,lace this classic banana and toffee pie with a little dark rum .
images/001058394.jpg,little cute monkey eating banana on a wild nature background
images/000646702.jpg,tourists wait to be served banana - flavoured treats .
images/003128773.jpg,vector seamless pattern with hand drawn bananas on a blue background .
images/002020024.jpg,a spin on the classic - super moist banana bread studded with chocolate chips !
images/002954771.jpg,banana tree with fruit in a greenhouse
images/000486574.jpg,a toddler eating a healthy breakfast of banana and granola cereal at the kitchen table in the home
images/002393588.jpg,"a banana has milligrams of potassium , which is beneficial for blood pressure"
images/000463770.jpg,seamless pattern with image of a banana leaves .
images/001980129.jpg,bunch of bananas on a banana plantation
images/002206761.jpg,food - this spectacular cake is made with layers or banana and pineapple cake and then topped off with cream cheese frosting
images/000907507.jpg,what to do with bananas that are ripe
images/001215586.jpg,"banana by printmaking artist created as an album cover for the band , person of printmaking artist if not my favorite ."
images/002110591.jpg,"a baby , eats a banana in front of a blurred crown ."
images/003126395.jpg,female hand puts on a condom onto a banana .
images/002094426.jpg,fans with a flag and inflatable banana
images/000785848.jpg,a stalk or bunch of bananas
images/001110859.jpg,colorful bananas sold at the market
images/003037670.jpg,bananas are actually in the family
images/002566456.jpg,small bananas at a fruit stand
images/001767598.jpg,banana seamless pattern with polka dots on a gray background
images/001213019.jpg,"our triple decker paisley shaped cake in chocolate , banana , and peanut butter !"
images/002964496.jpg,the child eats banana on a picnic on the green lawn
images/001285438.jpg,type of dish with bananas : butter with a side of bread
images/000350242.jpg,cute banana with peel and slices .
images/002500858.jpg,an elderly gardener in a clients garden tending bananas .
images/001728704.jpg,biological species on a banana leaf
images/000833842.jpg,"porridge , oats , milk and banana on the table"
images/001732743.jpg,monkey suited person in a tree eating a banana .
images/002313857.jpg,eating bananas to reduce the effects of stress
images/000506515.jpg,price had a narrow escape from wandering spider from bananas
images/000124237.jpg,bananas growing by the side of the road
images/002477984.jpg,this cold - hardy banana is native .
images/002039777.jpg,woman with yellow bananas in the street market
images/001400096.jpg,huge banana besides a slightly smaller banana for scale
images/000266775.jpg,butch of small bananas in a hand
images/001594938.jpg,the pattern of ripe yellow bananas and fresh
images/000574896.jpg,various bananas on a grill
images/000709753.jpg,bananas in a glass bowl are seen
images/001250036.jpg,a young man is holding a bunch of bananas
images/002957433.jpg,a bunch of bananas on a white background #
images/000094946.jpg,a hole peeled banana lying next to its peel
images/002849751.jpg,"a glass and a bottle of milk , apple , bananas and yellow towel"
images/002033257.jpg,"bananas by person , fashion illustration for newspaper"
images/000921444.jpg,flower that looks like a banana
images/002946419.jpg,illustration of some bananas on white background - isolated object
images/001992195.jpg,"first class meal on a-hr flight -- mini sandwich , banana and cocktail"
images/002104653.jpg,snack : fruit in sticky rice cooked in a banana leaf .
images/000987726.jpg,how big is this ? could i get another banana for scale here ?
images/001809019.jpg,bunch of bananas hanging from a banana tree
images/002255683.jpg,grilled bananas are a traditional dish
images/000003817.jpg,"cartoon illustration showing a bunch of bananas , including a happy one"
images/001103156.jpg,"a bowl filled with nuts , bananas and oats ."
images/002878905.jpg,bananas grow in large clumps like enormous broad - leaf grasses and have an absolutely jurassic feel about them .
images/001841622.jpg,a banana plantation grows adjacent to dense tropical rainforest
images/002349433.jpg,"moist , spiced banana bread filled with chocolate chips , no mixer needed ."
images/002784234.jpg,girl eating a banana on a white background
images/001089008.jpg,reading bananas ? we caught up with this vendor who was reading about the latest religious news .
images/002307527.jpg,person of bananas rotates on a black background
images/000905981.jpg,"banana frosty smoothie or milkshake , tilted right , with straw in a plastic cup ."
images/003162105.jpg,these blue bags are designed to protect fresh bananas from pests and adverse weather conditions
images/001132199.jpg,slices of fresh banana bread on a plate
images/003317781.jpg,seamless texture of the outlines of bananas
images/000653482.jpg,"bananas and dates blended with coconut milk give this chocolate mousse a thick , creamy texture ."
images/001993870.jpg,bananas displayed in a food market
images/002289943.jpg,bananas painting with watercolor then designed on a white background .
images/002228239.jpg,"a sweet pull - apart bread filled with caramelized bananas and drizzled with more caramel is the breakfast , brunch and dessert of your dreams , all rolled into one ."
images/000079981.jpg,"write on the skin of a banana in the morning while you 're packing their lunch ... by lunch time , where you wrote is brown and the message appears"
images/001852486.jpg,photo of a lemon on top of bananas .
images/000720314.jpg,bananas hanging from a banana tree
images/001172323.jpg,a single banana against a white background
images/001132158.jpg,puppy dog bites in a banana
images/000063478.jpg,ripe yellow bananas on a tree
images/001895535.jpg,illustration of the floating bananas
images/001281000.jpg,bunch of yellow bananas on a wood table
images/000156140.jpg,a whole loaf of banana bread sliced open
images/001209605.jpg,illustration of monkeys with banana inside the fence
images/000663147.jpg,a worker in a banana plantation
images/000027517.jpg,"no time to explain , get in the banana"
images/000835553.jpg,sushi rolls with smoked eel and banana on a wooden board
images/002651657.jpg,portrait of a cute young boy and girl with same clothes sitting on a park and eating banana
images/000168664.jpg,seamless pattern with image of a banana leaves .
images/002370257.jpg,hazy sunset above a banana plantation
images/002377039.jpg,bananas on a rustic table
images/001629091.jpg,yellow banana in a female hand with a manicure
images/003204126.jpg,gluten free vegan strawberry banana bread .
images/000512845.jpg,a man buying bananas from a vendor
images/001728373.jpg,bananas and tangerines on a plate
images/000716291.jpg,go bananas with this healthy banana bread !
images/000707970.jpg,man carrying a bunch of bananas on his shoulder during harvest on plantation
images/000583719.jpg,local women with big branches of bananas hung up under the shade at a banana plantation
images/002782473.jpg,"these , ladies and gentlemen , are bananas ."
images/001526494.jpg,bananas arrive to the wednesday market by boat
images/001124367.jpg,our smoothie is not only great for when you want to just kick back and relax but the bananas are also good for lowering blood pressure .
images/001005849.jpg,vector illustration of a banana tree
images/002612806.jpg,new versus old : facing bananas
images/002210763.jpg,a fan threw a banana at football player with the international forced to kick it off the pitch .
images/000663412.jpg,seamless vector pattern of yellow bananas on a white background .
images/002571580.jpg,banana turning on itself on a white background
images/000636381.jpg,cute and funky bananas seamless pattern on the dark background .
images/000799563.jpg,roasted bananas - healthy and easy vegan dessert without any added sugar .
images/002825599.jpg,a stack of healthy unripe fresh bananas for sale at a rural market
images/000152742.jpg,a bunch of bananas in a plantation .
images/000919928.jpg,bananas placing together in a container ready for sale
images/001479488.jpg,"tree of the day : sweet , green banana tree !"
images/001733796.jpg,a truck full of bananas
images/002049097.jpg,banana tree with fruit in a greenhouse
images/001996195.jpg,type of dish with bananas : butter with a side of bread
images/003289047.jpg,"measuring tape wrapped around a banana , isolated on a white background"
images/002032394.jpg,vector illustration of a smiling girl giving peeled banana to monkey
images/000135147.jpg,men carrying bananas from a truck
images/001895736.jpg,"peanut butter and jelly sandwich , with dancing banana , and a glass of milk"
images/003160250.jpg,"a banana , the accompaniment to meals - ethnic food tour"
images/000603177.jpg,a green banana hanging on a banana tree
images/001982987.jpg,biological species on a banana leaf
images/000527113.jpg,bananas on the old truck in plantation .
images/001269627.jpg,bananas and grapefruit on display in a market
images/001694487.jpg,raindrops on a banana leaf
images/00012302.jpg,"a big dried banana leaf with a handful and biological species , placed on a white backdrop"
images/001927293.jpg,girl in glasses tries to speak by means of a banana instead of phone
images/002033958.jpg,people selling bananas at a market
images/002874692.jpg,illustration of a monkey holding bananas
images/002666656.jpg,ripe bananas painted in the heart of a dark color
images/000548724.jpg,person wants to be a banana for western christian holiday .
images/002566156.jpg,workers processing bananas at a banana plantation
images/002138493.jpg,man carrying a bunch of bananas on his shoulder during harvest on plantation
images/000664799.jpg,real bananas on venture funded company
images/002758056.jpg,make a sweet treat with chocolate and bananas .
images/001311685.jpg,big bunch of bananas on sale in the market
images/000824060.jpg,painting of a banana tree
images/002920641.jpg,hand sticking a fork on a ripe banana
images/002090803.jpg,"you 've never really seen banana bread quite like this double chocolate vegan one , and it may be hard to go back to the classic once you do !"
images/000360157.jpg,"here 's an amazing harvest , huge bunch of bananas ready to ripen ."
images/000572979.jpg,horse and cart passes a banana plantation
images/002908426.jpg,tourists feed elephants with bananas during a tour
images/001265820.jpg,"here is my banana , wondering what hit him ."
images/001303465.jpg,you and your guests will go bananas for this frozen dessert !
images/001889453.jpg,close - up of spices on a banana leaf
images/000007557.jpg,true or false ? filming location is the world 's largest producer of bananas ?
images/001805000.jpg,"on weekdays , i usually have milk , cereal and banana with a mug of tea or coffee for my breakfast ."
images/003223828.jpg,no bananas in the sky
images/002129789.jpg,rusty old wheelbarrow full of yellow bananas in the street
images/000352255.jpg,a funny monkey with a whole lot of bananas .
images/003049034.jpg,ripe bananas on a large wooden background
images/000921421.jpg,woman sells bananas in a local market
images/002615378.jpg,"it has been such a warm summer that gardeners have been able to grow a banana tree , pictured in flower , here"
images/002891696.jpg,scale the end of the banana so that it 's more a square than a rectangle .
images/00011152.jpg,bananas for sale in a street vendors stand
images/000168607.jpg,bananas hanging for sale at the supermarket
images/000102342.jpg,~ ~ recipe banana bread takes a tropical twist with crushed pineapple and coconut .
images/000831340.jpg,close up of a bright green banana leaf
images/000731225.jpg,funky monkeys are going bananas all over the cake !
images/002778518.jpg,view of man moving hanging juicy bananas at the local market
images/001295512.jpg,bananas in a glass bowl are seen
images/002677821.jpg,bananas growing on a tree
images/000964892.jpg,raw banana rotating on the white table with white seamless background
images/001560807.jpg,bananas and slices isolated on a white background .
images/002062855.jpg,close - up of spices on a banana leaf
images/002941713.jpg,sliced banana with peel on a white background -- stock photo #
images/000743501.jpg,"a crate of bananas , apples , pears and other fruit on a wooden background"
images/001133299.jpg,person had read research that showed that eating more calories and potassium - rich food like bananas resulted in more women having boys than girls
images/002923695.jpg,different types of rice in wooden plates on the banana leaf prepared for cooking
images/002973199.jpg,bunch of slightly under ripe bananas on a dark wooden table
images/001473576.jpg,yellow banana in a female hand with a manicure
images/000308098.jpg,gluten free vegan strawberry banana bread .
images/000957108.jpg,man holding a banana in front of his mouth
images/001853630.jpg,banana bread fresh out of the oven
images/003122593.jpg,fresh bananas at a market
images/000214608.jpg,butterfly cover banana leaf on the natural background
images/001754079.jpg,cute little girl in pajamas eating banana on the bed at the morning
images/001784411.jpg,a butterfly feeding on a rotting banana
images/002300674.jpg,cute baby monkey with banana outlined isolated on a white background
images/002456431.jpg,"a bunch of bananas on a colored background , low - poly style , fresh fruit"
images/001271403.jpg,several fresh bananas baby on an empty wooden background
images/000853028.jpg,"red and yellow bananas and other fruit and vegetables are traded , bought and sold at the colorful weekly market"
images/002603008.jpg,traditional south meal on a banana leaf .
images/000631917.jpg,little cute monkey eating banana on a wild nature background
images/001623633.jpg,a hand of bananas hanging on a metal banana tree viewed from above
images/000331938.jpg,mini bananas - a little more starchy than normal bananas so you need to let them ripen completely
images/000983083.jpg,highway passed between banana plantation
images/000450970.jpg,"first class meal on a-hr flight -- mini sandwich , banana and cocktail"
images/003084931.jpg,banana bread crumb muffins l !
images/001874422.jpg,banana tree with a bunch of bananas #
images/001568427.jpg,"a sweet pull - apart bread filled with caramelized bananas and drizzled with more caramel is the breakfast , brunch and dessert of your dreams , all rolled into one ."
images/000266469.jpg,a spin on the classic - super moist banana bread studded with chocolate chips !
images/001559535.jpg,"seamless vector pattern of bananas , pear and watermelon slices on a pink background ."
images/001662919.jpg,a bunch of bananas and market on palms background in fog
images/001328372.jpg,"spotty ripe whole banana with mashed fruit , isolated on a white background"
images/001473286.jpg,bunch of bananas isolated on a white background
images/002402682.jpg,cute little girl in pajamas eating banana on the bed at the morning
images/001909149.jpg,bananas arranged on a wooden table
images/000360486.jpg,vector seamless pattern with banana on a white background .
images/000159309.jpg,woman selling bananas from a cart
images/000846493.jpg,"fruit , pineapple , bananas , orange juice , and a tiny taste of coconut !"
images/003194647.jpg,the composition of banana and cherries
images/001824324.jpg,hand drawing bananas : fruit and leaves on a white background
images/000563349.jpg,ae - hem girls or boys banana print shirt - pink - i need this for holiday
images/002744024.jpg,set of bananas with the word handmade .
images/002689263.jpg,the monkey opens his mouth while eating a banana while his eyes are closed
images/001097697.jpg,"a wild banana tree , with bananas"
images/000219333.jpg,young girl holding an apple seated at table between her mother holding a broccoli and her grandmother with a banana
images/002874414.jpg,a banana tree with fruits ready for picking
images/002347324.jpg,vector seamless pattern of ripe fresh yellow peeled bananas on a blue background
images/000367537.jpg,young construction worker eating a banana in lunch time in summer day wipe sweat
images/000356266.jpg,a boy runs home through a banana plantation after collecting the fishing net his father lay across a nearby river to catch fish overnight .
images/001997722.jpg,remember to freeze your bananas ahead of time for the best cocktail .
images/002243153.jpg,"creative flat lay of a half peeled banana on a pink and white background , top view"
images/002222078.jpg,fresh yellow bananas rotating on white surface in a seamless loop
images/002427028.jpg,bananas and slices isolated on a white background .
images/003023087.jpg,"steel cut oats cook overnight with bananas , walnuts and spices to create a healthy , make - ahead breakfast that will be waiting for you in the morning ."
images/001779419.jpg,go bananas at your baby shower in honor of the year of the monkey .
images/001910532.jpg,vector seamless pattern with hand drawn bananas on a white background .
images/002549508.jpg,a lot of small bananas on the tree
images/000868295.jpg,bunch of bananas on the plantation
images/000468673.jpg,bananas and grapefruit on display in a market
images/003156323.jpg,a toddler eating a healthy breakfast of banana and granola cereal at the kitchen table in the home
images/002033581.jpg,ripe bananas on a wooden table
images/000890892.jpg,the big spider with long legs on banana leaf .
images/001429042.jpg,"pomegranate , pears , bananas and plums on a wooden background"
images/000936982.jpg,"pink banana on a yellow background , 3d illustration"
images/000825602.jpg,isolated bananas on a white background
images/000997614.jpg,slicing a fresh banana horizontally on a plastic cutting board ready for cooking
images/000225858.jpg,vector illustration with the image of environmentally friendly bananas .
images/002608351.jpg,a bunch of ripe yellow bananas on a white backlit background
images/000749084.jpg,portrait of a tortoise eating a banana
images/001573782.jpg,bananas on sale in a market
images/000636048.jpg,what bananas do at night .
images/000372076.jpg,"as a banana , i can support this ."
images/001376701.jpg,hand drown vector pattern of yellow bananas on a colored background .
images/002633671.jpg,hand of bananas with a juice
images/003286121.jpg,"tomatoes , mushroom and banana arranged in a happy face on a plate"
images/000469481.jpg,woman in red turtleneck with banana on the cerulean blue background
images/001933154.jpg,cheesecake stuffed banana bread - a classic treat turned on it 's head .
images/001035710.jpg,banana for a hygienic breakfast
images/001842854.jpg,vector seamless pattern with banana on a white background .
images/000496509.jpg,raw banana rotating on the white table with white seamless background
images/002446472.jpg,bananas and avocados on a fruit stand at a farmers market
images/001011744.jpg,cutting the trunk of the banana tree
images/003056338.jpg,close up a banana leaf in the wind
images/000964312.jpg,a banana tree with green fruit and purple blossom growing in a garden
images/000806969.jpg,ripe banana slices on a cutting board with knife
images/002920628.jpg,isolated peeled banana on a white background
images/002807122.jpg,cute hand drawn bananas on a white background .
images/000532690.jpg,a worker carries a big branch of bananas on his shoulder at a banana plantation
images/002005902.jpg,a bunch of bananas on the tree
images/000194513.jpg,a bunch of bananas with browning skin on a white background
images/000503747.jpg,ants attack cicada shadow on banana leaf in the tropical sun
images/000811719.jpg,there is a reason animation film love bananas so much .
images/002006593.jpg,"person , walks through his barren banana plantation behind his house ."
images/000161940.jpg,detail on a banana leaf with sun in background
images/002419515.jpg,"cigarettes in a banana , smoker , bad teeth -- stock photo #"
images/002992557.jpg,sweet bananas on the yellow background
images/000930575.jpg,"a city : bananas , sold at the market"
images/001260498.jpg,"if you love banana bread and peanut butter cookies , these treats have your number ."
images/001034193.jpg,close - up of spices on a banana leaf
images/000188798.jpg,yellow banana on a pink background .
images/000540801.jpg,a bunch of bananas still growing
images/001470475.jpg,price had a narrow escape from wandering spider from bananas
images/000610833.jpg,bananas on a banana tree
images/000757381.jpg,a banana tree or palm
images/002679302.jpg,are carrying a large bunch of bananas on her head
images/002803884.jpg,vector seamless pattern with hand drawn bananas on a white background .
images/001651695.jpg,colorful pattern of bananas and pineapples on a striped background in pop art style
images/000145329.jpg,a bunch of ripe bananas on a white background
images/003222986.jpg,hand of a man with a banana
images/000678461.jpg,bananas painting with watercolor then designed on a white background .
images/000667042.jpg,go bananas at your baby shower in honor of the year of the monkey .
images/000744601.jpg,a hand of bananas hanging on a metal banana tree viewed from above
images/000775396.jpg,chocolate coated banana on a stick
images/003188178.jpg,woman sells bananas in a local market
images/002434265.jpg,bananas in a glass bowl are seen
images/003235148.jpg,man taking bananas at a market
images/002175305.jpg,bananas sold at a fruit stall
images/000188479.jpg,bananas off a banana tree
images/000440115.jpg,an old woman with a glasses eating a banana
images/001017360.jpg,"fruit , pineapple , bananas , orange juice , and a tiny taste of coconut !"
images/002944516.jpg,scale the end of the banana so that it 's more a square than a rectangle .
images/001720093.jpg,card with fresh pale bananas and pineapple in a striped pale circle .
images/001384281.jpg,woman taking a banana in a grocery store with fruits and vegetables
images/002366357.jpg,"powerpoint template displaying open lunch box with food in it , and a banana and drink beside it"
images/000163920.jpg,cartoon man slips on a banana
images/001990495.jpg,"stock image of yellow bananas on a white background , isolated ."
images/001602763.jpg,"first class meal on a-hr flight -- mini sandwich , banana and cocktail"
images/002538942.jpg,bunch of bananas in the exhibition of agricultural farmers annual
images/000982709.jpg,watercolor seamless pattern with watermelons and bananas on a white background
images/001781812.jpg,vegan banana and blueberry pancakes from person .
images/000755183.jpg,bananas on the back of a motorcycle
images/002739165.jpg,"a splash of juice in a glass surrounded by oranges , bananas , mango and apple"
images/002534100.jpg,"film character made from strawberries , bananas , grapes , and mini marshmallows on a toothpick"
images/001631078.jpg,hand of a man holding banana
images/001876167.jpg,fresh purple smoothie in a glass bottle made from bananas and blueberries .
images/002689386.jpg,detail of banana leaf on a sunny day
images/002010712.jpg,cut lime on a banana leaf
images/000766692.jpg,isolated happy banana on a white background
images/001808252.jpg,cute baby monkey with bananas stand on a white background
images/002083395.jpg,"no time to explain , get in the banana"
images/000800555.jpg,"nut free banana bread that 's full of chia seeds , fiber and flavor for a healthy snack !"
images/002695989.jpg,make a bunch of fake bananas and slightly stale bread .
images/001790714.jpg,woman cutting leaf from a banana tree
images/001124246.jpg,a woman balances a large basket of ripe bananas on her head as he walks down the street holding her young son 's head 1950s
images/001442816.jpg,banana plantation blown over in a storm .
images/000992108.jpg,bunch fresh bananas baby on a white background
images/001868574.jpg,banana bread with no added sugar .
images/001850065.jpg,"a glass and a bottle of milk , apple , bananas and yellow towel"
images/000298645.jpg,award winner plays with a banana in her purple dress
images/000513462.jpg,a bunch of isolated bananas on white background
images/002780857.jpg,young woman sitting beside baskets of fruit and eating a banana
images/000223743.jpg,vector illustration of wooden box with bananas .
images/003190335.jpg,"bananas : person is proud of his car which spent to make and cost $25,000"
images/003062418.jpg,the big spider with long legs on banana leaf .
images/001628416.jpg,evening watering flower beds with a lone banana in a city park
images/000806542.jpg,recipe - fluffy yet moist thanks to mashed banana mixed into the batter .
images/000787832.jpg,pattern with bananas on a black background
images/000296213.jpg,empty road on the banana plantation
images/000521075.jpg,"female fist wrapped in measuring tape , lie near the bananas"
images/001154391.jpg,"do you know how to properly store tomatoes , potatoes , green onions , mushrooms and bananas ? with these tips , your produce can last longer !"
images/002941892.jpg,bunch of bananas in the exhibition of agricultural farmers annual
images/002241270.jpg,a banana tree with green fruit and purple blossom growing in a garden
images/002743719.jpg,monkey eating banana on the ground
images/000734728.jpg,large bunch of bananas on a banana tree
images/001228438.jpg,iguanas in the sand eating a banana .
images/001080733.jpg,more bananas in the making
images/000740814.jpg,workers processing bananas at a banana plantation
images/001321792.jpg,ship being loaded out of bananas by a lighter in harbor
images/000624794.jpg,vector seamless pattern with banana on a white background .
images/001898346.jpg,all eyes on this cheeky monkey as he refused to split his banana with any of his troop
images/002828418.jpg,"ripe yellow banana drops into the water , slow motion shooting"
images/002470677.jpg,colorful seamless pattern of bananas on a striped background in pop art style
images/001446548.jpg,gorilla eating a banana in an enclosed grassy area
images/002172517.jpg,a bunch of ripe bananas in a glazed dish
images/000947153.jpg,a man carrying a basket of bananas on his head in the market
images/000123333.jpg,vector illustration of a smiling girl giving peeled banana to monkey
images/003284297.jpg,chef putting sliced banana into the plate
images/001250123.jpg,a variety of bananas at a market
images/002216480.jpg,it was all eyes on this cheeky monkey as he refused to split his banana with any of his troop
images/000094030.jpg,an orangutan with a banana !
images/002764150.jpg,this is no ordinary banana bread !
images/002132793.jpg,hand drawn sketch style chopped banana with the peel on white background .
images/003010138.jpg,half eaten banana against a white background
images/003140368.jpg,"some call it plantain , we call ityellow banana !"
images/001650388.jpg,banana plantation near the ocean
images/000917196.jpg,"it has been such a warm summer that gardeners have been able to grow a banana tree , pictured in flower , here"
images/003131983.jpg,bunch of bananas on a banana tree
images/000087124.jpg,man selecting bananas at a roadside fruit stall .
images/003253181.jpg,baby elephant taking a banana from a man
images/000712699.jpg,yellow ripe bananas on colored backgrounds with a long shadow .
images/002957652.jpg,in this recipe the bananas are mashed and then put into the batter to distribute their flavor .
images/003204656.jpg,juvenile orangutan uses bananas as a stool
images/002381247.jpg,a young girl holding a banana in front of her face
images/002432029.jpg,vector icon - a yellow banana on a white background
images/00009709.jpg,workers processing bananas at a banana plantation
images/000210617.jpg,seamless vector pattern of yellow bananas on a green background .
images/002671345.jpg,a young boy packs bananas into newspaper
images/000074000.jpg,person found in the bunch of bananas
images/001263696.jpg,a banana is a nutritious source of fast - acting carbs .
images/003151413.jpg,bananas in his hand on a wall background
images/002240297.jpg,lady points down the road next to banana plantation
images/000306132.jpg,bright bananas painted in the heart for you
images/003022562.jpg,banana seamless pattern in flat style .
images/002889875.jpg,banana tree under the sun
images/003161485.jpg,slicing a banana into thin slices in slow motion
images/000208709.jpg,drawing of a bunch of bananas with speech bubble
images/001118725.jpg,measuring ripe yellow bananas with a tailor 's tape measure .
images/002238663.jpg,"seamless vector pattern of bananas , pear and watermelon slices on a pink background ."
images/001708690.jpg,note to self : buy bananas like a week beforehand
images/001419639.jpg,drummers lead a procession of a sacred banana tree and holy water during festival .
images/000802724.jpg,slicing a fresh banana horizontally on a plastic cutting board ready for cooking
images/000866939.jpg,local man wrapping boiled lobster in banana leaf on the beach
images/001390042.jpg,icon of a banana on a white background
images/002268885.jpg,bananas on a white background .
images/000178688.jpg,banana with white stroke in a flat style .
images/002289653.jpg,banana leaves down the center -- stage
images/002749663.jpg,creative photo spoiled banana in a warm yellow filter
images/000243014.jpg,an overripe banana on a wooden table
images/000356033.jpg,food served in a banana leaf
images/002422343.jpg,cartoon illustration of banana super hero saving the day
images/001498223.jpg,shadow of the banana tree in the water
images/001603024.jpg,whole room covered with bananas
images/000515546.jpg,vector pattern of yellow bananas on a blue background .
images/000399781.jpg,the softest banana bread you 've ever had swirled with thick ribbons of brand .
images/000654606.jpg,person uses the banana as her canvas for her project .
images/002192526.jpg,fresh bananas fall down on a table in the kitchen
images/002389190.jpg,a banana plantation lies in ruin near the northern town .
images/001843099.jpg,a bunch of ripe yellow bananas on a white backlit background
images/000360048.jpg,they said i could be anything so i became a banana
images/000051296.jpg,bananas on a banana tree
images/002443719.jpg,"found this little lady in a parking lot , banana for scale"
images/003206661.jpg,man breaks a branch of bananas
images/001174170.jpg,bananas what unit of measurement would be best to measure the weight of a bunch of bananas
images/002376488.jpg,all this running for a free banana .
images/002202665.jpg,"a young girl holds up a banana to her mouth , imitating a smile"
images/002840391.jpg,a bunch of bananas on the tree
images/002473069.jpg,that sounds bananas to me
images/000526415.jpg,a monkey eating a banana sitting on the ruins
images/003235795.jpg,person of bananas rotates on a black background
images/002837117.jpg,muffins on a plate with bananas
images/001998567.jpg,banana plantation in the wet tropics
images/003180832.jpg,banana plantation in the wet tropics
images/002051271.jpg,different types of rice in wooden plates on the banana leaf prepared for cooking
images/000080545.jpg,woman holding a half peeled banana in her hand
images/003314917.jpg,gifts for the dead bananas
images/002051075.jpg,a bunch of bananas on a white background
images/000645207.jpg,a spin on the classic - super moist banana bread studded with chocolate chips !
images/000800802.jpg,chocolate coated banana on a stick
images/001984455.jpg,banana leaf in the wind
images/001486103.jpg,a very small dog - banana for scale and pillow
images/003268103.jpg,never make eye contact while eating a banana
images/002380159.jpg,"here is my banana , wondering what hit him ."
images/000098707.jpg,pattern of ripe bananas on a purple background
images/001834221.jpg,tv genre for a healthy pregnancy : bananas
images/002974854.jpg,hand of a man with a banana
images/001314783.jpg,banana with a syringe stuck concept of transgenic foods
images/000805348.jpg,yellow bananas on an orange background seamless pattern .
images/000080937.jpg,"red , yellow and green bananas hanging for sale at a market"
images/003227624.jpg,decorated the house with lots of bananas
images/002020167.jpg,vector seamless pattern with hand drawn bananas on a light green background .
images/002383361.jpg,fresh bananas at a market
images/001632374.jpg,portrait of a monkey eating a banana
images/001252179.jpg,a kitten dressed as a banana for scale
images/001985869.jpg,man carrying a bunch of bananas on his shoulder during harvest on plantation
images/001118692.jpg,"a glass and a bottle of milk , apple , bananas and yellow towel"
images/002379524.jpg,"a banana , strawberries and a handful of almonds , sunflower and pumpkin seeds"
images/000523897.jpg,"aerial view of plantations of wheat , sugar cane , corn and banana in the countryside"
images/000890728.jpg,funny sleeping bananas on a plate stock vector
images/001411449.jpg,bananas on the fresh department of a supermarket
images/001768870.jpg,banana leaf in the wind
images/001286307.jpg,i got this tiny banana for western christian holiday .
images/001193910.jpg,"measuring tape wrapped around a banana , isolated on a white background"
images/000588670.jpg,woman sells bananas in a local market
images/001914261.jpg,"if cutting up bananas is too strenuous , then this gadget could help you reduce both time and effort"
images/002252114.jpg,bananas on a white background .
images/002427719.jpg,detail of banana leaf on a sunny day
images/003201298.jpg,a caucasian woman with banana and a smile on her face
images/002368692.jpg,a man buying bananas from a vendor
images/000464573.jpg,close - up view of a single fresh yellow organic ripe banana isolated on white background .
images/000250165.jpg,bananas are actually in the family
images/000328673.jpg,frozen bananas into the food processor
images/000907952.jpg,bunch of bananas hanging from a banana tree
images/001115482.jpg,"a fresh , free floating , partially peeled banana against a blue background"
images/000203786.jpg,that sounds bananas to me
images/002064082.jpg,batter for the deep fried bananas
images/002675891.jpg,exotic pattern with tropical leaves banana on a black background
images/003095021.jpg,female hand puts on a condom onto a banana .
images/001766853.jpg,"a wild banana tree , with bananas"
images/002658604.jpg,large photo of a lemon on top of bananas framed in raw timber on white wall above sofa
images/003263604.jpg,a bunch of ripening bananas
images/002306354.jpg,close - up of food with a bunch of organic bananas & organic braeburn apples
images/000605144.jpg,women selling bananas in the market
images/000099853.jpg,a woman carries freshly harvested bananas on her head
images/000881059.jpg,traditional banana plantation at the foot
images/001818068.jpg,a variety of bananas at a market
images/002248170.jpg,grilled bananas are a traditional dish
images/002205549.jpg,banana seamless pattern on the white background .
images/001843906.jpg,ripe bananas on a wooden table isolated green background
images/002595112.jpg,a woman prepares a meal of bananas for her family
images/002992694.jpg,large photo of a lemon on top of bananas framed in raw timber on white wall above sofa
images/002887693.jpg,bananas for sale in a street vendors stand
images/001193756.jpg,butch of small bananas in a hand .
images/001066287.jpg,"do you eat food on banana leaf ? if not , read these amazing benefits !"
images/003146800.jpg,"tree of the day : sweet , green banana tree !"
images/002592654.jpg,bananas on a black background
images/000951383.jpg,sliding to fresh banana in the kitchen ready to be eat .
images/002518352.jpg,what to do with bananas that are brown
images/000114554.jpg,big bunch of bananas on sale in the market
images/000865321.jpg,banana plantation near the ocean
images/002745274.jpg,all eyes on this cheeky monkey as he refused to split his banana with any of his troop
images/000193327.jpg,leaves of a banana tree against blue sky
images/001273281.jpg,bananas in a bowl with an avocado to hasten the ripening process - domestic setting
images/000892845.jpg,a bunch of bananas on the tree .
images/001326161.jpg,the flower and stem of the banana tree
images/003233225.jpg,"fruits like oranges , bananas , apples and lemons on a wooden board"
images/000254590.jpg,a banana tree in a plantation in the region
images/002486651.jpg,why have plain banana bread when you can make it into pancakes ?
images/000780691.jpg,made from bananas - the perfect way to get your sweet fix when trying to watch your diet !
images/003028569.jpg,cute baby monkey with banana hanging on the vine isolated on a white background
images/001307944.jpg,cute hanging monkey with banana .
images/002183441.jpg,a bunch of ripening bananas
images/001515032.jpg,a man sells bananas in a small village
images/000491623.jpg,bananas exposed at a local market .
images/001274328.jpg,a small banana tree in countryside
images/002126604.jpg,a bowl of separated bananas .
images/000635798.jpg,a close up of a new banana leaf
images/002326738.jpg,an orangutan with a banana !
images/000692992.jpg,food and jelly had theirs ... but every once in a while it 's banana time !
images/000803473.jpg,men loading a truck at a banana plantation
images/000721590.jpg,why do bananas ripen other fruit in the fruit bowl ?
images/003047784.jpg,"the room , full of bananas and the monkey ."
images/002075311.jpg,biological species sitting on a banana leaf
images/003274365.jpg,pork steamed in a banana leaf
images/002742432.jpg,"here is my banana , wondering what hit him ."
images/000031020.jpg,a banana plantation grows in the rich volcanic soils beside a lake
images/002598488.jpg,biological species eating a banana leaf left by a hiker
images/001164975.jpg,vector seamless pattern with hand drawn bananas on a white background .
images/000084549.jpg,businessman eating banana in the office
images/003203400.jpg,bananas are isolated on a white background
images/001423048.jpg,funny bananas at a birthday party !
images/002867422.jpg,"food , a basic curry served on a banana leaf"
images/000777277.jpg,food served in a banana leaf
images/000895463.jpg,"banana and orange on a colored background , low - poly style , fresh fruit"
images/001420466.jpg,banana tree with a bunch of bananas
images/001340544.jpg,cocktail of passion fruit served on top of a banana leaf
images/001556437.jpg,"banana , avocado and a drop of lemon , perfect vegan baby food"
images/000593451.jpg,"biggest hands in the world , banana for scale"
images/002663010.jpg,tourists feed elephants with bananas during a tour
images/000718620.jpg,cute baby monkey with bananas stand on a white background
images/003184293.jpg,pictures of the - banana flower
images/000004914.jpg,"red , yellow and green bananas hanging for sale at a market"
images/000779741.jpg,vector illustration of bananas falling into a splash of milk
images/000006402.jpg,the leaves of the banana tree textured under the sky background
images/002437835.jpg,the flower and stem of the banana tree
images/001285133.jpg,a single banana against a white background
images/000251938.jpg,the composition of bananas in the style of printmaking artist
images/002351290.jpg,overhead view of overripe peeled banana together with a small bunch of ripe bananas on a polka dot background
images/000143632.jpg,bananas in an old box stock photo - 31741986
images/000655122.jpg,are your bananas always turning brown before you have a chance to eat them ? this simple hack will keep your bananas fresh longer .
images/001401990.jpg,diving along a reef of a tropical underwater world while feeding colourful fish with a banana
images/001521056.jpg,close up view of yellow bananas on display in a supermarket
images/001119495.jpg,bananas on sale in a market
images/002807627.jpg,a basket full of bananas at a market .
images/002245738.jpg,cute baby monkey with bananas stand on a white background
images/003037199.jpg,a boy carries a load of fresh bananas
images/001815461.jpg,bananas growing on a tree
images/001071658.jpg,ripe yellow bananas in small and medium bunches on display at the farmers market
images/000000181.jpg,bananas at the saturday market
images/002357649.jpg,beautiful vector illustration with banana and milk splashes .
images/000993307.jpg,banana turning on itself on a white background
images/002545197.jpg,banana tree with a bunch of growing ripe yellow bananas at plantation
images/002171935.jpg,beautiful vector illustration with banana and milk splashes .
images/002569534.jpg,ripe bananas on a wooden table
images/001324569.jpg,scale the end of the banana so that it 's more a square than a rectangle .
images/000949847.jpg,vector image of bananas on a transparent background .
images/002745639.jpg,"the ginger gives this sweet fruit salad of oranges , mango , and banana a needed kick ."
images/002750811.jpg,the pattern of ripe yellow bananas and fresh
images/000507422.jpg,small bananas at a fruit stand
images/000006196.jpg,banana tree with fruit in a greenhouse
images/002871926.jpg,watercolor seamless pattern with fresh bananas and tropical leaves .
images/002570831.jpg,"this guy needs a scale for bananas , the car is overloaded !"
images/001298560.jpg,isolated silhouette of a banana
images/000671893.jpg,fresh apples and bananas on a white plate with white background
images/001643308.jpg,man eating a banana while driving a convertible car on country road
images/000064008.jpg,german dish is a tasty cake that 's a little bit banana bread and a little bit coffee cake .
images/002940881.jpg,fresh ripe and sweet bananas isolated on a white background with logo .
images/000775697.jpg,seamless vector pattern of yellow bananas on a blue background .
images/001666874.jpg,you will want to steal this apple - peach - banana baby food after you make it for your little one !
images/000914017.jpg,bananas on sale in a market
images/000633141.jpg,a monkey eating a banana sitting on the ruins
images/000793539.jpg,how to draw a bunch of bananas step by step .
images/002824724.jpg,young girl eating a ripe banana on white background
images/000267543.jpg,whisky instead of a banana
images/001643825.jpg,"person , poses for a photo as a banana saturday morning during contest via person"
images/001083400.jpg,yellow bananas on an orange background seamless pattern .
images/001381340.jpg,detail on a banana leaf with sun in background
images/000632501.jpg,person uses the banana as her canvas for her project .
images/003092085.jpg,make a sweet treat with chocolate and bananas .
images/000049163.jpg,seamless texture of the outlines of bananas
images/002289181.jpg,skinny cupcakes with toasted cream cheese frosting -- a mix between banana bread and carrot cake !
images/001203430.jpg,bunch of ripe bananas with real reflection on a black background isolated
images/000825376.jpg,close up of a pair of giant banana yellow and black clown 's shoes
images/001745095.jpg,raw banana rotating on the white table with white seamless background
images/002201954.jpg,a stall selling red & green bananas alongside art work at the roadside near town .
images/000477968.jpg,a fan threw a banana at football player with the international forced to kick it off the pitch .
images/001991201.jpg,bananas are one of the bestselling items in the produce
images/001705726.jpg,bananas freshly pick from the tree along the trail .
images/002328379.jpg,vector illustration of a monkey sitting on a palm tree with bananas
images/000109408.jpg,bunch of bananas hanging from a banana tree
images/002433072.jpg,man carrying a bunch of bananas on his shoulder during harvest on plantation
images/001348961.jpg,banana and cinnamon tea offers you a better sleep than sleeping pills
images/000831456.jpg,banana seamless pattern with polka dots on a gray background
images/001499791.jpg,cupcakes i later added a sliced banana to the top before serving .
images/001112134.jpg,bananas for sale at a market .
images/002634484.jpg,man selecting bananas at a roadside fruit stall .
images/001178884.jpg,ripe bananas on a wooden table isolated green background
images/000279477.jpg,close up of a backlit banana leaf
images/002375417.jpg,letters in the form of a banana
images/001854888.jpg,a truck full of bananas
images/000915730.jpg,a young woman carries a load of bananas out of the forest to the market in her village
images/000343625.jpg,comedian with a banana that was considered too curved to be sold in a supermarket .
images/002288524.jpg,green and yellow bananas at wholesale market in the streets
images/001720428.jpg,a banana tree with green fruit and purple blossom growing in a garden
images/002336411.jpg,"say goodbye to dry , hard to swallow chunks of banana bread ."
images/000880536.jpg,sliced banana on a chopping board .
images/000539668.jpg,a bunch of ripe bananas in a glazed dish
images/001229200.jpg,going bananas - funky monkeys are going bananas all over the cake !
images/002211031.jpg,bananas and slices isolated on a white background .
images/000772668.jpg,hand drown vector pattern of yellow bananas on a colored background .
images/001262621.jpg,a bunch of bananas in a plantation .
images/001155960.jpg,colorful bananas sold at the market
images/000855463.jpg,person receives a banana from person whilst taking part in an exhibition
images/002625297.jpg,bananas and watermelons at a fruit market
images/001599114.jpg,"these , ladies and gentlemen , are bananas ."
images/000404896.jpg,vector seamless pattern with hand drawn bananas on a blue background .
images/000545929.jpg,there are different types of bananas .
images/001867092.jpg,a worker in a banana plantation
images/002076881.jpg,large banana and measuring tape on a white background
images/000033062.jpg,"you 've never really seen banana bread quite like this double chocolate vegan one , and it may be hard to go back to the classic once you do !"
images/002654103.jpg,ocean view and banana farm along the east coast
images/001852095.jpg,"banana , avocado and a drop of lemon , perfect vegan baby food"
images/001966070.jpg,"red , yellow and green bananas hanging for sale at a market"
images/000045284.jpg,monkey suited person in a tree eating a banana .
images/002790749.jpg,was amazed by this huge banana leaf
images/001902885.jpg,scale the end of the banana so that it 's more a square than a rectangle .
images/003005141.jpg,"a bowl of fruit in a house , with oranges , pears , apples , bananas adn old black banana"
images/002720595.jpg,a woman selling bananas in a market
images/002125239.jpg,a young man is taking a banana that has been lying on the kitchen counter and starts peeling it .
images/001904252.jpg,drawing of a peeled banana
images/001491232.jpg,portrait of a monkey eating a banana
images/001333635.jpg,banana leaf on a white background .
images/002261826.jpg,"bananas and dates blended with coconut milk give this chocolate mousse a thick , creamy texture ."
images/002149403.jpg,close - up of spices on a banana leaf
images/002301443.jpg,open banana isolated on a white background
images/001675781.jpg,banana leaf on banana tree in the orchard
images/000407238.jpg,cat disguised as a banana
images/003249320.jpg,a woman transfers bananas and other produce from boat
images/001385654.jpg,little cute monkey eating a banana at sunset
images/002626471.jpg,juices of orange and banana .
images/001598705.jpg,truck in the banana plantation
images/001833760.jpg,learn the benefits of bananas to build muscle
images/000099864.jpg,man riding a motorcycle laden with bananas
images/001204504.jpg,close - up view of a single fresh yellow organic ripe banana isolated on white background .
images/002141022.jpg,man carrying a bunch of bananas on his shoulder during harvest on plantation
images/001548113.jpg,"banana and orange on a colored background , low - poly style , fresh fruit"
images/000161955.jpg,pink bananas in the garden
images/000107385.jpg,the bunch of short size banana with white background
images/000243817.jpg,hand drown vector pattern of yellow bananas on a colored background .
images/002636704.jpg,truck in the banana plantation
images/002752370.jpg,find out if eating bananas can really help you lose weight .
images/001906952.jpg,in this recipe the bananas are mashed and then put into the batter to distribute their flavor .
images/002838782.jpg,woman feeding the driver with a banana while driving a convertible car on country road
images/002546334.jpg,man carrying a bunch of bananas on his shoulder during harvest on plantation
images/001525501.jpg,biological species on a banana leaf
images/001276554.jpg,learn the benefits of bananas to build muscle
images/003230193.jpg,banana seamless pattern in flat style .
images/000511347.jpg,"bananas : person is proud of his car which spent to make and cost $25,000"
images/000042791.jpg,rain clouds over the sea and banana plantation on the volcanic island
images/002774710.jpg,a bunch of bananas on a white background #
images/001936078.jpg,a bunch of bananas on a white background #
images/000461854.jpg,type of dish with bananas : butter with a side of bread
images/001086633.jpg,banana plantation on the island
images/001559844.jpg,"weird man eating a banana , isolated on white"
images/002555863.jpg,bananas at the saturday market
images/001675165.jpg,"vector illustration of a yellow half peeled banana , transparent vector"
images/002267314.jpg,transporting bananas to the market
images/001558229.jpg,pancakes with banana and honey on a white background
images/002833918.jpg,"do you know how to properly store tomatoes , potatoes , green onions , mushrooms and bananas ? with these tips , your produce can last longer !"
images/002930552.jpg,banana leaf in the wind
images/000603258.jpg,card with fresh bananas and pineapple on a striped background in a rounded rectangle .
images/001145802.jpg,cartoon illustration of a banana with a happy face
images/002463784.jpg,lace this classic banana and toffee pie with a little dark rum .
images/000143811.jpg,"person , poses for a photo as a banana saturday morning during contest via person"
images/002156399.jpg,spinach wrapped in a banana leaf
images/001624993.jpg,you and your guests will go bananas for this frozen dessert !
images/001119424.jpg,girl placing strawberries and bananas into a blender
images/001520663.jpg,chef has a recipe for a fabulous banana bread
images/001038948.jpg,ripe bananas on a white background
images/001587353.jpg,banana and blueberry muffins - these are great to freeze for the lunch box
images/002457015.jpg,these works of art will make you think twice the next time you eat a banana !
images/000573490.jpg,background from bananas with an arrow by organic food .
images/002100891.jpg,bananas in a female hand
images/001449576.jpg,cute little girl in pajamas eating banana on the bed at the morning
images/002781814.jpg,the surprising history behind bananas
images/000975069.jpg,seamless pattern of bananas on a white background
images/000196989.jpg,members of a pose near their banana plantation
images/001201954.jpg,a snowman with a banana for a mouth in the garden after the first snowfall
images/001424862.jpg,gluten - free pear & banana loaf a dash of compassion
images/000317599.jpg,"a bowl of fruit in a house , with oranges , pears , apples , bananas adn old black banana"
images/001143364.jpg,banana plantation partly under netting covers on the southern coast
images/002883157.jpg,a young man is holding a bunch of bananas
images/002387823.jpg,isolated geometric banana on a white background
images/001275104.jpg,"food market , in the city centre , bananas on sale"
images/001375156.jpg,do you like bananas ? vector image of a banana .
images/000174462.jpg,changed the appearance of a banana
images/003261250.jpg,"person , portrait of printmaking artist as a banana"
images/000388247.jpg,ripe bananas painted in the form of a heart on a white background
images/001254566.jpg,bananas on a cart in the street .
images/001798331.jpg,chef has a recipe for a fabulous banana bread
images/000108535.jpg,found some bananas in the jungle
images/000819960.jpg,bananas are one of the most popular fruits in the world .
images/003102411.jpg,rain clouds over the sea and banana plantation on the volcanic island
images/000305959.jpg,isolated group of bananas on a white background
images/002912822.jpg,man holding a banana in front of his mouth
images/000595566.jpg,image titled tv genre on a banana leaf step
images/000212792.jpg,man walking past fresh bananas on sale
images/003228915.jpg,cost of living bananas were really this expensive !
images/000100223.jpg,banana for sale in the fresh market
images/000754631.jpg,"a city : bananas , sold at the market"
images/003251849.jpg,fresh green banana and coconuts at the market
images/001590323.jpg,meal served on a banana leaf
images/002302375.jpg,fat middle - aged man eats a banana while sitting on a bench in summer park
images/001250828.jpg,"a bunch of yellow bananas slowly spinning , shot on against a white background , high angle"
images/002465444.jpg,single over ripe rotting banana isolated on white background .
images/001845863.jpg,"aerial view of plantations of wheat , sugar cane , corn and banana in the countryside"
images/003196206.jpg,"a bowl of fruit in a house , with oranges , pears , apples , bananas adn old black banana"
images/002957278.jpg,women walk past a banana plantation in rural area of province
images/002575446.jpg,a young boy packs bananas into newspaper
images/000664499.jpg,beautiful vector illustration with banana and milk splashes .
images/002419655.jpg,banana in a condom isolated on white stock photo
images/003098733.jpg,breakfast of banana bread and scrambled eggs on a white plate
images/001073416.jpg,mini bananas in the courtyard of the village house
images/00013501.jpg,three - toed sloth in a banana tree
images/003196034.jpg,bunch of bananas hanging from a banana tree
images/002064453.jpg,spinach wrapped in a banana leaf
images/001960825.jpg,bananas foster shots taste just like the dessert in a glass !
images/003261498.jpg,a young woman stands by a car while eating a banana on the side of the road
images/002606269.jpg,banana with white stroke in a flat style .
images/002157117.jpg,vector seamless pattern with hand drawn bananas on a white background .
images/000396522.jpg,banana leaves down the center -- stage
images/000489855.jpg,people weighing bananas one after another .
images/000597856.jpg,workers unloading crate with fresh bananas at the main port
images/000471868.jpg,handsome young man holding banana isolated on a white background
images/000070608.jpg,bunch of bananas hanging from a banana tree
images/002905905.jpg,spicy curry and rice meal on a banana leaf
images/000597379.jpg,new versus old : facing bananas
images/000197263.jpg,pink bananas on a pink background .
images/001905223.jpg,ripe bananas on a white background
images/002303397.jpg,feed the elephant a banana as they visit zoo .
images/003217596.jpg,more bananas in the making
images/003095088.jpg,"drawing of a banana with eyes , arms and legs ."
images/001488907.jpg,bananas in an old box
images/001880368.jpg,breakfast of scrambled eggs with slices of banana bread on a white plate
images/001933312.jpg,iguanas in the sand eating a banana .
images/002583069.jpg,a banana is pointed like a gun with its end peeled back in a comedic fashion
images/003069413.jpg,bananas on the girl s legs .
images/000349580.jpg,the pattern of ripe yellow bananas and fresh
images/001507558.jpg,red flowers of a banana tree
images/001243407.jpg,banana date muffins with a seed topping
images/001341520.jpg,bunch of bananas hanging from a banana tree
images/000588513.jpg,cartoon illustration of a happy banana
images/000046625.jpg,detail on a banana leaf with sun in background
images/003081294.jpg,large bunch of bananas on a banana tree
images/001907921.jpg,yellow banana in front of a white studio background
images/001657259.jpg,what are the side effects of bananas
images/002133057.jpg,"some call it plantain , we call ityellow banana !"
images/001899010.jpg,"red , yellow and green bananas hanging for sale at a market"
images/002633654.jpg,bunch of bananas in the exhibition of agricultural farmers annual
images/001054404.jpg,bunch of bananas in a banana plantation
images/002293072.jpg,man selecting bananas at a roadside fruit stall .
images/000404249.jpg,vector illustration of a banana in hand drawn graphics .
images/001269949.jpg,man carrying a bunch of bananas on his shoulder during harvest on plantation
images/002466605.jpg,they 'll go bananas for this one
images/001871674.jpg,chef has a recipe for a fabulous banana bread
images/002313698.jpg,banana plantation partly under netting covers on the southern coast
images/003236025.jpg,banana split ice cream on the white background
images/001401806.jpg,seamless texture of the outlines of bananas
images/003305452.jpg,i was expecting a not so great sandwich for lunch but instead was delighted to have a hot meal wrapped in a banana leaf of rice and beans and garlic chicken .
images/002380025.jpg,make a sweet treat with chocolate and bananas .
images/001941394.jpg,a man selling bananas in a market
images/000924311.jpg,"woman slices banana on a board , housewife is cooking fruit salad , healthy food for kids at home , fruits and vegetables in the kitchen"
images/001021815.jpg,ice cream with whipped cream and a cherry in banana
images/002978641.jpg,monkey with a banana on a white background
images/000118695.jpg,person dressed as a banana trying to break a half - marathon world record
images/003055833.jpg,half peeled banana isolated on a white background
images/000868803.jpg,bananas washed in a large water tank during harvest and packing
images/002453137.jpg,watercolor seamless pattern with watermelons and bananas on a white background
images/000705106.jpg,a single banana against a white background
images/001000377.jpg,selling bananas the goods are placed on a blanket on the ground
images/002263145.jpg,the pattern of ripe yellow bananas and fresh
images/001402833.jpg,wide angle shot of the banana plantation
images/002042188.jpg,bunch of yellow bananas on a wood table
images/002952225.jpg,man carrying a bunch of bananas on his shoulder during harvest on plantation
images/003007516.jpg,"pink banana on a blue background , 3d illustration"
images/000419618.jpg,type of dish with bananas : butter with a side of bread
images/003202922.jpg,"bananas : person is proud of his car which spent to make and cost $25,000"
images/000093816.jpg,bananas for sale in a street vendors stand
images/000515929.jpg,cute and funky bananas seamless pattern on the dark background .
images/001074683.jpg,seamless pattern of bananas on a white background .
images/001506010.jpg,an animal on a banana leaf
images/002894053.jpg,"fruit , pineapple , bananas , orange juice , and a tiny taste of coconut !"
images/002652421.jpg,young girl eating a ripe banana on white background
images/002291783.jpg,a woman wanted to see what will happen if she eats nothing but bananas .
images/000129974.jpg,"bananas - all of these are ripe , all were eaten by the next day"
images/002853226.jpg,bananas for sale on a stall on the road
images/001092365.jpg,seamless vector pattern of yellow bananas on a light gray background .
images/000557366.jpg,mayonnaise and bananas are the only things you 'll need to make this sandwich on classic white bread .
images/000813504.jpg,the condom is dressed on a banana .
images/003166092.jpg,cut lime on a banana leaf
images/000502343.jpg,a little toddler boy eating a healthy breakfast of banana and granola cereal
images/002214341.jpg,spinach wrapped in a banana leaf
images/002640827.jpg,small bananas at a fruit stand
images/002957335.jpg,bananas and other fruit trees from a sketch published
images/002859970.jpg,banana tree with a bunch of bananas
images/000150325.jpg,toddler eating a banana in a studio
images/000797734.jpg,funny sleeping bananas on a plate stock vector
images/000276799.jpg,"a good traveler 's breakfast with banana , potato , tomato and eggs in a basket ."
images/000555468.jpg,"aerial view of dirt road between the plantations of maize , sugar cane and bananas"
images/000630661.jpg,isolated pair of bananas on a white background
images/002537148.jpg,cheesecake stuffed banana bread ... it 's a classic treat turned on it 's head .
images/001122451.jpg,a cartoon illustration of an orangutan on a pile of bananas .
images/003295897.jpg,cluster of yellow bananas on a green background
images/001389861.jpg,little cute monkey eating a banana at sunset
images/000698295.jpg,bananas of different stages of ripening on a wooden surface .
images/001427209.jpg,sliding to fresh banana in the kitchen ready to be eat .
images/001334746.jpg,banana tree with fruit in a greenhouse
images/001492048.jpg,sticker with hand drawn bananas on the gray background .
images/001681981.jpg,bananas isolated on white background .
images/000746971.jpg,noble person feeds a banana to an elephant in april .
images/001099019.jpg,bright summer seamless pattern with bananas on a blue background .
images/003055533.jpg,vegan banana and blueberry pancakes from person .
images/003275189.jpg,isolated pair of bananas on a white background
images/001900847.jpg,brown monkey on palm tree eating a banana
images/002303515.jpg,"tomatoes , mushroom and banana arranged in a happy face on a plate"
images/000340846.jpg,horizontal close up of a freshly cooked waffle smothered in sliced banana and chocolate sauce
images/002389935.jpg,blue painted banana on a yellow background
images/000705155.jpg,bananas on the old truck in plantation .
images/001427453.jpg,"food is a close cousin to the carrot cake but with bananas , pineapple and crunchy pecans as the stand out flavours ."
images/000479216.jpg,close up of bananas in a grocery store
images/001794974.jpg,a close up of a new banana leaf
images/000505557.jpg,the monkey eats a banana .
images/002616978.jpg,a street market selling bananas from the back of a truck in a small village
images/003317290.jpg,fresh apples and bananas on a white plate with white background
images/002939473.jpg,"red , yellow and green bananas hanging for sale at a market"
images/001445054.jpg,apples and bananas in a glass bowl
images/000239818.jpg,ripe bananas on a large wooden background
images/002913168.jpg,pregnant woman sitting next to husband an eating banana -- stock photo #
images/000486821.jpg,colored chalk drawn illustration of banana and strawberry smoothie in a bottle with ingredients .
images/001435251.jpg,bananas on display at a roadside fruit stand
images/000441674.jpg,a man standing in banana shaped floats which he uses to traverse the river being surrounded by swans
images/002907293.jpg,portrait of happy girl holding a banana .
images/002478433.jpg,"road trip : beaches , dolphins , and a big banana"
images/001818495.jpg,banana plantation in the province .
images/001023418.jpg,"every morning started with oatmeal and a banana -- topped with a sugar in the packet , which i scavenged from various places ."
images/000826101.jpg,cartoon vector of monkey with banana hanging from tree branch .
images/001528166.jpg,background from bananas with an arrow by organic food .
images/000232608.jpg,a woman carries freshly harvested bananas on her head
images/002176373.jpg,this is a bat eating a banana in the kitchen .
images/002050393.jpg,a woman prepares a meal of bananas for her family
images/000888565.jpg,colorful seamless pattern of bananas on a striped background in pop art style
images/001070000.jpg,bananas in a market stall
images/001122869.jpg,image titled tv genre on a banana leaf step
images/003313225.jpg,a banana tree creates a towering centerpiece in the garden !
images/001562850.jpg,colored chalk drawn illustration of banana and strawberry smoothie in a bottle with ingredients .
images/002898330.jpg,"close - up of a young orangutan eating a banana , animal , isolated on white"
images/002476372.jpg,a man displays bananas growing on his farm
images/002002932.jpg,vector illustration of half peeled banana .
images/003132871.jpg,lady carrying bunches of bananas on her head the capital
images/000520706.jpg,a snowman with a banana for a mouth in the garden after the first snowfall
images/001262399.jpg,"half - peeled overripe , spotty banana , isolated on a white background"
images/000292958.jpg,bananas at the saturday market
images/001645317.jpg,vector image of bananas on a transparent background .
images/003200814.jpg,cheerful baby is eating a banana .
images/002996060.jpg,on my first tour i was amazed to see bananas grow upside down !
images/000405136.jpg,a bunch of bananas on a white background
images/002537213.jpg,"green bananas , sliced lemon and apple falling into the water on the black background ."
images/002490886.jpg,food : hanging bananas on a red wooden door
images/002084395.jpg,a bunch of bananas on a white background #
images/000208860.jpg,banana - split pancakes - this whole stack for calories !
images/000449741.jpg,seamless vector pattern of yellow bananas on a white background .
images/000126130.jpg,close of boy eating a banana
images/000796572.jpg,teenager carrying a tray of bananas
images/002689010.jpg,eating bananas is a natural cure to reduce the effects of stress and anxiety .
images/000811966.jpg,close - up of a banana leaf
images/00015357.jpg,raw banana rotating on the white table with white seamless background
images/000982762.jpg,market fresh bananas hanging on an old blue wooden wall .
images/002106884.jpg,what bananas do at night .
images/000156462.jpg,truck in the banana plantation
images/001731540.jpg,a banana which is showing brown spots and markings as it starts to over ripen
images/001407560.jpg,fans with a flag and inflatable banana
images/000311717.jpg,"a bowl of fruit in a house , with oranges , pears , apples , bananas adn old black banana"
images/003270207.jpg,bananas on sale for cents each in the section
images/001199316.jpg,bananas for sale on a stall on the road
images/003106030.jpg,the sad fate of a forgotten banana in our apartment
images/000407077.jpg,meal on a banana leaf
images/001391309.jpg,close up a banana leaf in the wind
images/001023400.jpg,whole room covered with bananas
images/002836999.jpg,close - up view of a single fresh yellow organic ripe banana isolated on white background .
images/001673276.jpg,bunch of bananas on a banana plantation
images/000544928.jpg,"food , a basic curry served on a banana leaf"
images/002709682.jpg,person receives a banana from person whilst taking part in an exhibition
images/001094715.jpg,# funny # smile on a banana .
images/000148370.jpg,the big spider with long legs on banana leaf .
images/002600223.jpg,"say goodbye to dry , hard to swallow chunks of banana bread ."
images/003085420.jpg,a truck full of bananas
images/001442427.jpg,bananas on a wooden plate
images/000872601.jpg,bananas painting with watercolor then designed on a white background .
images/001101075.jpg,a street market selling bananas from the back of a truck in a small village
images/000828840.jpg,leaf of a tropical tree of the banana isolated on a white background .
images/002456733.jpg,small bananas at a fruit stand
images/001396421.jpg,gone bananas print children 's dress - size only - last dress in this print made cotton
images/002722294.jpg,bright summer seamless pattern with bananas on a light yellow background .
images/002749633.jpg,close - up of a hand of bananas
images/001642330.jpg,a bunch of bananas on the tree .
images/001350654.jpg,a single banana isolated on a white background
images/002249767.jpg,breakfast of scrambled eggs with slices of banana bread on a white plate
images/000084343.jpg,close - up of a mid adult man carrying a bunch of bananas on his head
images/000733378.jpg,creative photo spoiled banana in a warm yellow filter
images/002015885.jpg,half eaten banana against a white background
images/001150672.jpg,"a glass and a bottle of milk , apple , bananas and yellow towel"
images/001615952.jpg,noble person feeds a banana to an elephant in april .
images/002491015.jpg,image titled tv genre on a banana leaf step
images/000061644.jpg,man selecting bananas at a roadside fruit stall .
images/001164089.jpg,bunch of bananas on the background .
images/002801405.jpg,banana leaf on banana tree in the orchard
images/002499594.jpg,animal climbs to a banana
images/000245479.jpg,there are different types of bananas .
images/002986090.jpg,bananas placing together in a container ready for sale
images/002275404.jpg,a woman washes clothes at a tap in her small banana plantation
images/001839193.jpg,"spotty ripe whole banana with mashed fruit , isolated on a white background"
images/001695248.jpg,little monkey sitting on a banana
images/001006408.jpg,man holding a banana in front of his mouth
images/003196705.jpg,a bunch of bananas on the tree
images/002187807.jpg,"sliced banana next to a bottle of fragrance , on a black background"
images/003280766.jpg,female hand pours a smoothie of banana and spinach
images/001552404.jpg,bananas on and old vintage table top with modeled tan background for a rustic feel and copy space
images/000446922.jpg,cocktail of passion fruit served on top of a banana leaf
images/001929427.jpg,vector summer seamless pattern with pineapples and bananas on the soft yellow background .
images/000039128.jpg,selling bananas and other fruits at the market
images/002456267.jpg,"still life with banana , purse and change from the series"
images/002307490.jpg,bunch of bananas on a banana plantation
images/002844005.jpg,seamless pattern of bananas on a white background .
images/001338949.jpg,little girl petting a dog and feed them with bananas .
images/001503398.jpg,isolated happy banana on a white background
images/002205717.jpg,"mini gluten free , dairy free banana oat muffins stacked on top of each other ."
images/002153233.jpg,fresh ripe and sweet bananas isolated on a white background with logo .
images/000306899.jpg,detail on a banana leaf with sun in background
images/001283350.jpg,the pattern of ripe yellow bananas and fresh
images/002944538.jpg,green banana leaf isolate on a white background with clipping path .
images/000152424.jpg,german dish is a tasty cake that 's a little bit banana bread and a little bit coffee cake .
images/002196521.jpg,a hand of bananas hanging on a metal banana tree viewed from above
images/001501744.jpg,"boy being healthy by eating fruit , including an apple and a banana ."
images/002906069.jpg,whisky instead of a banana
images/000330146.jpg,juvenile orangutan uses bananas as a stool
images/000064845.jpg,showing smiling women queueing for much awaited bananas .
images/000787872.jpg,women selling bananas at the market
images/000203739.jpg,three - toed sloth in a banana tree
images/000702963.jpg,a variety of bananas at a market
images/001730057.jpg,a worker carries a big branch of bananas on his shoulder at a banana plantation
images/001257365.jpg,bunch of bananas isolated on white background .
images/002061176.jpg,bananas of different stages of ripening on a wooden surface .
images/000959900.jpg,what to do with bananas that are ripe
images/003014994.jpg,cute baby monkey with banana isolated on a white background
images/002632497.jpg,banana tree with a bunch of bananas
images/001854417.jpg,woman selling bananas in the streets
images/003310347.jpg,a banana plantation grows adjacent to dense tropical rainforest
images/001687268.jpg,banana tree with a bunch of bananas
images/001472516.jpg,biological genus are grown in the rainforest and related to bananas
images/003266590.jpg,"powerpoint template displaying open lunch box with food in it , and a banana and drink beside it"
images/002262568.jpg,small bananas at a fruit stand
images/003002863.jpg,bananas on a banana tree
images/000552478.jpg,market fresh bananas hanging on an old blue wooden wall
images/001437556.jpg,"fruits -- bananas , apples , oranges and grapes , laying on a white plate"
images/002874770.jpg,person woman offers a banana to a monkey seated atop a shoulder bag in the back of a pickup
images/001278017.jpg,vector summer seamless pattern with pineapples and bananas on the soft yellow background .
images/002405329.jpg,bananas on sale in a market
images/000402851.jpg,banana on a black reflective background
images/002585466.jpg,a lady with her moped overloaded with bananas for sale
images/001317446.jpg,bananas on a white background .
images/002994190.jpg,banana plantation near the ocean
images/001378359.jpg,type of dish with bananas : butter with a side of bread
images/000393670.jpg,bananas are a good source of potassium .
images/001202949.jpg,"person with rice , served on a banana leaf"
images/001917107.jpg,"fruit , pineapple , bananas , orange juice , and a tiny taste of coconut !"
images/000681039.jpg,"a healthier twist , using mashed banana as filling ."
images/000943648.jpg,bananas placing together in a container ready for sale
images/000179907.jpg,oranges and bananas you eat both of them .
images/002301037.jpg,young man eating a banana in dark studio .
images/002588988.jpg,vector seamless pattern of ripe fresh yellow peeled bananas on a blue background
images/003213308.jpg,scale the end of the banana so that it 's more a square than a rectangle .
images/002133746.jpg,a woman eats a healthy breakfast of banana and granola
images/001253777.jpg,banana on a black reflective background
images/002203561.jpg,two single and bunches of fresh banana with leaf .
images/001435248.jpg,"fruit , pineapple , bananas , orange juice , and a tiny taste of coconut !"
images/001480938.jpg,"here is my banana , wondering what hit him ."
images/000067520.jpg,a man buys bananas in a supermarket
images/001694451.jpg,iguanas in the sand eating a banana .
images/000706426.jpg,"a young girl holds up a banana to her mouth , imitating a smile"
images/001605600.jpg,gifts for the dead bananas
images/000612411.jpg,hand of a man with a banana
images/003027252.jpg,banana leaf in the wind
images/001810186.jpg,shadow of the banana tree in the water
images/000928622.jpg,food - this spectacular cake is made with layers or banana and pineapple cake and then topped off with cream cheese frosting
images/003084636.jpg,breakfast of scrambled eggs with slices of banana bread on a white plate
images/003116491.jpg,a caucasian woman with banana and a smile on her face
images/001183200.jpg,"bananas , fresh off the tree ."
images/002515025.jpg,yellow banana on a pink background .
images/000116417.jpg,bananas are isolated on a white background
images/003112292.jpg,"banana frosty smoothie or milkshake , tilted right , with straw in a plastic cup ."
images/000893560.jpg,"red , yellow and green bananas hanging for sale at a market"
images/002626202.jpg,muffins on a plate with bananas
images/003137194.jpg,a young woman in sneakers is looking for a banana in a fruit basket
images/001505380.jpg,german dish is a tasty cake that 's a little bit banana bread and a little bit coffee cake .
images/000444480.jpg,an elderly gardener in a clients garden tending bananas .
images/001864225.jpg,"a cartoon of a yellow , peeled banana ."
images/003116955.jpg,"write on the skin of a banana in the morning while you 're packing their lunch ... by lunch time , where you wrote is brown and the message appears"
images/001656577.jpg,eating banana is a natural cure to reduce the effects of stress and anxiety .
images/000941444.jpg,pictures of the - banana flower
images/001756094.jpg,bright bananas painted in the heart for you
images/001756137.jpg,people pose on a banana during the celebrations
images/003096374.jpg,it was all eyes on this cheeky monkey as he refused to split his banana with any of his troop
images/001963012.jpg,isolated outline of a group of bananas
images/000801777.jpg,banana and blueberries reunite in this creamy drink !
images/002972522.jpg,portrait of a smart serious young man eating banana
images/000627391.jpg,a kitten dressed as a banana for scale
images/000637381.jpg,sticker with hand drawn bananas on the gray background .
images/001440569.jpg,close up of a banana leaf
images/002995831.jpg,this is a bat eating a banana in the kitchen .
images/001285411.jpg,country consumes more bananas than any other fruit .
images/002156584.jpg,overview of banana plantation with a tractor driving by on a dirt road
images/002946095.jpg,yellow bananas seamless pattern on the blue background
images/000686562.jpg,red - eyed tree frog hanging out of a fresh banana leaf
images/002442949.jpg,chef putting sliced banana into the plate
images/000017943.jpg,banana seamless pattern with polka dots on a gray background
images/003154603.jpg,my so - calledbanana pancakes at breakfast
images/002857750.jpg,man carrying a bunch of bananas on his shoulder during harvest on plantation
images/001617037.jpg,bananas washed in a large water tank during harvest and packing
images/003278331.jpg,isolated sketch of a banana
images/002590762.jpg,pattern of ripe bananas on a green background
images/002239465.jpg,bananas at different stages of ripening on a wooden surface
images/002174016.jpg,feed the elephant a banana as they visit zoo .
images/002434406.jpg,bananas on a wooden plate
images/002217100.jpg,colorful seamless pattern of bananas on a striped background in pop art style
images/002534856.jpg,over ripe banana cut out on a white background
images/001239162.jpg,a snowman with a banana for a mouth in the garden after the first snowfall
images/002365149.jpg,"tree of the day : sweet , green banana tree !"
images/000130446.jpg,cute baby monkey with banana isolated on a white background
images/001206696.jpg,bunch of bananas on a banana tree
images/001825734.jpg,feed the elephant a banana as they visit zoo .
images/001054288.jpg,fresh bananas at a market
images/002954268.jpg,yellow ripe banana on a turquoise background .
images/000640932.jpg,the ultimate guilt - free frozen ice cream made with ingredients - roasted bananas and coconut milk !
images/001999861.jpg,a fan threw a banana at football player with the international forced to kick it off the pitch .
images/000527635.jpg,a truck drives along a banana plantation
images/002569476.jpg,bunch of ripe speckled bananas isolated against a black background
images/000279904.jpg,go bananas at your baby shower in honor of the year of the monkey .
images/001090884.jpg,folded in a pile of fresh bananas mini on white background
images/000978614.jpg,our favorite banana bread : freezes well ; thaw a few slices a time for snacking .
images/001283895.jpg,pattern of ripe bananas on a green background
images/002249011.jpg,juvenile orangutan uses bananas as a stool
images/000550097.jpg,cookies that taste like banana bread and are healthy enough for breakfast !
images/002332165.jpg,stalk of bananas covered with raindrops swaying in the breeze on a banana tree
images/001963411.jpg,bunch of bananas in a banana plantation
images/000624864.jpg,a stack of healthy unripe fresh bananas for sale at a rural market
images/000496747.jpg,bananas on the girl s legs .
images/002308534.jpg,"pomegranate , banana , pear and apple on a gray wooden background"
images/001662994.jpg,cute and funky bananas seamless pattern on the dark background .
images/003190612.jpg,banana for a hygienic breakfast
images/001716742.jpg,bananas and other fruit for sale on a market stall
images/002003207.jpg,seamless vector pattern with yellow bananas on a blue background .
images/002736511.jpg,"i 've got a lovely bunch of coconuts , and a really big banana ."
images/002213894.jpg,"red , yellow and green bananas hanging for sale at a market"
images/000298601.jpg,young businessman is holding a banana and stays at panoramic window .
images/000051637.jpg,young man eating a banana in dark studio .
images/000331277.jpg,gluten free vegan strawberry banana bread .
images/003059175.jpg,girl eating a banana on a white background
images/002537599.jpg,yellow banana in front of a white studio background
images/000364446.jpg,the chimpanzees of use sticks to fish for bananas on a clothesline and apples in the water
images/000141232.jpg,some bananas are sweeter than others .
images/002686316.jpg,people selling bananas at a market
images/000449458.jpg,in this recipe the bananas are mashed and then put into the batter to distribute their flavor .
images/003149067.jpg,you really appreciate how big these bananas are when you 've got the giant pizza there for scale
images/001234128.jpg,chalk drawn illustration of banana and strawberry smoothie in a bottle with ingredients .
images/001572188.jpg,cute baby monkey with banana isolated on a white background
images/000261267.jpg,a bunch of bananas in a plantation .
images/002381588.jpg,"orange juice pouring in to a glass with apples , oranges and a banana"
images/002648260.jpg,green and yellow bananas at wholesale market in the streets
images/003127949.jpg,"seamless vector pattern of bananas , pear and watermelon slices on a pink background ."
images/002281584.jpg,overripe bananas with large brown spots on a white background
images/001679071.jpg,bananas in an open air market
images/001217210.jpg,these blue bags are designed to protect fresh bananas from pests and adverse weather conditions
images/002018838.jpg,bananas displayed in a food market
images/000980270.jpg,strawberries and bananas on waffles
images/001695871.jpg,banana for scale on a banana
images/002886674.jpg,bananas are one of the most popular fruits in the world .
images/003251160.jpg,sticker with hand drawn bananas on the gray background .
images/002114533.jpg,"kiwi fruit , ripe banana , sour lemon , a bunch of grapes ."
images/000403211.jpg,portrait of a cute young boy and girl with same clothes sitting on a park and eating banana
images/001687146.jpg,hand drawn sketch style chopped banana with the peel on white background .
images/000207429.jpg,what are the side effects of bananas
images/002406544.jpg,fresh ripe and sweet bananas isolated on a white background with logo .
images/002369040.jpg,bunch of bananas on a banana tree
images/001024932.jpg,"a pile of bananas , oranges , apples , lemons and other assorted fruits shot from above"
images/000774930.jpg,a partially peeled banana in the shape of the letter n
images/000048607.jpg,muffins ... made with bananas and a packet !
images/000811771.jpg,bunch of bananas in the exhibition of agricultural farmers annual
images/000749642.jpg,colored bananas on a white background
images/002934539.jpg,noble person feeds a banana to an elephant in april .
images/000362717.jpg,"pink banana on a blue background , 3d illustration"
images/002075714.jpg,funky monkeys are going bananas all over the cake !
images/002860420.jpg,there are different types of bananas .
images/000356717.jpg,a pastor on a banana !
images/003157538.jpg,pattern with bananas on a light background
images/003097840.jpg,ripe bananas on a white background
images/001089097.jpg,"the potato was the main crop of the people , along with cocoa and bananas ."
images/003262679.jpg,toddler eating a banana in a studio
images/001449604.jpg,this is a classic banana bread -- moist and full of chocolate chips !
images/001928220.jpg,a woman balances a large basket of ripe bananas on her head as he walks down the street holding her young son 's head 1950s
images/000069634.jpg,a banana plantation lies in ruin near the northern town .
images/000766278.jpg,folded in a pile of fresh bananas mini on white background
images/001323392.jpg,"fruit , pineapple , bananas , orange juice , and a tiny taste of coconut !"
images/003254930.jpg,hand of bananas with a juice
images/002764131.jpg,man carrying a bunch of bananas on his shoulder during harvest on plantation
images/002864208.jpg,"big hungry gorilla eating a healthy snack of bananas for breakfast , isolated on white background -- stock photo #"
images/002589927.jpg,decorated the house with lots of bananas
images/002356418.jpg,the ripe bananas with pieces
images/001096113.jpg,chef putting sliced banana into the plate
images/003118163.jpg,country consumes more bananas than any other fruit .
images/000094255.jpg,it is no secret that bananas are healthy .
images/002513339.jpg,"banana and orange on a colored background , low - poly style , fresh fruit"
images/000324736.jpg,bright summer seamless pattern with bananas on a green background .
images/001839278.jpg,pink bananas in the garden
images/000149235.jpg,"banana the banana counts as cup of fruit , which is about half the daily amount needed ."
images/002286331.jpg,person found in the bunch of bananas
images/000713777.jpg,bananas are grown all over the world
images/001435401.jpg,"the finished product : follow our step - by - step how - to for perfect banana bread , then cut into thick slices and enjoy !"
images/002879644.jpg,vector seamless pattern with hand drawn bananas on a white background .
images/002177710.jpg,bananas on a white background - seamless pattern .
images/003045269.jpg,new versus old : facing bananas
images/001647225.jpg,the softest banana bread you 've ever had swirled with thick ribbons of brand .
images/001219344.jpg,pattern with bananas on a light background
images/001203759.jpg,men carrying bananas from a truck
images/000694124.jpg,small bananas at a fruit stand
images/001446853.jpg,"fruit , pineapple , bananas , orange juice , and a tiny taste of coconut !"
images/001521008.jpg,people selling bananas at a market
images/000384426.jpg,a cart full of bananas for sale in a street
images/002804186.jpg,man walking past fresh bananas on sale
images/002802760.jpg,bananas on a white background
images/000599362.jpg,pop artist putting his entire mouth around a banana .
images/001667920.jpg,seamless pattern of hand - drawn bananas with a yellow background .
images/003057635.jpg,meal served on a banana leaf
images/000692946.jpg,hand of bananas with half a dragon fruit and fruit juice
images/001475465.jpg,cute little girl in pajamas eating banana on the bed at the morning
images/001731777.jpg,overripe bananas with large brown spots on a white background
images/000783855.jpg,man holding a banana in front of his mouth
images/000075820.jpg,bananas in the markets of island and indonesian province
images/001892001.jpg,bright summer seamless pattern with bananas on a black background .
images/001794178.jpg,the chimpanzees of use sticks to fish for bananas on a clothesline and apples in the water
images/001699986.jpg,type of dish with bananas : butter with a side of bread
images/000918642.jpg,"monarch points to a banana held by noble person , as person , seeks"
images/000544527.jpg,hand drawn sketch style chopped banana with the peel on white background .
images/003131865.jpg,vector seamless pattern with hand drawn bananas on a white background .
images/001467775.jpg,biological species eating a banana leaf left by a hiker
images/001897707.jpg,puppy dog bites in a banana
images/003251003.jpg,a bunch of bananas on the tree
images/000989467.jpg,monkey eating banana turned to look for a friend
images/001893964.jpg,"portrait of a young woman looking at the camera , banana leaf , outdoors"
images/000451585.jpg,bananas on sale in a market
images/000305221.jpg,illustration of a banana rendered in a geometric style
images/002293623.jpg,vector seamless pattern of ripe fresh yellow peeled bananas on a blue background
images/001927625.jpg,seamless vector pattern of yellow bananas on a blue background .
images/002356830.jpg,type of dish with bananas : butter with a side of bread
images/000131484.jpg,bunch of bananas hanging from a banana tree
images/001584156.jpg,... time since id made this banana bread but finally i had enough bananas
images/002051820.jpg,are carrying a large bunch of bananas on her head
images/001118771.jpg,illustration of a banana rendered in a geometric style
images/002324143.jpg,type of dish with bananas : butter with a side of bread
images/002790254.jpg,"i have a cursed image of my own , here 's a banana to scale ."
images/002480090.jpg,seamless pattern with bananas on a striped background .
images/003082915.jpg,"banana , avocado and a drop of lemon , perfect vegan baby food"
images/002888859.jpg,"a few bananas from our property , and from friends ."
images/00010783.jpg,seamless pattern of yellow bananas on a blue background
images/002581822.jpg,"red , yellow and green bananas hanging for sale at a market"
images/000227596.jpg,tourist attraction is seen beyond a banana plantation
images/001596017.jpg,banana tree with a bunch of bananas stock photo
images/002858924.jpg,ripe yellow bananas in a brown weaved basket
images/000081255.jpg,pattern with watermelons and bananas on a white background .
images/000633988.jpg,eating bananas is a great way to promote healthy bones in both children and adults .
images/002514945.jpg,seamless vector pattern of yellow bananas on a pink background .
images/001637016.jpg,little cute monkey eating banana on a wild nature background
images/000467052.jpg,bunch of bananas hanging from a banana tree
images/003095721.jpg,sliding to fresh banana in the kitchen ready to be eat .
images/001992979.jpg,monkey eating a banana while hanging upside down from a tree .
images/002093844.jpg,man carrying a bunch of bananas on his shoulder during harvest on plantation
images/001638455.jpg,bananas on a banana tree
images/000672410.jpg,pork steamed in a banana leaf
images/000066777.jpg,close - up of a hand of bananas
images/000339470.jpg,icon of a banana on a white background
images/003287907.jpg,a bunch of bananas with the flower hanging below .
images/000524511.jpg,a fan threw a banana at football player with the international forced to kick it off the pitch .
images/000626767.jpg,an old woman with a glasses eating a banana
images/000754513.jpg,a spin on the classic - super moist banana bread studded with chocolate chips !
images/001173503.jpg,a man selling bananas in a market
images/002681518.jpg,colorful seamless pattern of bananas on a striped background in pop art style
images/001697980.jpg,"a pile of old bananas , isolated on white background"
images/000026738.jpg,a single ripe banana on a white background
images/002403956.jpg,biological species sitting on a banana leaf
images/002979338.jpg,a banana tree in a plantation in the region
images/001167587.jpg,banana plantation near the ocean
images/001122230.jpg,the average person consumes pounds of bananas every year .
images/000885364.jpg,"group of fruits like an apple , bananas , orange and pear with happy faces"
images/003241941.jpg,bananas washed in a large water tank during harvest and packing
images/001306099.jpg,happy senior woman with bowl of fruit and a banana
images/002177730.jpg,bananas on a white background
images/002256631.jpg,woman feeding the driver with a banana while driving a convertible car on country road
images/002000595.jpg,banana turning on itself on a white background
images/003135554.jpg,you will want to steal this apple - peach - banana baby food after you make it for your little one !
images/000597830.jpg,christmas tree made made from bananas .
images/002042786.jpg,isolated banana on a white background
images/002326049.jpg,bunch of bananas in the exhibition of agricultural farmers annual
images/003204847.jpg,"this combination may sound a little strange , but i have always put banana in my carrot cake to give a moist sponge"
images/000085251.jpg,bananas what unit of measurement would be best to measure the weight of a bunch of bananas
images/002808636.jpg,a bunch of bananas on a white background
images/001839559.jpg,"these , ladies and gentlemen , are bananas ."
images/000962093.jpg,what monkeys look like when someone has a banana
images/001841755.jpg,"bananas , fresh off the tree ."
images/002869862.jpg,"first class meal on a-hr flight -- mini sandwich , banana and cocktail"
images/001399100.jpg,portrait of a smart serious young man eating banana
images/002832021.jpg,"green bananas , sliced lemon and apple falling into the water on the black background ."
images/002659563.jpg,"teams , and the inflatable banana , which got a penalty at some point ."
images/000419051.jpg,pancakes with banana and honey on a white background
images/002996391.jpg,vector seamless pattern with hand drawn bananas on a white background .
images/002442348.jpg,isolated happy banana on a white background
images/000144264.jpg,seamless pattern of bananas on a white background
images/002603966.jpg,"red , yellow and green bananas hanging for sale at a market"
images/001224237.jpg,green and yellow bananas at wholesale market in the streets
images/000816558.jpg,butch of small bananas in a hand
images/000101990.jpg,a woman and man pointing at bananas in the store
images/000485492.jpg,biological species sitting on a banana leaf
images/002588511.jpg,"pink banana on a yellow background , 3d illustration"
images/000847339.jpg,a large bunch of organic bananas on a banana tree in employer
images/000034633.jpg,banana with condom on the old wooden background .
images/002207105.jpg,seamless vector pattern with yellow banana on the turquoise background
images/000276750.jpg,"red , yellow and green bananas hanging for sale at a market"
images/003181834.jpg,measuring a ripe yellow banana with a tailor 's tape measure .
images/002529536.jpg,banana leaf in the wind
images/000687828.jpg,a tiny bat eats a banana .
images/003265404.jpg,bananas in a glass bowl are seen
images/001214968.jpg,grilled pineapple and bananas with beverage !
images/003135745.jpg,bananas are one of the bestselling items in the produce
images/000208968.jpg,bananas on a banana tree
images/001086828.jpg,butch of small bananas in a hand
images/001233755.jpg,bananas on a cart in the street .
images/003130800.jpg,"do you eat food on banana leaf ? if not , read these amazing benefits !"
images/001616264.jpg,my so - calledbanana pancakes at breakfast
images/002844917.jpg,food served on a banana leaf .
images/001931370.jpg,seamless background with a pattern of green leaves of tropical palms and yellow bananas
images/001743414.jpg,loading bananas on to boats
images/002870320.jpg,bananas and watermelons are drawn and painted with a brush imitating watercolor .
images/001645113.jpg,"both halves of the mold , on the kitchen counter next to a banana ."
images/001159048.jpg,banana tree with a bunch of bananas
images/003007064.jpg,make a bunch of fake bananas and slightly stale bread .
images/001270531.jpg,styled pancakes with bananas and blueberries
images/001275469.jpg,i was expecting a not so great sandwich for lunch but instead was delighted to have a hot meal wrapped in a banana leaf of rice and beans and garlic chicken .
images/000158573.jpg,a man buying bananas in a supermarket
images/001983478.jpg,"the team consumed pounds of pizza , gallons of soda and more than a half ton of bananas ."
images/000804443.jpg,a young boy packs bananas into newspaper
images/000670659.jpg,isolated bananas on a white background
images/002444276.jpg,image titled tv genre on a banana leaf step
images/000745032.jpg,bunch of small green bananas and bungalow on the river
images/001206302.jpg,"holding a peeled banana on black background , slow motion"
images/003267857.jpg,oranges and bananas you eat both of them .
images/001616120.jpg,"green bananas , sliced lemon and apple falling into the water on the black background ."
images/000367021.jpg,vector illustration of a monkey sitting on a palm tree with bananas
images/001576078.jpg,banana tree and fruits at the forest
images/000506134.jpg,close - up view of a single fresh yellow organic ripe banana isolated on white background .
images/001690663.jpg,the ripe bananas with pieces
images/002980758.jpg,a beautiful bunch of bananas and rings cut isolated on white background .
images/000492950.jpg,green and yellow bananas at wholesale market in the streets
images/000993565.jpg,breakfast of scrambled eggs with slices of banana bread on a white plate
images/003080271.jpg,card with fresh pale bananas and pineapple in a striped pale circle .
images/001785771.jpg,tape measure around a banana cut out against a white background
images/000026894.jpg,lentils in a wooden bowl on a banana leaf
images/001116447.jpg,ripe bananas at the street market
images/003235304.jpg,leaf of a tropical tree of the banana isolated on a white background .
images/000774178.jpg,"red , yellow and green bananas hanging for sale at a market"
images/002936782.jpg,bananas hanging on a wall .
images/002656036.jpg,a bowl of separated bananas .
images/001958682.jpg,a woman carries freshly harvested bananas
images/001609611.jpg,a bunch of bananas hangs from a tree .
images/000634199.jpg,the cantilever bridge passes over a banana plantation on an island
images/000163500.jpg,banana with slices of banana on a white background
images/000195807.jpg,illustration of a banana in hand drawn graphics .
images/002979543.jpg,bananas cartoons in a joyful talking .
images/001339698.jpg,a woman prepares a meal of bananas for her family
images/002150062.jpg,two single and bunches of fresh banana with leaf .
images/000844474.jpg,a bunch of bananas on the tree .
images/003210940.jpg,"pomegranate , banana , pear and apple on a gray wooden background"
images/001798826.jpg,bananas in an old box stock photo - 31741986
images/002147842.jpg,all this running for a free banana .
images/000477229.jpg,portrait of a smart serious young man eating banana
images/002880351.jpg,pink bananas on a pink background .
images/001814449.jpg,path in the middle of a banana plantation
images/000433845.jpg,banana covered in chocolate on a grey wooden table
images/000546413.jpg,a banana tree creates a towering centerpiece in the garden !
images/000863152.jpg,bananas on display at a market
images/002302049.jpg,the cucumber is combined with a banana
images/001416534.jpg,person uses the banana as her canvas for her project .
images/002039833.jpg,grilled pineapple and bananas with beverage !
images/002866480.jpg,bunch of bananas hanging from a banana tree
images/001931857.jpg,"besides the cute kids , notice the banana tree - the bananas grow stem upwards ."
images/001453028.jpg,price had a narrow escape from wandering spider from bananas
images/000565800.jpg,if you have a couple of overripe bananas then whip these muffins up for breakfast .
images/000439633.jpg,looks like this banana tree has more bananas on it then my last visit .
images/000756446.jpg,seamless vector pattern of yellow bananas on a blue background .
images/000616336.jpg,"vector illustration of a yellow half peeled banana , transparent vector"
images/003247753.jpg,pattern graphic yellow bananas on a light background .
images/002040918.jpg,a truck full of bananas
images/001671773.jpg,hand of bananas with a juice
images/000101814.jpg,bananas in a market stall
images/003197098.jpg,seamless pattern of bananas on a light gray background .
images/000869505.jpg,cocoon : the bananas were infested with dozens of deadly spiders hatching from eggs
images/003011866.jpg,i got this tiny banana for western christian holiday .
images/002273192.jpg,"woman slices banana on a board , housewife is cooking fruit salad , healthy food for kids at home , fruits and vegetables in the kitchen"
images/000256506.jpg,"banana bread for one , calories for the whole thing !"
images/001042012.jpg,isolated geometric banana on a white background
images/002227781.jpg,detail on a banana leaf with sun in background
images/001706443.jpg,cast bronze bananas with a realistic yet whimsical patina .
images/001123793.jpg,food and jelly had theirs ... but every once in a while it 's banana time !
images/001162412.jpg,detail of ripe yellow bananas with black marks on the skin
images/001911176.jpg,monkey eating a banana while hanging upside down from a tree .
images/001419903.jpg,bananas on sale in a market
images/002455624.jpg,"landscape a banana tree , rocks in the background"
images/001300901.jpg,bananas growing by the side of the road
images/002903321.jpg,"the room , full of bananas and the monkey ."
images/001250250.jpg,bananas and measuring tape on a wooden table .
images/000949572.jpg,a healthy banana bread that is refined sugar free and made with whole wheat .
images/001164931.jpg,go bananas : people took part
images/001915146.jpg,man slipped on a banana .
images/000928151.jpg,"a bowl of fruit in a house , with oranges , pears , apples , bananas adn old black banana"
images/002475586.jpg,cute banana with peel and slices .
images/002538330.jpg,banana tree with a bunch of bananas #
images/001692498.jpg,"here is my banana , wondering what hit him ."
images/001428624.jpg,"close - up picture of juicy , ripe and bright yellow bananas on a white background ."
images/000922838.jpg,bananas growing on a banana tree
images/001926871.jpg,how to whiten your teeth with a banana - tried this and it works !
images/000786782.jpg,bananas in a bowl with an avocado to hasten the ripening process - domestic setting
images/003313458.jpg,man working in a banana plantation
images/002710364.jpg,a bunch of bananas on a white background
images/002709413.jpg,"spotty ripe banana with mashed flesh and fork , isolated on a white background"
images/001240198.jpg,the skin of a ripe eaten banana
images/001996207.jpg,big bunch of bananas growing on a plantation
images/003021390.jpg,this banana looks like my mom 's dog
images/000337200.jpg,the sad fate of a forgotten banana in our apartment
images/000825494.jpg,iguanas in the sand eating a banana .
images/000794203.jpg,ripe yellow bananas in small and medium bunches on display at the farmers market
images/000831520.jpg,a variety of bananas at a market
images/002050321.jpg,bananas on sale in a market
images/001579205.jpg,seamless background with a pattern of green leaves of tropical palms and yellow bananas
images/000197160.jpg,boy selling bananas in a street .
images/002469600.jpg,funky monkeys are going bananas all over the cake !
images/000636527.jpg,detail of ripe yellow bananas with black marks on the skin
images/000349818.jpg,"is that a banana in your pocket , or are you just going to shoot me ?"
images/000860400.jpg,camera slides to the left and passes by various colorful bird species eating banana
images/000127597.jpg,a banana unlike any other .
images/000682951.jpg,a monkey eating a banana sitting on the ruins
images/000799872.jpg,go bananas at your baby shower in honor of the year of the monkey .
images/001447115.jpg,overview of banana plantation with a tractor driving by on a dirt road
images/000842663.jpg,traditional meal on a banana leaf
images/000961715.jpg,original banana drawn by color pencils .
images/001460490.jpg,exotic pattern with tropical leaves banana on a black background
images/000000972.jpg,a girl eating a banana isolated on white
images/000271429.jpg,cultivated banana for retail sale at a fruit market
images/002732218.jpg,juvenile orangutan uses bananas as a stool
images/003092229.jpg,"pink banana on a blue background , 3d illustration"
images/000396644.jpg,the leaves of the banana tree textured under the sky background
images/001206943.jpg,bananas in a female hand
images/003145052.jpg,"red , yellow and green bananas hanging for sale at a market"
images/001191836.jpg,how to draw a bunch of bananas step by step .
images/003001126.jpg,young businessman is holding a banana and stays at panoramic window .
images/001201104.jpg,members of a pose near their banana plantation
images/000124749.jpg,cut a banana into several pieces .
images/001527219.jpg,"the room , full of bananas and the monkey ."
images/001635421.jpg,a woman and man pointing at bananas in the store
images/001122996.jpg,cutting the trunk of the banana tree
images/000341861.jpg,bananas grow in the valley
images/000048652.jpg,feed the elephant a banana as they visit zoo .
images/002149110.jpg,chocolate chip cookies that taste like banana bread - plus they 're made with coconut oil !
images/003271903.jpg,bunch of bananas hanging from a banana tree
images/001010163.jpg,eat on a banana leaf for a host of health benefits
images/003198876.jpg,cucumber in a condom with bananas
images/002777018.jpg,a young boy packs bananas into newspaper
images/002564018.jpg,are your bananas always turning brown before you have a chance to eat them ? this simple hack will keep your bananas fresh longer .
images/001504499.jpg,vector illustration of half peeled banana isolated on a white background
images/001938431.jpg,vector seamless pattern with hand drawn bananas on a purple background .
images/003237964.jpg,banana tree with a bunch of growing ripe yellow bananas at plantation
images/000448255.jpg,banana plantation near the ocean
images/003071371.jpg,iguanas in the sand eating a banana .
images/00012067.jpg,bananas on sale at a street market
images/002335849.jpg,vector seamless pattern with hand drawn bananas on a white background .
images/003124112.jpg,banana bread crumb muffins l !
images/001982239.jpg,"close up of a black plate with slices of kiwi , banana and strawberry isolated on white ."
images/001047983.jpg,family was forced to flee home after finding a cluster of spiders in a bunch of bananas
images/001096119.jpg,# funny # smile on a banana .
images/002475130.jpg,"a heap of fruit consisting of citrus , berries and bananas ."
images/000587277.jpg,"bananas , pears and citrus , to the light"
images/000193814.jpg,this banana looks like my mom 's dog
images/000547685.jpg,pictures of the - banana flower
images/002050677.jpg,a banana tree in a plantation in the region
images/000809421.jpg,dish gets even better with the addition of beverage and brown sugar caramelized bananas !
images/000543796.jpg,"traditional food , served on a banana leaf !"
images/001167323.jpg,a banana changing over time
images/002928196.jpg,cast bronze bananas with a realistic yet whimsical patina .
images/002970649.jpg,biological species on a banana leaf
images/000758126.jpg,a close up of butterflies feeding on oranges and bananas
images/000899229.jpg,"this tangy , homemade , low - fat chocolate frozen yogurt features bananas that are caramelized in brown sugar ."
images/001683672.jpg,bunch of yellow bananas on a wood table
images/000681001.jpg,a young school boy enjoys eating a banana - very shallow depth of field with copy space
images/002195217.jpg,market fresh bananas hanging on an old blue wooden wall
images/001784724.jpg,eating bananas to reduce the effects of stress
images/002511697.jpg,vector illustration of half peeled banana isolated on a white background
images/001228696.jpg,footpath along bodies of water near banana plantation
images/000779206.jpg,bunch of bananas on a banana plantation
images/000199335.jpg,strawberries and bananas on waffles
images/001957049.jpg,banana tree under the sun
images/002247254.jpg,"fruits like oranges , bananas , apples and lemons on a wooden board with notebook"
images/000333024.jpg,measuring ripe yellow bananas with a tailor 's tape measure .
images/000752466.jpg,gluten free banana bread - i 've been thinking about trying to make banana bread for a while .
images/001072175.jpg,"a good traveler 's breakfast with banana , potato , tomato and eggs in a basket ."
images/000586397.jpg,vegetarian food served in a banana leaf
images/001487867.jpg,"the couple bought bananas for about 50p and were quickly surrounded by hungry monkeys , who hurled themselves at the tourists"
images/000221535.jpg,this very literal sign describes these bananas
images/002025484.jpg,biological species on a banana leaf
images/001433492.jpg,"the waffles are stuffed with ice cream , strawberries and banana ."
images/002045267.jpg,sliced banana in peel on a white background
images/001545914.jpg,biological species on a banana leaf
images/002998725.jpg,young man eating a banana in dark studio .
images/001290608.jpg,bananas for sale in the market
images/001834452.jpg,a total of bunch of bananas decorative plastic artificial fruit free shipping
images/000616315.jpg,"ripe yellow banana drops into the water , slow motion shooting"
images/001617514.jpg,tropical bananas growing on a banana tree -- stock photo #
images/001692351.jpg,vector seamless pattern with banana on a white background .
images/002736786.jpg,"drawing of a banana with eyes , arms and legs ."
images/000164982.jpg,my so - calledbanana pancakes at breakfast
images/003267453.jpg,cut a banana into several pieces .
images/003176854.jpg,bananas and grapefruit on display in a market
images/002826434.jpg,"the potato was the main crop of the people , along with cocoa and bananas ."
images/001541343.jpg,a spotted banana on a white plate
images/001344257.jpg,the big spider with long legs on banana leaf .
images/003266521.jpg,different types of rice in wooden plates on the banana leaf prepared for cooking
images/003115199.jpg,overripe bananas with large brown spots on a white background
images/000614266.jpg,seamless vector pattern of yellow bananas on a light gray background .
images/003234279.jpg,gluten - free pear & banana loaf a dash of compassion
images/001627809.jpg,"a crate of bananas , apples , pears and other fruit on a wooden background"
images/002096267.jpg,chalk drawn illustration of banana and strawberry smoothie in a bottle with ingredients .
images/000207245.jpg,when the dog looks like your slice of banana .
images/002378117.jpg,are carrying a large bunch of bananas on her head
images/003019029.jpg,christmas tree made made from bananas .
images/000952005.jpg,banana leaf in a plantation
images/002109507.jpg,type of dish with bananas : butter with a side of bread
images/002323279.jpg,"a young girl holds up a banana to her mouth , imitating a smile"
images/001822770.jpg,hand drawing bananas : fruit and leaves on a white background
images/000987491.jpg,that sounds bananas to me
images/001946611.jpg,isolated banana on a white background
images/002153120.jpg,delicious bananas in super slow motion being soaked against a black background
images/002386556.jpg,food served in a banana leaf
images/000522673.jpg,bunch of bananas on a banana plantation
images/001079749.jpg,a bunch of bananas in a white high key background
images/000578768.jpg,in this recipe the bananas are mashed and then put into the batter to distribute their flavor .
images/002321091.jpg,detail on a banana leaf with sun in background
images/002414355.jpg,person wants to be a banana for western christian holiday .
images/000914846.jpg,fresh bananas in a basket
images/001846701.jpg,cutting the trunk of the banana tree
images/001318152.jpg,oranges and bananas you eat both of them .
images/002529903.jpg,butch of small bananas in a hand isolated on white
images/001021730.jpg,monkey on the beach eating banana
images/001403660.jpg,spices on a banana leaf
images/001984917.jpg,nest of wasp is under the banana leaf .
images/002954071.jpg,the softest banana bread you 've ever had swirled with thick ribbons of brand .
images/002412763.jpg,a beautiful bunch of bananas and rings cut isolated on white background .
images/001881370.jpg,"monkey and banana ~ by the decorated cookie , yellow"
images/001535970.jpg,a toddler eating a healthy breakfast of banana and granola cereal at the kitchen table in the home
images/002795830.jpg,"i 've got a lovely bunch of coconuts , and a really big banana ."
images/000805180.jpg,feed the elephant a banana as they visit zoo .
images/000359532.jpg,eating bananas is a natural cure to reduce the effects of stress and anxiety .
images/000889190.jpg,bananas washed in a large water tank during harvest and packing
images/001189125.jpg,a bunch of yellow bananas .
images/000761299.jpg,strong monkey pulls a lot of bananas .
images/000726323.jpg,a market selling banana in the city
images/003018077.jpg,rare bearded monkey eating a banana in a forest
images/001704089.jpg,a woman inspects bananas at a fruit stand in an urban market
images/000274853.jpg,you will want to steal this apple - peach - banana baby food after you make it for your little one !
images/003154047.jpg,painting of a banana tree
images/002369936.jpg,girls with bananas on the kitchen have fun phone
images/002015274.jpg,a banana unlike any other .
images/000314291.jpg,hand drawn oranges and bananas isolated on the white background .
images/003196747.jpg,big bunch of bananas growing on a plantation
images/002904514.jpg,seamless pattern of yellow bananas on a background of black straight lines
images/002730836.jpg,a lifestyle portrait of a little girl eating a banana during a fall mini session
images/002718031.jpg,we found the smallest banana in the world
images/000433142.jpg,the child eats banana on a picnic on the green lawn
images/002285259.jpg,a spin on the classic - super moist banana bread studded with chocolate chips !
images/000675276.jpg,on my first tour i was amazed to see bananas grow upside down !
images/002869753.jpg,"sliced banana next to a bottle of fragrance , on a black background"
images/001748574.jpg,the composition of bananas in the style of printmaking artist
images/000778069.jpg,food served on a banana leaf
images/001487379.jpg,illustration of a banana on white background in low poly style
images/002608336.jpg,fresh bananas fall down on a table in the kitchen
images/003058697.jpg,fried bananas and other side dishes from the restaurant
images/001317081.jpg,a spin on the classic - super moist banana bread studded with chocolate chips !
images/000271364.jpg,here are some reasons why bananas are the best fruit at the grocery store .
images/002694575.jpg,polynesian traditional meal served on a banana leaf
images/002712321.jpg,toddler looking at a banana
images/001522413.jpg,a frozen treat with ingredients -- bananas and almond milk !
images/002763607.jpg,a boy runs home through a banana plantation after collecting the fishing net his father lay across a nearby river to catch fish overnight .
images/002371203.jpg,vector seamless pattern with banana on the white background
images/002676630.jpg,"an elderly woman buying bananas in a supermarket , business"
images/002114707.jpg,the pattern of ripe yellow bananas and fresh
images/001984526.jpg,person receives a banana from person whilst taking part in an exhibition
images/001200188.jpg,a bunch of bananas in a plantation .
images/002509066.jpg,a variety of bananas at a market
images/000773951.jpg,seamless vector pattern of yellow and green bananas on a white background .
images/000940692.jpg,market fresh bananas hanging on an old blue wooden wall
images/001136058.jpg,bananas on sale at a street market
images/000114223.jpg,how to make baby food from bananas at home .
images/002410058.jpg,a variety of bananas at a market
images/002233008.jpg,"road trip : beaches , dolphins , and a big banana"
images/002168058.jpg,the cucumber is combined with a banana
images/003309492.jpg,little cute monkey eating banana on a wild nature background
images/002090309.jpg,yellow banana in front of a white studio background
images/002894633.jpg,cluster of bananas on a tropical tree
images/002575385.jpg,a fish in a banana
images/002942112.jpg,vector seamless pattern with hand drawn bananas on a light green background .
images/001431513.jpg,banana isolated on a white background
images/000662180.jpg,ripe banana very similar to people on a white background .
images/001711622.jpg,a house on stilts and a banana plantation
images/001921823.jpg,muffins on a plate with bananas
images/001869530.jpg,a young girl holding a banana in front of her face
images/000174801.jpg,bunch of bananas hanging from a banana tree
images/000345191.jpg,yellow ripe bananas on colored backgrounds with a long shadow .
images/003242684.jpg,a banana floating in the air in a studio shot
images/000954320.jpg,bunch of small green bananas and bungalow on the river
images/000999760.jpg,you 'll go bananas this season wearing the fun style of the sweater from degrees .
images/003096177.jpg,a frozen banana just east
images/002285330.jpg,butch of small bananas in a hand
images/001987531.jpg,showing smiling women queueing for much awaited bananas .
images/001484907.jpg,isolated banana on a white background
images/003237305.jpg,... time since id made this banana bread but finally i had enough bananas
images/000512444.jpg,footpath along bodies of water near banana plantation
images/000927898.jpg,"constitutional republic as it is , the sky and bananas"
images/001315213.jpg,tropical agricultural land and banana plantation with large palm trees towering against the blue sky
images/002862053.jpg,bananas rotating on a black background
images/000843670.jpg,vector illustration with the image of environmentally friendly bananas .
images/001178142.jpg,hand drown vector pattern of yellow bananas on a colored background .
images/002612199.jpg,food and jelly had theirs ... but every once in a while it 's banana time !
images/002791100.jpg,eating bananas is a great way to promote healthy bones in both children and adults .
images/001277629.jpg,"complete protein drink and a banana , isolated on white , overhead shot"
images/000813757.jpg,close - up of spices on a banana leaf
images/001381988.jpg,a street market selling bananas from the back of a truck in a small village
images/001398571.jpg,styled pancakes with bananas and blueberries
images/002473378.jpg,"i 've got a lovely bunch of coconuts , and a really big banana ."
images/002123134.jpg,looks like this banana tree has more bananas on it then my last visit .
images/000571888.jpg,isolated happy banana on a white background
images/000271674.jpg,a hand of bananas hanging on a metal banana tree viewed from above
images/000717853.jpg,delicious bananas in super slow motion being soaked against a black background
images/000046256.jpg,selling bananas and other fruits at the market
images/001374510.jpg,man riding a motorcycle laden with bananas
images/002683631.jpg,banana plantation near the ocean -- stock photo #
images/001098184.jpg,the chimpanzees of use sticks to fish for bananas on a clothesline and apples in the water
images/003200736.jpg,some bananas bought from the market on the way to blogger
images/002103001.jpg,banana with slices of banana on a white background
images/001682711.jpg,a street market selling bananas from the back of a truck in a small village
images/002235722.jpg,landscapes of banana field in foreground with views
images/002961321.jpg,an aboriginal worker looks at the condition of bananas on a tree before chopping them down with his machete
images/002433435.jpg,"kiwi fruit , ripe banana , sour lemon , a bunch of grapes ."
images/001736959.jpg,cute hand drawn bananas on a white background .
images/002483244.jpg,raw banana rotating on the white table with white seamless background
images/002737839.jpg,banana covered in chocolate on a grey wooden table
images/001228954.jpg,half eaten banana against a white background
images/00004954.jpg,vector seamless pattern with hand drawn bananas on a blue background .
images/000713265.jpg,banana on the white background
images/001104833.jpg,banana tree with fruit in a greenhouse
images/001977242.jpg,"using bananas instead of oil makes this fat - free banana bread extremely moist and lightly sweet , and the blueberries add a fruity surprise to every bite ."
images/000755687.jpg,young man eating a banana in dark studio .
images/001729835.jpg,"a bowl of fruit in a house , with oranges , pears , apples , bananas adn old black banana"
images/002162846.jpg,isolated bananas on a white background
images/002334423.jpg,monkey with the plastic banana <3 i still have mine like this .
images/000202630.jpg,scale the end of the banana so that it 's more a square than a rectangle .
images/000018250.jpg,"steel cut oats cook overnight with bananas , walnuts and spices to create a healthy , make - ahead breakfast that will be waiting for you in the morning ."
images/000394841.jpg,we found the smallest banana in the world
images/000911097.jpg,changed the appearance of a banana
images/001105244.jpg,a man buying bananas in a supermarket
images/001714350.jpg,vector seamless pattern with hand drawn bananas on a white background .
images/002785016.jpg,colored chalk drawn illustration of banana and strawberry smoothie in a bottle with ingredients .
images/001478186.jpg,"landscape a banana tree , rocks in the background"
images/000395160.jpg,bananas and slices isolated on a white background .
images/003161505.jpg,banana tree with a bunch of growing ripe yellow bananas at plantation
images/002398609.jpg,banana seamless pattern with polka dots on a gray background
images/000214618.jpg,hanging bananas for sale in the local market .
images/001243802.jpg,price had a narrow escape from wandering spider from bananas
images/002897365.jpg,this cold - hardy banana is native .
images/002785434.jpg,men are casing banana on a wooden floor .
images/000320630.jpg,vector illustration of a monkey sitting on a palm tree with bananas
images/002505595.jpg,sliced banana with peel on a white background -- stock photo #
images/002086630.jpg,a bunch of bananas growing on a tree
images/002526607.jpg,polynesian traditional meal served on a banana leaf
images/003275945.jpg,"pomegranate , pears , bananas and plums on a wooden background"
images/002379243.jpg,young woman sitting beside baskets of fruit and eating a banana
images/000587239.jpg,bananas and watermelons are drawn and painted with a brush imitating watercolor .
images/002992864.jpg,a lifestyle portrait of a little girl eating a banana during a fall mini session
images/000543822.jpg,vector seamless pattern with hand drawn bananas on a white background .
images/002360968.jpg,little cute monkey eating banana on a wild nature background
images/000132594.jpg,gluten - free pear & banana loaf a dash of compassion
images/002128875.jpg,rotting banana on a white background
images/000279721.jpg,bananas on sale for cents each in the section
images/003153653.jpg,man holding a banana in front of his mouth
images/001537198.jpg,close - up of a partly peeled banana
images/000702692.jpg,entrance gate to the banana plantation
images/002108118.jpg,just a lovely bunch of banana 's ... right ?
images/001270554.jpg,bananas on display at a market
images/002684343.jpg,"red and yellow bananas and other fruit and vegetables are traded , bought and sold at the colorful weekly market"
images/001300068.jpg,a stack of healthy unripe fresh bananas for sale at a rural market
images/003007884.jpg,baby elephant taking a banana from a man
images/002077801.jpg,the monkey eats a banana .
images/001409254.jpg,a villager holds a bunch of freshly harvested bananas
images/002344434.jpg,banana plantation on the island
images/001479709.jpg,single over ripe rotting banana isolated on white background .
images/002114485.jpg,sliced banana in peel on a white background
images/001764443.jpg,bunch of bananas isolated on a white background
images/001183246.jpg,"conceptual composition , male hand holding a banana as gun , symbolically representing a caution about healthy diet"
images/003263512.jpg,local companies wonder : would you buy mashed banana in a pouch from a vending machine ?
images/001518324.jpg,smile quotes friday long week weekend almost here humor : smile like a monkey with a new banana .
images/002700532.jpg,local bananas at the farmer 's market
images/001093786.jpg,bananas in a glass bowl are seen
images/002251950.jpg,man carrying a bunch of bananas on his shoulder during harvest on plantation
images/000853856.jpg,you 'll go bananas this season wearing the fun style of the sweater from degrees .
images/001365526.jpg,"a plate of fresh whole and cut fruit including melons , bananas , blackberries and apples"
images/001906971.jpg,"orange juice pouring in to a glass with apples , oranges and a banana"
images/002884883.jpg,a banana on wood background
images/002536830.jpg,hand holding a bunch of ripe bananas
images/000306638.jpg,dish made of a banana leaf
images/001238608.jpg,young man harvesting bananas on a plantation
images/002107517.jpg,hand of bananas with half a dragon fruit and fruit juice
images/002465094.jpg,vector illustration of banana isolated on a white background
images/000420248.jpg,teenager carrying a tray of bananas
images/001510249.jpg,family was forced to flee home after finding a cluster of spiders in a bunch of bananas
images/000973260.jpg,"cartoon illustration showing a bunch of bananas , including a happy one"
images/000907664.jpg,"this combination may sound a little strange , but i have always put banana in my carrot cake to give a moist sponge"
images/000872278.jpg,chalk drawn illustration of banana and strawberry smoothie in a bottle with ingredients .
images/003091626.jpg,the monkey eats a banana .
images/000012894.jpg,man taking bananas at a market
images/002859308.jpg,"a bowl of fruit in a house , with oranges , pears , apples , bananas adn old black banana"
images/001965131.jpg,seamless vector pattern of bananas on a light gray background .
images/001699767.jpg,a single banana against a white background
images/000483780.jpg,banana and blueberry muffins - these are great to freeze for the lunch box
images/001785343.jpg,vector image of bananas on a transparent background .
images/002055363.jpg,a bunch of imperfect bananas in a white high key background
images/001685108.jpg,meal on a banana leaf
images/003011765.jpg,dish made of a banana leaf
images/000808574.jpg,"bananas , pears and citrus , to the light"
images/000544561.jpg,german dish is a tasty cake that 's a little bit banana bread and a little bit coffee cake .
images/002810959.jpg,biological species on a banana leaf
images/001974061.jpg,"a good traveler 's breakfast with banana , potato , tomato and eggs in a basket ."
images/002065889.jpg,seamless vector pattern of yellow bananas on a blue background .
images/001491828.jpg,the cucumber is combined with a banana
images/003068271.jpg,gone bananas print children 's dress - size only - last dress in this print made cotton
images/001787187.jpg,person stands amongst the remains of his banana plantation .
images/000984217.jpg,puppy dog bites in a banana
images/001642966.jpg,"a young girl holds up a banana to her mouth , imitating a smile"
images/002004226.jpg,bunch of banana on the tree
images/002912047.jpg,person uses the banana as her canvas for her project .
images/000571229.jpg,a trainer will feed a large elephant with bananas .
images/000796583.jpg,vector image of bananas on a transparent background .
images/000635946.jpg,little monkey sitting on a banana
images/001105424.jpg,a man visiting a banana plantation stands among the trees and flowers
images/001777528.jpg,folded in a pile of fresh bananas mini on white background
images/002784200.jpg,a delivery man carries a very large bunch of yellow bananas on his shoulder while unloading the produce from his
images/001501678.jpg,detail of banana leaf on a sunny day
images/001690661.jpg,bananas and avocados on a fruit stand at a farmers market
images/000029787.jpg,nest of wasp is under the banana leaf .
images/000357127.jpg,bananas growing in the wild
images/001789891.jpg,low polygon style illustration of a gold yellow banana abstract geometric background
images/002675106.jpg,a bunch of bananas growing on a tree
images/001266184.jpg,slices of fresh banana being fried and turned over in a pan with a spatula
images/002462131.jpg,banana for a hygienic breakfast
images/002087189.jpg,a banana tree is situated in front of a building .
images/000006634.jpg,"banana bread for one , calories for the whole thing !"
images/002730560.jpg,big bunch of bananas waiting to be picked off the plate
images/001523306.jpg,"a splash of juice in a glass surrounded by oranges , bananas , mango and apple"
images/001253302.jpg,portrait of a tortoise eating a banana
images/000780255.jpg,a bunch of bananas in a white high key background
images/000330083.jpg,isolated banana on a white background
images/002511874.jpg,the monkey eats a banana .
images/001262163.jpg,cartoon man slips on a banana
images/000460692.jpg,holding banana bread and laughing on the beach
images/001153390.jpg,sliced banana with peel on a white background -- stock photo #
images/002760590.jpg,man carrying a bunch of bananas on his shoulder during harvest on plantation
images/003092240.jpg,close - up of spices on a banana leaf
images/002697766.jpg,bunch of small green bananas and bungalow on the river
images/000888244.jpg,"watercolor set with juicy with bananas , pineapple and coconut ."
images/001108120.jpg,three - toed sloth hanging from a banana tree
images/000674270.jpg,"creative flat lay of a half peeled banana on a pink and white background , top view"
images/000690867.jpg,"far from home : person poses above with a banana tree , which grows huge leaves every year , and sometimes even fruit - though it can not grow to ripeness in the climate"
images/001852158.jpg,a man sells bananas in a small village
images/001186477.jpg,comedian with a banana that was considered too curved to be sold in a supermarket .
images/003291441.jpg,bananas on display at a market
images/003003705.jpg,biological species eating a banana leaf left by a hiker
images/002835874.jpg,portrait of a cute little baby eating banana and sitting in a shopping cart while her mother is taking out products from the cart and putting them on conveyor belt at the supermarket
images/001900936.jpg,because there 's a first time for everything -- including pairing chia seeds with bourbon - soaked bananas .
images/002001238.jpg,"a bunch of bananas on a yellow background , foods that help your gut"
images/000838582.jpg,the frame consisting of different bananas .
images/002402188.jpg,feed the elephant a banana as they visit zoo .
images/000065741.jpg,large banana and measuring tape on a white background
images/003142412.jpg,illustration of some bananas on white background - isolated object
images/002798141.jpg,a woman carries freshly harvested bananas
images/002781024.jpg,banana turning on itself on a white background
images/001364288.jpg,cluster of yellow bananas on a green background
images/001317160.jpg,bunch of bananas on a banana plantation .
images/003089088.jpg,"female fist wrapped in measuring tape , lie near the bananas"
images/002557201.jpg,a tropical opossum eating an egg in a banana tree !
images/000131735.jpg,measuring ripe yellow bananas with a tailor 's tape measure .
images/002369780.jpg,people selling bananas at a market
images/001377266.jpg,man selecting bananas at a roadside fruit stall .
images/002218487.jpg,gluten free vegan strawberry banana bread .
images/001909571.jpg,banana tree with a bunch of bananas
images/002156349.jpg,teenager carrying a tray of bananas
images/001646710.jpg,biological species eating a piece of rotting banana
images/002996818.jpg,vector illustration of a smiling girl giving peeled banana to monkey
images/001007261.jpg,traditional banana plantation at the foot
images/001402795.jpg,a woman wanted to see what will happen if she eats nothing but bananas .
images/001935346.jpg,a bunch of ripening bananas
images/001016512.jpg,food served on a banana leaf
images/001291843.jpg,man carrying a bunch of bananas on his shoulder during harvest on plantation
images/001039801.jpg,bunch of banana on the tree
images/000640683.jpg,eating bananas is a natural cure to stress
images/002951781.jpg,photo of a banana tree
images/003064738.jpg,a monkey eating a banana
images/000605957.jpg,"a splash of juice in a glass surrounded by oranges , bananas , mango and apple"
images/000112711.jpg,the surprising history behind bananas
images/001032706.jpg,yellow banana on a pink background .
images/001650879.jpg,biological species sitting on a banana leaf
images/001960992.jpg,seamless vector pattern of yellow bananas on a blue background .
images/001141223.jpg,texture of a new banana leaf
images/002606063.jpg,a study discovered that bananas can supply you with enough energy for a strenuous exercise .
images/001897833.jpg,a bowl of baby food with a banana
images/000062780.jpg,banana tree with a bunch of growing ripe yellow bananas at plantation
images/000664188.jpg,banana bread crumb muffins l !
images/001096880.jpg,feed the elephant a banana as they visit zoo .
images/000849465.jpg,seamless pattern with yellow bananas isolated on the blue background .
images/001521234.jpg,bright summer seamless pattern with bananas on a light yellow background .
images/000190828.jpg,a woman sells cooking banana along a road
images/002257872.jpg,banana plantation partly under netting covers on the southern coast
images/003133449.jpg,bunch of bananas hanging from a banana tree
images/000969955.jpg,biological species eating a banana leaf left by a hiker
images/002729340.jpg,bananas are isolated on a white background
images/001616993.jpg,old truck in the banana plantation .
images/001297466.jpg,a caucasian woman with banana and a smile on her face
images/001424131.jpg,styled pancakes with bananas and blueberries
images/003289682.jpg,vector icon - a yellow banana on a white background
images/003181835.jpg,bananas in a crate on rustic wood table
images/002045587.jpg,"person , walks through his barren banana plantation behind his house ."
images/002337515.jpg,local bananas at the farmer 's market
images/001990384.jpg,women selling bananas in the market
images/000242054.jpg,the monkey eats a banana .
images/001079555.jpg,bananas freshly pick from the tree along the trail .
images/000279143.jpg,the bananas grow in a long spiral as the flower descends
images/002847362.jpg,feed the elephant a banana as they visit zoo .
images/001986105.jpg,background from bananas with an arrow by organic food .
images/003280857.jpg,"bananas , as offering in a temple"
images/000303013.jpg,bunch of bananas hanging from a banana tree
images/001272803.jpg,a small banana tree in countryside
images/000636519.jpg,young girl holding an apple seated at table between her mother holding a broccoli and her grandmother with a banana
images/000389023.jpg,yellow banana in a female hand with a manicure
images/002448230.jpg,"steel cut oats cook overnight with bananas , walnuts and spices to create a healthy , make - ahead breakfast that will be waiting for you in the morning ."
images/001448117.jpg,"the team consumed pounds of pizza , gallons of soda and more than a half ton of bananas ."
images/002341828.jpg,a group of people ride on a car as they haul bananas out of the thick forest
images/003165264.jpg,a banana tree seen from below .
images/000317625.jpg,banana bread crumb muffins l !
images/003040905.jpg,"close - up of a young orangutan eating a banana , animal , isolated on white"
images/001178258.jpg,bunch of bananas on the blackboard .
images/001789063.jpg,monkey with the plastic banana <3 i still have mine like this .
images/001942209.jpg,bananas on sale in a market
images/000427279.jpg,"woman slices banana on a board , housewife is cooking fruit salad , healthy food for kids at home , fruits and vegetables in the kitchen"
images/002199278.jpg,several bananas lie on a wooden table next to a measuring tape .
images/001369651.jpg,deep fried bananas foster cheesecake on a stick : food
images/003072168.jpg,"a bunch of yellow bananas slowly spinning , shot on against a white background , high angle"
images/001061113.jpg,this is bananas by person
images/000470908.jpg,bananas off a banana tree
images/001511483.jpg,bananas painting with watercolor then designed on a white background .
images/001421540.jpg,tropical agricultural land and banana plantation with large palm trees towering against the blue sky
images/002223610.jpg,gluten - free banana bread ready for the oven
images/001660071.jpg,make bananas last longer by wrapping a plastic cling film tightly at the crown of the bananas .
images/000844865.jpg,the softest banana bread you 've ever had swirled with thick ribbons of brand .
images/002417501.jpg,"still life with banana , purse and change from the series"
images/000393376.jpg,are carrying a large bunch of bananas on her head
images/001450219.jpg,a stalk or bunch of bananas
images/001011263.jpg,"no time to explain , get in the banana"
images/001168234.jpg,a woman eats a healthy breakfast of banana and granola
images/001828459.jpg,container ship loading bananas and pineapple from a port
images/000637565.jpg,cost of living bananas were really this expensive !
images/001429906.jpg,an animal on a banana leaf
images/003179412.jpg,old truck in the banana plantation .
images/001537814.jpg,"our triple decker paisley shaped cake in chocolate , banana , and peanut butter !"
images/001114207.jpg,pattern of ripe bananas on a green background
images/001618566.jpg,are carrying a large bunch of bananas on her head
images/002725188.jpg,"a bowl of fruit in a house , with oranges , pears , apples , bananas adn old black banana"
images/000888155.jpg,traditional south meal on a banana leaf .
images/000099414.jpg,"red , yellow and green bananas hanging for sale at a market"
images/002531708.jpg,couple with baby selling bananas at the roadside
images/002522732.jpg,bananas in super slow motion receiving raindrops against a black background
images/001446337.jpg,a bunch of bananas on white background
images/000146458.jpg,a street market selling bananas from the back of a truck in a small village
images/001748177.jpg,bananas in an open air market
images/002805529.jpg,"a heap of fruit consisting of citrus , berries and bananas ."
images/002505930.jpg,close - up of spices on a banana leaf
images/001587087.jpg,toddler looking at a banana
images/000610176.jpg,"big hungry gorilla eating a healthy snack of bananas for breakfast , isolated on white background -- stock photo #"
images/003274242.jpg,brand - the softest banana bread you 've ever had swirled with thick ribbons of brand .
images/002621222.jpg,a bunch of imperfect bananas in a white high key background
images/000312427.jpg,women carrying bananas to a wharf for shipping to market 1800s
images/003169278.jpg,banana tree with a bunch of bananas #
images/000325478.jpg,woman carrying bananas on her head outside a temple
images/002514664.jpg,colorful pattern of bananas and pineapples on a striped background in pop art style
images/003097565.jpg,slightly overripe banana on a light blue background
images/002185009.jpg,man buying bananas at a fruit stall
images/002790987.jpg,a banana tree creates a towering centerpiece in the garden !
images/000606196.jpg,half peeled banana isolated on a white background
images/001526284.jpg,there are different types of bananas .
images/002937127.jpg,"religious offerings of coconut , bananas and flowers for sale at the main entrance to person"
images/001521007.jpg,a house on stilts and a banana plantation
images/001100657.jpg,bananas cut out on a white background
images/002029689.jpg,food served on a banana leaf
images/000125608.jpg,"is that a banana in your pocket , or are you just going to shoot me ?"
images/003066624.jpg,muffins on a plate with bananas
images/003268182.jpg,"drizzle a little or drizzle a lot , banana bread is breakfast acceptable even when doused in chocolate ."
images/001571293.jpg,bat hanging on the tree eating banana
images/002179617.jpg,young man eating a banana in dark studio .
images/002609399.jpg,gluten free banana bread - i 've been thinking about trying to make banana bread for a while .
images/000645550.jpg,"boy being healthy by eating fruit , including an apple and a banana ."
images/002625371.jpg,vector illustration of a yellow ripe banana on an isolated white background .
images/001555016.jpg,banana bread in all forms and flavours
images/000883252.jpg,vector illustration of a banana tree
images/002320919.jpg,bananas in an open air market
images/000401671.jpg,if you have a couple of overripe bananas then whip these muffins up for breakfast .
images/002983072.jpg,you and your guests will go bananas for this frozen dessert !
images/001532677.jpg,ripe bananas at the street market
images/001327817.jpg,bunch of bananas in the exhibition of agricultural farmers annual
images/001030969.jpg,bunch of bananas on a banana plantation
images/002741069.jpg,traditional banana plantation at the foot
images/000909134.jpg,vector seamless pattern with hand drawn bananas on a white background .
images/001164918.jpg,isolated banana on a white background
images/001908342.jpg,cute baby monkey with banana isolated on a white background
images/000916820.jpg,"group of fruits like an apple , bananas , orange and pear with happy faces"
images/001002258.jpg,"film character made from strawberries , bananas , grapes , and mini marshmallows on a toothpick"
images/001887830.jpg,"banana tree with green bananas fruits and the heart , growing banana ."
images/000843412.jpg,seamless vector pattern of yellow bananas on a green background .
images/002189175.jpg,sweet baby is looking on a banana at the kitchen
images/000712796.jpg,illustration of a banana rendered in a geometric style
images/001341692.jpg,a woman carries freshly harvested bananas
images/000332625.jpg,ripe yellow bananas in small and medium bunches on display at the farmers market
images/000648202.jpg,seamless pattern with bananas on a black background royalty free stock illustrations
images/002312063.jpg,lace this classic banana and toffee pie with a little dark rum .
images/002819179.jpg,yellow banana in a female hand with a manicure
images/002833302.jpg,"nut free banana bread that 's full of chia seeds , fiber and flavor for a healthy snack !"
images/000890095.jpg,women walk past a banana plantation in rural area of province
images/002389700.jpg,man holding a banana in front of his mouth
images/001872483.jpg,"spotty ripe banana with mashed flesh and fork , isolated on a white background"
images/001755519.jpg,bunch or hand of bananas isolated on a white studio background
images/002433161.jpg,woman selling bananas from a cart
images/000449901.jpg,"spotty ripe banana with mashed flesh and fork , isolated on a white background"
images/003246049.jpg,grasshopper on green banana leaf in a nature with wind
images/000522033.jpg,vector seamless pattern with banana on a white background .
images/003216580.jpg,close - up of spices on a banana leaf
images/000217645.jpg,butch of small bananas in a hand
images/002172821.jpg,"pieces of banana and pineapple in flight on a white background , isolated ."
images/00007215.jpg,women carrying bananas to a wharf for shipping to market 1800s
images/003090550.jpg,biological species crawling on a banana leaf
images/001448550.jpg,hanging bananas for sale in the local market .
images/001710923.jpg,yellow banana in a female hand with a manicure
images/002346829.jpg,a man rests in the street to eat a banana
images/000025001.jpg,banana covered in chocolate on a grey wooden table
images/000321707.jpg,this is a classic banana bread -- moist and full of chocolate chips !
images/002640887.jpg,"bananas - all of these are ripe , all were eaten by the next day"
images/002655134.jpg,bananas on a white background - seamless pattern .
images/000819663.jpg,a man selling bananas in a market
images/001355319.jpg,the back patio and banana garden at the house .
images/002543863.jpg,"a heap of fruit consisting of citrus , berries and bananas ."
images/001163077.jpg,a bunch of bananas of a banana tree
images/001648382.jpg,bunch of bananas isolated on a white background
images/000372647.jpg,a basket full of bananas at a market .
images/000340561.jpg,the bunch of overripe bananas .
images/000520234.jpg,man carrying a bunch of bananas on his shoulder during harvest on plantation
images/000242222.jpg,detail of banana leaf on a sunny day
images/002204802.jpg,bananas growing by the side of the road
images/002952121.jpg,a bunch of bananas on a white background
images/002245336.jpg,type of dish with bananas : butter with a side of bread
images/003193264.jpg,"is that a banana in your pocket , or are you just going to shoot me ?"
images/000817124.jpg,go bananas with this healthy banana bread !
images/002337496.jpg,bananas in an open air market
images/003194131.jpg,"close up , environmental themed , dolly shot of a sprouting banana tree from what appears to be desolate , infertile ground"
images/000706135.jpg,woman in hospital shocked to see a banana for dinner
images/002082020.jpg,a stall selling red & green bananas alongside art work at the roadside near town .
images/003072322.jpg,big bunch of bananas growing on a plantation
images/000756143.jpg,monkey eating banana on the ground
images/003212603.jpg,a caucasian woman with banana and a smile on her face
images/000587720.jpg,woman holding a half peeled banana in her hand
images/002389092.jpg,seamless vector pattern of yellow bananas on a blue background .
images/001379669.jpg,ripe bananas on a wooden table
images/002426908.jpg,"person with rice , served on a banana leaf"
images/000746861.jpg,eating bananas to reduce the effects of stress
images/000236070.jpg,bunch of bananas in the exhibition of agricultural farmers annual
images/000036706.jpg,the bunch of short size banana with white background
images/000434122.jpg,biological species eating a banana while hanging on a cable
images/001284587.jpg,bananas on the girl s legs .
images/000326597.jpg,"banana by printmaking artist created as an album cover for the band , person of printmaking artist if not my favorite ."
images/000293009.jpg,bright summer seamless pattern with bananas on a green background .
images/001193295.jpg,toddler is scared of a banana in a skin
images/002719981.jpg,person found in the bunch of bananas
images/000691825.jpg,"every morning started with oatmeal and a banana -- topped with a sugar in the packet , which i scavenged from various places ."
images/000464867.jpg,food and banana placed on a table
images/000587052.jpg,banana bread fresh out of the oven
images/000168128.jpg,banana leaf in the wind
images/001519546.jpg,bananas on a rustic table
images/001982632.jpg,bananas and strawberries with yogurt on a wooden background
images/002745888.jpg,a chimpanzee eating a banana thrown by travellers . #
images/002255272.jpg,"fruit , pineapple , bananas , orange juice , and a tiny taste of coconut !"
images/002649513.jpg,"fruits -- bananas , apples , oranges and grapes , laying on a white plate"
images/003019494.jpg,cut out banana leaf is on a plate
images/002737027.jpg,bananas on display at a roadside fruit stand
images/001670991.jpg,some bananas are sweeter than others .
images/000769471.jpg,... time since id made this banana bread but finally i had enough bananas
images/003016098.jpg,"men standing in boats , negotiating the sale of bananas at the floating vegetable market"
images/001319418.jpg,"i have to agree that this is the best banana bread i 've ever made , which is why i was so diligent about getting it right ."
images/001019960.jpg,sliced banana with peel on a white background -- stock photo #
images/001362429.jpg,a woman eats a healthy breakfast of banana and yogurt with granola
images/001662464.jpg,seamless vector pattern of yellow bananas on a pink background .
images/000283482.jpg,strong monkey pulls a lot of bananas .
images/001935892.jpg,a man rests in the street to eat a banana
images/002379529.jpg,three - toed sloth hanging from a banana tree
images/000078090.jpg,a bowl of baby food with a banana
images/001063147.jpg,muffins on a plate with bananas
images/002638672.jpg,baby elephant taking a banana from a man
images/000474373.jpg,girl eating a banana on a white background
images/000317123.jpg,what happens to your body if you eat bananas every day
images/003064378.jpg,truck in the banana plantation
images/002662528.jpg,"fruit , pineapple , bananas , orange juice , and a tiny taste of coconut !"
images/002572566.jpg,holding banana bread and laughing on the beach
images/001653811.jpg,vector illustration with the image of environmentally friendly bananas .
images/001956976.jpg,banana and blueberry muffins - these are great to freeze for the lunch box
images/001112745.jpg,bananas are some of favorites .
images/002562651.jpg,a bunch of bananas hangs from a tree .
images/001923647.jpg,iguanas in the sand eating a banana .
images/002970482.jpg,freshly sliced bananas on a white background clipping path
images/002906760.jpg,a little toddler boy eating a healthy breakfast of banana and granola cereal
images/002278559.jpg,bananas in a bowl with an avocado to hasten the ripening process - domestic setting
images/000338399.jpg,bananas are a well - known source of potassium .
images/002354918.jpg,cast bronze bananas with a realistic yet whimsical patina .
images/002304581.jpg,bananas are a good source of potassium .
images/000685069.jpg,butterflies feasting on a banana
images/000142514.jpg,vector seamless pattern with hand drawn bananas on a blue background .
images/002457254.jpg,a single banana against a white background
images/002113424.jpg,three - toed sloth hanging from a banana tree
images/000980968.jpg,detail of banana leaf on a sunny day
images/001736519.jpg,pattern with tropical palm leaves and bananas .
images/000454949.jpg,bananas on sale in a market
images/001655987.jpg,wild baby making a face while clutching piece of banana from supplemental feeding
images/003040525.jpg,do you like bananas ? vector image of a banana .
images/000660239.jpg,rule of the day : never make eye contact while eating a banana .
images/000267931.jpg,bananas on sale in a market
images/002481366.jpg,banana tree with fruit in a greenhouse
images/001981999.jpg,what are the side effects of bananas
images/001725105.jpg,"vector illustration of a yellow half peeled banana , transparent vector"
images/000055031.jpg,no more boring banana bread to use up old bananas !
images/001188129.jpg,a bunch of bananas on a white background #
images/001123750.jpg,this banana looks exactly like my mom 's dog
images/000645193.jpg,banana plantation on formerly rain forest covered area
images/000472524.jpg,a man standing in banana shaped floats which he uses to traverse the river being surrounded by swans
images/002893240.jpg,people weighing bananas one after another .
images/000888625.jpg,cute little girl in pajamas eating banana on the bed at the morning
images/000383435.jpg,that sounds bananas to me
images/001226048.jpg,sliding to fresh banana in the kitchen ready to be eat .
images/001833310.jpg,bananas are some of favorites .
images/000907481.jpg,seamless pattern of tropical bananas on a blue background .
images/001950262.jpg,man working in a banana plantation
images/000467926.jpg,a boy standing in front of an open refrigerator eating a piece of fruit he is holding a banana and a pear
images/000143813.jpg,bananas on sale in a market
images/001767164.jpg,ripe bananas on a wooden table
images/000996663.jpg,feed the elephant a banana as they visit zoo .
images/001172194.jpg,"but i only have this knitted outfit , will that do ? banana for scale ."
images/000548387.jpg,vector seamless pattern with banana on a white background .
images/002546318.jpg,vector illustration of a funny banana .
images/002805571.jpg,yellow banana on a pink background .
images/000306592.jpg,banana tree on a white background
images/001649390.jpg,a bunch of bananas of a banana tree
images/000147589.jpg,the composition of bananas in the style of printmaking artist
images/002223484.jpg,old truck in the banana plantation .
images/002281823.jpg,buying a bunch of ripe bananas from the markets
images/000635657.jpg,little monkey with a banana
images/000826574.jpg,seamless vector pattern of yellow bananas on a pink background vector art illustration
images/002809200.jpg,monkey with banana hanging on a branch .
images/003193021.jpg,you will want to steal this apple - peach - banana baby food after you make it for your little one !
images/002127506.jpg,bananas in an old box
images/000175730.jpg,yellow banana in a female hand with a manicure
images/001381815.jpg,"food , toasted pecans folded in a rich banana quick bread that is moist and perfectly sweet ."
images/002312232.jpg,bananas at the saturday market
images/002418640.jpg,funny gorilla with a banana royalty free stock vectors
images/000357023.jpg,no bananas in the sky
images/003142467.jpg,a cute monkey swinging from vines with a banana in his hand
images/000009300.jpg,icon of a banana on a white background
images/001009901.jpg,celebrity eats a banana during the third round
images/002502884.jpg,eating bananas on the beach
images/000294889.jpg,"banana bread for one , calories for the whole thing !"
images/000501296.jpg,what ever happened to enjoying a banana the traditional way ?
images/000986264.jpg,bunch of bananas on a banana plantation
images/000443806.jpg,funny gorilla with a banana royalty free stock vectors
images/000262277.jpg,small bunches of bananas isolated on a white background
images/002455216.jpg,i got this tiny banana for western christian holiday .
images/002848313.jpg,delicious bananas in super slow motion being soaked against a black background
images/001122420.jpg,banana chilling on the beach
images/002419910.jpg,bananas on sale in a market
images/002907865.jpg,"a heap of fruit consisting of citrus , berries and bananas ."
images/002649785.jpg,image titled tv genre on a banana leaf step
images/001842117.jpg,a spin on the classic - super moist banana bread studded with chocolate chips !
images/002322406.jpg,measuring a ripe yellow banana with a tailor 's tape measure .
images/001329175.jpg,frozen bananas into the food processor
images/000971036.jpg,i had a bananas in skin
images/000832121.jpg,"mini gluten free , dairy free banana oat muffins stacked on top of each other ."
images/002232437.jpg,wrap the top of your bananas with plastic wrap and they 'll last longer .
images/000260125.jpg,slices of fresh banana being fried and turned over in a pan with a spatula
images/001211339.jpg,bananas and avocados on a fruit stand at a farmers market
images/002281388.jpg,"a fresh , free floating , partially peeled banana against a blue background"
images/000874540.jpg,"but i only have this knitted outfit , will that do ? banana for scale ."
images/001613564.jpg,"here 's an amazing harvest , huge bunch of bananas ready to ripen ."
images/003126617.jpg,fans with a flag and inflatable banana
images/002456854.jpg,banana tree with a bunch of bananas #
images/002581676.jpg,portrait of a young woman carrying a plastic bag with bananas
images/001263900.jpg,"as a banana , i can support this ."
images/000830637.jpg,bunch of bananas ripe placed on a wooden table
images/002239268.jpg,small bananas at a fruit stand
images/000861482.jpg,food and a bunch of bananas on a plate
images/000421958.jpg,in the jungle ... there might be bananas ...
images/002484267.jpg,person uses the banana as her canvas for her project .
images/002528647.jpg,isolated sketch of a banana
images/000616799.jpg,"if you love banana bread and peanut butter cookies , these treats have your number ."
images/001486476.jpg,a group of people ride on a car as they haul bananas out of the thick forest
images/002790252.jpg,a cut out of a nice banana
images/001654362.jpg,dish gets even better with the addition of beverage and brown sugar caramelized bananas !
images/001272923.jpg,person of bananas rotates on a black background
images/001509270.jpg,young man eating a banana in dark studio .
images/001551307.jpg,overripe bananas with large brown spots on a white background
images/001952124.jpg,bananas on a banana tree
images/000357166.jpg,woman cutting leaf from a banana tree
images/002637993.jpg,measuring ripe yellow bananas with a tailor 's tape measure .
images/002387102.jpg,"banana , blueberry and pecan pancakes from a modern way to eat by person"
images/002885931.jpg,i was expecting a not so great sandwich for lunch but instead was delighted to have a hot meal wrapped in a banana leaf of rice and beans and garlic chicken .
images/002884735.jpg,"constitutional republic as it is , the sky and bananas"
images/003076512.jpg,colored bananas on a white background
images/000597274.jpg,vector illustration with the image of environmentally friendly bananas .
images/001615507.jpg,a bunch of bananas in a plantation .
images/000398416.jpg,a toddler eating a healthy breakfast of banana and granola cereal at the kitchen table in the home
images/002336875.jpg,vector summer seamless pattern with pineapples and bananas on the soft yellow background .
images/001804682.jpg,tv genre for a healthy pregnancy : bananas
images/000296523.jpg,young construction worker eating a banana in lunch time in summer day wipe sweat
images/002350317.jpg,bunch of organic bananas sitting on a kitchen table
images/000728056.jpg,black and white portrait of a crowd catching and throwing bananas during festival
images/002887439.jpg,boy holding a large banana next to bowl of fruit
images/003159507.jpg,yellow banana in a female hand with a manicure
images/002738199.jpg,seamless vector pattern with yellow bananas on a blue background .
images/002011101.jpg,little girl eating a banana on the background of the christmas tree
images/002470025.jpg,ripe bananas at the street market
images/002237140.jpg,bananas on a cart in the street .
images/002059779.jpg,portrait of a smart serious young man eating banana
images/002881920.jpg,"no time to explain , get in the banana"
images/002798420.jpg,a study discovered that bananas can supply you with enough energy for a strenuous exercise .
images/001381015.jpg,vector illustration of banana isolated on a white background
images/000893814.jpg,cat disguised as a banana
images/002967181.jpg,the chimpanzees of use sticks to fish for bananas on a clothesline and apples in the water
images/003139682.jpg,butch of small bananas in a hand
images/002762737.jpg,a man buying bananas from a vendor
images/002703958.jpg,why do bananas ripen other fruit in the fruit bowl ?
images/001510570.jpg,seamless pattern with yellow bananas isolated on the blue background .
images/000785942.jpg,woman in hospital shocked to see a banana for dinner
images/000924131.jpg,"food , a basic curry served on a banana leaf"
images/000940554.jpg,"every morning started with oatmeal and a banana -- topped with a sugar in the packet , which i scavenged from various places ."
images/000906054.jpg,seamless texture of the outlines of bananas
images/000721659.jpg,seamless pattern of yellow bananas on a background of black straight lines
images/002890482.jpg,banana plantation on the island
images/001669287.jpg,person will get through a staggering bananas in a typical week
images/001642707.jpg,zoo - these apes went bananas for this free haul of the yellow stuff
images/002240641.jpg,banana leaf in the wind
images/002060946.jpg,"a bowl of fruit in a house , with oranges , pears , apples , bananas adn old black banana"
images/000585889.jpg,workers processing bananas at a banana plantation
images/000898257.jpg,remember to freeze your bananas ahead of time for the best cocktail .
images/000056695.jpg,bananas grow on a stalk as a trio of men prepare to harvest in the 1950s .
images/002563742.jpg,portrait of a cute young boy and girl with same clothes sitting on a park and eating banana
images/002761746.jpg,cut out banana leaf is on a plate
images/002032551.jpg,"pink banana on a blue background , 3d illustration"
images/000095854.jpg,bunch of bananas on a tree
images/000056956.jpg,this banana looks like my mom 's dog
images/002333850.jpg,bananas are a good source of potassium .
images/002932928.jpg,vector illustration of half peeled banana isolated on a white background
images/001973506.jpg,"far from home : person poses above with a banana tree , which grows huge leaves every year , and sometimes even fruit - though it can not grow to ripeness in the climate"
images/001659241.jpg,a bunch of yellow bananas slowly rotating against black background
images/001697516.jpg,bananas at different stages of ripening on a wooden surface
images/002188958.jpg,"nut free banana bread that 's full of chia seeds , fiber and flavor for a healthy snack !"
images/001812870.jpg,bananas and measuring tape on a wooden table .
images/002787688.jpg,girls with bananas on the kitchen have fun phone
images/001896270.jpg,vector image of bananas on a transparent background .
images/001795912.jpg,the sad fate of a forgotten banana in our apartment
images/003245210.jpg,banana plantation partly under netting covers on the southern coast
images/003019187.jpg,apples and bananas in a glass bowl
images/000829594.jpg,seamless vector pattern of yellow bananas on a blue background .
images/001965282.jpg,bananas in an old box
images/000945562.jpg,"cigarettes in a banana , smoker , bad teeth -- stock photo #"
images/001408564.jpg,a man buys bananas in a supermarket
images/000457101.jpg,feed the elephant a banana as they visit zoo .
images/002914505.jpg,the chimpanzees of use sticks to fish for bananas on a clothesline and apples in the water
images/003006258.jpg,... time since id made this banana bread but finally i had enough bananas
images/002589334.jpg,bananas for sale in a supermarket
images/003216435.jpg,"far from home : person poses above with a banana tree , which grows huge leaves every year , and sometimes even fruit - though it can not grow to ripeness in the climate"
images/001728375.jpg,mom a toddler girl choosing bananas in supermarket
images/000737598.jpg,strong monkey pulls a lot of bananas .
images/000187128.jpg,how to draw a bunch of bananas step by step .
images/001110371.jpg,banana plantation partly under netting covers on the southern coast
images/000618085.jpg,"fruits -- bananas , apples , oranges and grapes , laying on a white plate"
images/001684465.jpg,biological genus are grown in the rainforest and related to bananas
images/001717943.jpg,"no time to explain , get in the banana"
images/002567683.jpg,close up of bunches of bananas at different stages of ripening on a wooden surface
images/002605025.jpg,a bunch of imperfect bananas in a white high key background
images/001088377.jpg,women carrying bunches of cooking bananas to a local market
images/000281006.jpg,no more boring banana bread to use up old bananas !
images/001750702.jpg,banana tree with a bunch of bananas #
images/000383027.jpg,ha banana plantation is divided into several blocks separated by forest to protect biodiversity and reduce the use of chemical pesticides .
images/001386338.jpg,monkey with a banana on a white background
images/002521835.jpg,background from bananas with an arrow by organic food .
images/002437972.jpg,"this banana and blueberry loaf may look deceptively decadent , but it 's packed with fruit and reasonably low on sugar ."
images/000895722.jpg,when the dog looks like your slice of banana .
images/000975308.jpg,"woman slices banana on a board , housewife is cooking fruit salad , healthy food for kids at home , fruits and vegetables in the kitchen"
images/000568027.jpg,woman selling bananas from a cart
images/000796202.jpg,"a pile of old bananas , isolated on white background"
images/001187059.jpg,banana tree with a bunch of growing ripe yellow bananas at plantation
images/002356298.jpg,spicy curry and rice meal on a banana leaf
images/000131253.jpg,"a bunch of yellow bananas slowly spinning , shot on against a white background , high angle"
images/001907795.jpg,colorful pattern of bananas and pineapples on a striped background in pop art style
images/000790035.jpg,a banana plantation grows adjacent to dense tropical rainforest
images/002818331.jpg,"the ginger gives this sweet fruit salad of oranges , mango , and banana a needed kick ."
images/003180626.jpg,a super moist banana bread made with coconut oil and yogurt that is topped with a brown sugar and rum sauce .
images/000222206.jpg,bananas on a banana tree
images/000747556.jpg,grilled pineapple and bananas with beverage !
images/002559400.jpg,"boy being healthy by eating fruit , including an apple and a banana ."
images/001495531.jpg,bananas growing on a tree
images/001541124.jpg,batter for the deep fried bananas
images/002580379.jpg,this banana looks exactly like my mom 's dog
images/001955443.jpg,a cut out of a nice banana
images/000888589.jpg,more bananas in the making
images/001816585.jpg,a single ripe banana on a white background
images/002465661.jpg,a young girl sitting beside baskets of fruit and eating a banana
images/001230307.jpg,the bunch of overripe bananas .
images/003058121.jpg,local bananas at the farmer 's market
images/002848738.jpg,a boy carries a load of fresh bananas
images/001565977.jpg,vector illustration of wooden box with bananas .
images/003108465.jpg,bananas for a runner 's diet
images/000975684.jpg,a variety of bananas at a market
images/001741646.jpg,landscapes of banana field in foreground with views
images/003302626.jpg,eating banana is a natural cure to reduce the effects of stress and anxiety .
images/000284561.jpg,"the waffles are stuffed with ice cream , strawberries and banana ."
images/000606541.jpg,bananas on the purple background
images/002792115.jpg,isolated geometric banana on a white background
images/002751743.jpg,close up of fresh bananas on a white background
images/002750105.jpg,vector icon - a yellow banana on a white background
images/002709544.jpg,banana plantation under netting covers on the southern coast
images/002361575.jpg,black and white portrait of a crowd catching and throwing bananas during festival
images/000768213.jpg,"cocoa powder , chocolate chips , and plenty of mashed bananas make this quick bread to - die for !"
images/001431477.jpg,bananas off a banana tree
images/002259559.jpg,vector seamless pattern with hand drawn bananas on a blue background .
images/002647475.jpg,there is a reason animation film love bananas so much .
images/002464279.jpg,a man buying bananas from a vendor
images/002782734.jpg,biological species eating a banana while hanging on a cable
images/002907495.jpg,christmas tree made made from bananas .
images/001198182.jpg,"bananas by person , fashion illustration for newspaper"
images/002468376.jpg,view of the river through a banana leaf .
images/000426024.jpg,a bunch of yellow bananas .
images/001966522.jpg,close up a banana leaf in the wind
images/001523670.jpg,drawing a banana with color background .
images/001030657.jpg,measuring ripe yellow bananas with a tailor 's tape measure .
images/001532791.jpg,"beautiful vector illustration with banana , strawberry and milk splashes ."
images/001493672.jpg,pattern with bananas on a light background .
images/001053282.jpg,an illustration of religious practice from banana leaf and person decorated on tray with pedestal for paying respect to teachers or person .
images/003239455.jpg,"holding and peeling a banana on black background , slow motion"
images/002959944.jpg,monkeys eating bananas along the fence
images/000821288.jpg,a man selling bananas in a market
images/000698228.jpg,a bowl of separated bananas .
images/002943431.jpg,horizontal close up of a freshly cooked waffle smothered in sliced banana and chocolate sauce
images/003233997.jpg,portrait of a cute little baby eating banana and sitting in a shopping cart while her mother is taking out products from the cart and putting them on conveyor belt at the supermarket
images/001645578.jpg,a bunch of bananas with browning skin on a white background
images/002111341.jpg,bananas of different stages of ripening on a wooden surface .
images/003266502.jpg,cut lime on a banana leaf
images/001295582.jpg,banana leaf on a white background .
images/001855741.jpg,speak no evil monkey with a mouth stuffed with bananas
images/001304702.jpg,bananas painting with watercolor then designed on a white background .
images/000671563.jpg,colorful seamless pattern of bananas on a striped background in pop art style
images/001076171.jpg,in the jungle ... there might be bananas ...
images/002060606.jpg,cute banana with peel and slices .
images/003155245.jpg,a young woman in sneakers is looking for a banana in a fruit basket
images/001921620.jpg,a bunch of ripe yellow bananas on a white backlit background
images/002855665.jpg,biological species sits on the grass and eats a banana .
images/002104762.jpg,"food the outer covering or skin of fruit and vegetables such as potatoes , carrots , oranges , or bananas ."
images/000108587.jpg,a cart full of bananas for sale in a street
images/002152792.jpg,recipe - fluffy yet moist thanks to mashed banana mixed into the batter .
images/00010395.jpg,a bunch of bananas in a white high key background
images/000980500.jpg,a young woman carries a load of bananas out of the forest to the market in her village
images/000602400.jpg,spices on a banana leaf
images/001350780.jpg,banana turning on itself on a white background
images/002383013.jpg,chocolate chip cookies that taste like banana bread - plus they 're made with coconut oil !
images/003239578.jpg,banana on a black reflective background
images/000654335.jpg,seamless vector pattern of yellow and green bananas on a white background .
images/002290460.jpg,i got this tiny banana for western christian holiday .
images/000630257.jpg,"the bananas are washed , labelled and boxed ready to be shipped"
images/001910920.jpg,a man visiting a banana plantation stands among the trees and flowers
images/000244116.jpg,pattern with bananas on a black background
images/002018983.jpg,"the number on a pure white background using a banana , carrot and asparagus"
images/002920924.jpg,scale the end of the banana so that it 's more a square than a rectangle .
images/000349267.jpg,hand drawing bananas : fruit and leaves on a white background
images/001806879.jpg,dish made of a banana leaf
images/000767974.jpg,a single banana against a white background
images/002255373.jpg,man carrying a bunch of bananas on his shoulder during harvest on plantation
images/000543788.jpg,"a glass and a bottle of milk , apple , bananas and yellow towel"
images/001864212.jpg,image titled tv genre on a banana leaf step
images/003143803.jpg,a chimpanzee eating a banana thrown by travellers . #
images/000666392.jpg,food served in a banana leaf
images/001182888.jpg,"person , portrait of printmaking artist as a banana"
images/001513326.jpg,women selling bananas in the market
images/000492666.jpg,a bunch of yellow bananas slowly rotating against black background
images/002571935.jpg,yellow banana on a pink background .
images/003300750.jpg,little cute monkey eating banana on a wild nature background
images/001062627.jpg,going bananas - funky monkeys are going bananas all over the cake !
images/000810880.jpg,toddler girl on a bench holding a banana and making funny face .
images/001553549.jpg,person stands amongst the remains of his banana plantation .
images/002464185.jpg,"here is my banana , wondering what hit him ."
images/003243173.jpg,bunch of bananas in the exhibition of agricultural farmers annual
images/002836874.jpg,just a lovely bunch of banana 's ... right ?
images/002519400.jpg,banana leaf on banana tree in the orchard
images/002062526.jpg,"person with rice , served on a banana leaf"
images/001206006.jpg,bunch of bananas on a leaf
images/002798661.jpg,a spotted banana on a white plate
images/003208797.jpg,a man carries a bunch of bananas to market on his shoulder
images/002016064.jpg,young girl eating a ripe banana on white background
images/000523944.jpg,girl eating a banana on a white background
images/000761887.jpg,banana plantation in the wet tropics
images/002433569.jpg,"passion fruit lifts the sweet combination of banana , meringue and caramel in this crowd - pleasing dessert recipe ."
images/002669066.jpg,rule of the day : never make eye contact while eating a banana .
images/000339798.jpg,couple with baby selling bananas at the roadside
images/000519976.jpg,iguanas in the sand eating a banana .
images/000931619.jpg,cartoon illustration of a banana with a happy face
images/001700102.jpg,a man buying bananas from a vendor
images/000126942.jpg,banana date muffins with a seed topping
images/000036097.jpg,"smoothie with tropical fruits : mango , banana , orange in a glass mason jar on the old wooden background ."
images/002433483.jpg,bananas on an orange background .
images/001205755.jpg,monkey eating banana turned to look for a friend
images/003165870.jpg,cast bronze bananas with a realistic yet whimsical patina .
images/002271450.jpg,wrap the top of your bananas with plastic wrap and they 'll last longer .
images/003079093.jpg,pattern of bananas and green leaves on a pink .
images/000916482.jpg,"it has been such a warm summer that gardeners have been able to grow a banana tree , pictured in flower , here"
images/001209716.jpg,banana turning on itself on a white background
images/001094566.jpg,ripe bananas with a peeled and partially sliced banana
images/000798496.jpg,"layers using banana , kale , blueberry , strawberry and a few other treats ."
images/002043885.jpg,"every morning started with oatmeal and a banana -- topped with a sugar in the packet , which i scavenged from various places ."
images/000468843.jpg,this is no ordinary banana bread !
images/003311873.jpg,"skin from banana in the female hand , isolated on white"
images/002807983.jpg,banana plantation in the province .
images/001574809.jpg,a banana tree seen from below .
images/003133700.jpg,a woman wanted to see what will happen if she eats nothing but bananas .
images/002336425.jpg,banana and orange with a syringe stuck concept of transgenic foods
images/000526920.jpg,hand drawn sketch style chopped banana with the peel on white background .
images/003033598.jpg,workers processing bananas at a banana plantation
images/001151586.jpg,a truck full of bananas
images/000924121.jpg,bananas in an old box
images/001994753.jpg,ripe bananas painted in the form of a heart on a white background
images/001625294.jpg,three of ripe bananas isolated on a white background
images/002331959.jpg,pattern with watermelons and bananas on a white background .
images/001434990.jpg,bananas on a white background .
images/003257408.jpg,bunch fresh bananas baby on a white background
images/001378661.jpg,recipe - fluffy yet moist thanks to mashed banana mixed into the batter .
images/000138009.jpg,cute baby monkey with banana isolated on a white background
images/000309900.jpg,detail on a banana leaf with sun in background
images/002311000.jpg,vector illustration of a funny banana .
images/002199906.jpg,painting of a banana tree
images/000301618.jpg,bananas growing on a banana tree
images/000410746.jpg,will i have time to scribble on a banana ? we can only hope !
images/000297199.jpg,a chimpanzee eating a banana thrown by travellers . #
images/002028002.jpg,the bunch of short size banana with white background
images/000608737.jpg,bananas placing together in a container ready for sale
images/000461760.jpg,"cigarettes in a banana , smoker , bad teeth -- stock photo #"
images/000476505.jpg,bunch of bananas hanging from a banana tree
images/002137528.jpg,banana covered in chocolate on a grey wooden table
images/001301518.jpg,bananas at the saturday market
images/002206181.jpg,nest of wasp is under the banana leaf .
images/001274456.jpg,hand drawn seamless pattern with ripe yellow bananas on the white background in vector
images/000623966.jpg,this is no ordinary banana bread !
images/003055802.jpg,bananas are actually in the family
images/000449812.jpg,your baby is now the size of a banana .
images/000136897.jpg,close up of a bright green banana leaf
images/001145274.jpg,"spotty ripe banana with mashed flesh and fork , isolated on a white background"
images/001788275.jpg,bunch or hand of bananas isolated on a white studio background
images/001292077.jpg,cocktail of passion fruit served on top of a banana leaf
images/002693546.jpg,cute and funky bananas seamless pattern on the dark background .
images/002227979.jpg,seamless vector pattern of yellow bananas on a pink background .
images/001640776.jpg,"animal lays begging the head crooked , glass of bananas milk stands on the table - black and white"
images/000881345.jpg,a family wades through flood waters on a boat made out of a banana tree
images/000548026.jpg,cream cheese stuffed banana carrot cake is a showstopper !
images/000184889.jpg,"holding a peeled banana on black background , slow motion"
images/001853024.jpg,do you like bananas ? vector image of a banana .
images/001737672.jpg,showing this to my mom next time she makes fun of mydead bananas - they 're better with brown spots !
images/002257700.jpg,the banana with a flower .
images/002173875.jpg,type of dish with bananas : butter with a side of bread
images/002840721.jpg,banana seamless pattern on the blue background .
images/001372896.jpg,"no time to explain , get in the banana"
images/002891968.jpg,feed the elephant a banana as they visit zoo .
images/002453759.jpg,huge banana besides a slightly smaller banana for scale
images/001323456.jpg,ship being loaded out of bananas by a lighter in harbor
images/002412356.jpg,tourist attraction is seen beyond a banana plantation
images/002603754.jpg,"bananas , as offering in a temple"
images/002363136.jpg,workers process freshly harvested bananas
images/000708535.jpg,bunch of bananas in the exhibition of agricultural farmers annual
images/000258727.jpg,a banana plantation grows adjacent to dense tropical rainforest
images/002335792.jpg,bunch of bananas isolated on a white background
images/000989671.jpg,bunch of bananas isolated on a white background
images/002686501.jpg,portrait of a cute young boy and girl with same clothes sitting on a park and eating banana
images/000333849.jpg,"a caucasian adult woman in her thirties , eating a banana while waking up in her apartment"
images/002302189.jpg,"i 've got a lovely bunch of coconuts , and a really big banana ."
images/001065306.jpg,"measuring tape wrapped around a banana , isolated on a white background"
images/002306842.jpg,"the number on a pure white background using a banana , carrot and asparagus"
images/000525288.jpg,"woman peels banana , housewife is cooking fruit salad , healthy food for kids at home , fruits and vegetables in the kitchen"
images/002623982.jpg,woman in hospital shocked to see a banana for dinner
images/002394697.jpg,tape measure around a banana cut out against a white background
images/001331995.jpg,yellow ripe bananas on a palm tree
images/000628932.jpg,cute and funky bananas seamless pattern on the dark background .
images/001836186.jpg,image titled tv genre on a banana leaf step
images/000446692.jpg,a man buying bananas in a supermarket
images/000905545.jpg,a young woman in sneakers is looking for a banana in a fruit basket
images/000651448.jpg,eating bananas on the beach
images/001718496.jpg,ice cream with whipped cream and a cherry in banana
images/001212097.jpg,a tropical opossum eating an egg in a banana tree !
images/000229391.jpg,woman taking a banana in a grocery store with fruits and vegetables
images/002645054.jpg,isolated banana on a white background
images/001201991.jpg,small bananas at a fruit stand
images/002133106.jpg,bunch of bananas hanging from a banana tree
images/000112955.jpg,"big hungry gorilla eating a healthy snack of bananas for breakfast , isolated on white background -- stock photo #"
images/003120034.jpg,tourist attraction is seen beyond a banana plantation
images/001400814.jpg,german dish is a tasty cake that 's a little bit banana bread and a little bit coffee cake .
images/002144430.jpg,"watercolor seamless pattern with apples , oranges and a banana ."
images/001626486.jpg,the pattern of ripe yellow bananas and fresh
images/002045099.jpg,focus on flower in the tray by a woman weaving fish with banana leaf traditional handmade for background
images/003233421.jpg,chef putting sliced banana into the plate
images/002188229.jpg,"banana leaves on a white background , tropical palm leaves ."
images/000351563.jpg,a man carrying a basket of bananas on his head in the market
images/002617551.jpg,"some call it plantain , we call ityellow banana !"
images/001268093.jpg,"there are numerous benefits in banana , which help rejuvenate tired skin and soften rough skin ."
images/002331938.jpg,bananas at different stages of ripening on a wooden surface
images/000568446.jpg,a vector illustration of bunch of bananas
images/002763912.jpg,banana and cinnamon tea offers you a better sleep than sleeping pills
images/002303847.jpg,"person , walks through his barren banana plantation behind his house ."
images/001943891.jpg,half of banana on the white background
images/002547337.jpg,"banana tree on the backyard , big and green banana"
images/000695802.jpg,bananas on a cart in the street .
images/001110820.jpg,some bananas are sweeter than others .
images/001820499.jpg,decorated the house with lots of bananas
images/000277560.jpg,smile quotes friday long week weekend almost here humor : smile like a monkey with a new banana .
images/000260934.jpg,"here 's an amazing harvest , huge bunch of bananas ready to ripen ."
images/002774979.jpg,"landscape a banana tree , rocks in the background"
images/002027646.jpg,bananas hanging for sale at the supermarket
images/001262168.jpg,a woman wanted to see what will happen if she eats nothing but bananas .
images/002372911.jpg,vector seamless pattern with hand drawn bananas on a white background .
images/000633021.jpg,a worker in a banana plantation
images/003163574.jpg,seamless vector pattern of yellow bananas on a blue background .
images/001509279.jpg,two single and bunches of fresh banana with leaf .
images/003128326.jpg,"a big dried banana leaf with a handful and biological species , placed on a white backdrop"
images/002729992.jpg,"i have to agree that this is the best banana bread i 've ever made , which is why i was so diligent about getting it right ."
images/001991492.jpg,rare bearded monkey eating a banana in a forest
images/003217291.jpg,seamless vector pattern of yellow bananas on a green background .
images/002823077.jpg,original banana drawn by color pencils .
images/000583442.jpg,a market selling banana in the city
images/000494919.jpg,"holding and peeling a banana on black background , slow motion"
images/000920243.jpg,cast bronze bananas with a realistic yet whimsical patina .
images/001759378.jpg,a bunch of bananas in a plantation .
images/000910980.jpg,"layers using banana , kale , blueberry , strawberry and a few other treats ."
images/001712180.jpg,isolated silhouette of a banana
images/002577315.jpg,monkey eating a banana while hanging upside down from a tree .
images/002389161.jpg,strawberries and bananas on waffles
images/002243566.jpg,i see your spider in the grapes and raise you ... bananas
images/000158988.jpg,women selling bananas in the market
images/002374005.jpg,hand drawn oranges and bananas isolated on the white background .
images/001442529.jpg,tape measure around a banana cut out against a white background
images/001299304.jpg,bananas placing together in a container ready for sale
images/001434681.jpg,"i have a cursed image of my own , here 's a banana to scale ."
images/001456698.jpg,bananas on the old truck in plantation .
images/002980013.jpg,a young man is holding a bunch of bananas
images/002390996.jpg,"close up of a black plate with slices of kiwi , banana and strawberry isolated on white ."
images/001046825.jpg,a bunch of bananas minus two by person
images/002812206.jpg,open banana turning on itself on a white background
images/001230539.jpg,wandering spiders in bananas was bad enough .
images/002647918.jpg,blue painted banana on a yellow background
images/001138534.jpg,three - toed sloth in a banana tree
images/001279059.jpg,guests dressed as bananas form a bunch
images/002211529.jpg,"food , a basic curry served on a banana leaf"
images/001854405.jpg,bananas are transported by ship and train in the 1950s .
images/001378848.jpg,hazy sunset above a banana plantation
images/002918350.jpg,image titled tv genre on a banana leaf step
images/001944541.jpg,"is that a banana in your pocket , or are you just going to shoot me ?"
images/000115166.jpg,bananas loaded onto a bicycle to be sold
images/002359199.jpg,"the room , full of bananas and the monkey ."
images/000067620.jpg,"pink banana on a yellow background , 3d illustration"
images/001112322.jpg,there are a lot of bananas on this sidewalk .
images/002023750.jpg,take the humble banana to a whole new level .
images/000557891.jpg,sliced banana on the white background vertical royalty - free
images/001392738.jpg,feed the elephant a banana as they visit zoo .
images/000108252.jpg,what are the side effects of bananas
images/002401993.jpg,"pomegranate , pears , bananas and plums on a wooden background"
images/002505351.jpg,illustration of a banana rendered in a geometric style
images/000708670.jpg,feed the elephant a banana as they visit zoo .
images/000209316.jpg,"but i only have this knitted outfit , will that do ? banana for scale ."
images/000185608.jpg,"these cookies are soft , full of chocolate and have a hint of banana to them ."
images/000716096.jpg,mr a bunch of bananas growing at the bed and breakfast
images/002615825.jpg,teenager carrying a tray of bananas
images/002785511.jpg,bunch of bananas hanging from a banana tree
images/001973892.jpg,seamless vector pattern of banana and watermelon pieces on a black background .
images/002227397.jpg,young man eating a banana in dark studio .
images/000971642.jpg,ocean view and banana farm along the east coast
images/001382465.jpg,three - toed sloth in a banana tree
images/001091199.jpg,roof terrace in the afternoon sun overlooking banana plantation
images/001720849.jpg,type of dish with bananas : butter with a side of bread
images/000257607.jpg,detail on a banana leaf with sun in background
images/001151870.jpg,"teams , and the inflatable banana , which got a penalty at some point ."
images/002962195.jpg,german dish is a tasty cake that 's a little bit banana bread and a little bit coffee cake .
images/003126233.jpg,a cartoon illustration of an orangutan dreaming of a banana
images/000893965.jpg,seamless background of peeled bananas with the peel on turquoise background
images/003022607.jpg,banana plantation in a forested central valley
images/002160302.jpg,ants attack cicada shadow on banana leaf in the tropical sun
images/002181798.jpg,a bunch of bananas on display at a market stall
images/000841763.jpg,woman selling bananas in the streets
images/002339696.jpg,yellow bananas on an orange background seamless pattern .
images/002504309.jpg,going bananas over this cute bathroom .
images/001438672.jpg,a spin on the classic - super moist banana bread studded with chocolate chips !
images/002468215.jpg,learn the benefits of bananas to build muscle
images/002831643.jpg,"tree of the day : sweet , green banana tree !"
images/001572402.jpg,"stock image of yellow bananas on a white background , isolated ."
images/000342883.jpg,we found the smallest banana in the world
images/000118627.jpg,i really love good banana bread .
images/000521813.jpg,drawing of a bunch of bananas with speech bubble
images/003189954.jpg,seamless vector pattern of yellow bananas on a green background .
images/001370279.jpg,vector illustration of a smiling girl giving peeled banana to monkey
images/001914109.jpg,cut a banana into several pieces .
images/002611708.jpg,feed the elephant a banana as they visit zoo .
images/000622744.jpg,"red , yellow and green bananas hanging for sale at a market"
images/000989322.jpg,"person , portrait of printmaking artist as a banana"
images/001665057.jpg,a front pocket allows you to stow a small banana or similar .
images/000609625.jpg,banana chilling on the beach
images/001773233.jpg,ripe bananas at the street market
images/002174298.jpg,woman sells bananas at the daily fruit and vegetable market
images/001179646.jpg,if you have a couple of overripe bananas then whip these muffins up for breakfast .
images/000134777.jpg,"seamless pattern with yellow bananas on a white background for fabric , wallpaper , album cover ."
images/002679118.jpg,plate of scrambled eggs and banana bread on a wooden table with a dish of butter
images/000658610.jpg,a young woman carries a load of bananas out of the forest to the market in her village
images/000719211.jpg,people pose on a banana during the celebrations
images/000096182.jpg,a man standing in banana shaped floats which he uses to traverse the river being surrounded by swans
images/000022808.jpg,"conceptual composition , male hand holding a banana as gun , symbolically representing a caution about healthy diet"
images/003099695.jpg,yellow banana in a female hand with a manicure
images/000092905.jpg,three - toed sloth in a banana tree
images/000175894.jpg,"the disease isposing a serious threat to production and export of bananas , membership organisation said in a report ."
images/000412928.jpg,a bunch of yellow bananas .
images/000333262.jpg,oranges and bananas you eat both of them .
images/000314732.jpg,a caucasian woman with banana and a smile on her face
images/002657643.jpg,hand drawn sketch style chopped banana with the peel on white background .
images/001600098.jpg,a young boy packs bananas into newspaper
images/001056708.jpg,a boy standing in front of an open refrigerator eating a piece of fruit he is holding a banana and a pear
images/000605881.jpg,the pattern of ripe yellow bananas and fresh
images/001167174.jpg,tropical agricultural land and banana plantation with large palm trees towering against the blue sky
images/003148442.jpg,hand of bananas with a juice
images/003181584.jpg,pink bananas on a pink background .
images/000924142.jpg,i got this tiny banana for western christian holiday .
images/003173460.jpg,a bunch of bananas on the tree
images/001444189.jpg,nest of wasp is under the banana leaf .
images/002701242.jpg,going bananas over this cute bathroom .
images/000459465.jpg,slices of fresh banana being fried and turned over in a pan with a spatula
images/002896374.jpg,seamless vector pattern of bananas on a light gray background .
images/000470726.jpg,biological species sitting on a banana leaf
images/000959724.jpg,"moist , spiced banana bread filled with chocolate chips , no mixer needed ."
images/002541377.jpg,feed the elephant a banana as they visit zoo .
images/000462164.jpg,going bananas over this cute bathroom .
images/000237769.jpg,cartoon illustration showing a pair of hands holding bananas
images/001186403.jpg,bananas are isolated on a white background
images/001766928.jpg,bananas at different stages of ripening on a wooden surface
images/001003973.jpg,diary of a ladybird : classic banana bread
images/000737770.jpg,hand of bananas with half a dragon fruit and fruit juice
images/002466606.jpg,showing this to my mom next time she makes fun of mydead bananas - they 're better with brown spots !
images/002886223.jpg,a banana tree with green fruit and purple blossom growing in a garden
images/000867622.jpg,"orange juice pouring in to a glass with apples , oranges and a banana"
images/001970873.jpg,feed the elephant a banana as they visit zoo .
images/000719353.jpg,yellow bananas on an orange background seamless pattern .
images/001509431.jpg,sweet bananas on the yellow background
images/003001164.jpg,a basket full of bananas at a market .
images/002894937.jpg,fresh bananas in a basket
images/001970101.jpg,this banana looks exactly like my mom 's dog
images/003314008.jpg,cute and funky bananas seamless pattern on the white background .
images/002598930.jpg,half peeled banana isolated on a white background
images/000583908.jpg,a large bunch of organic bananas on a banana tree in employer
images/000375652.jpg,cocoon : the bananas were infested with dozens of deadly spiders hatching from eggs
images/000482186.jpg,bananas on the grill with brand
images/002085159.jpg,bunch of bananas in a banana plantation
images/000136184.jpg,pattern graphic yellow bananas on a light background .
images/000806062.jpg,vector illustration of a banana in hand drawn graphics .
images/002611626.jpg,sweet bananas on the yellow background
images/001982713.jpg,"cartoon illustration showing a bunch of bananas , including a happy one"
images/000326145.jpg,what happens to your body if you eat bananas every day
images/003032477.jpg,cute baby monkey with banana hanging on the vine isolated on a white background
images/002229837.jpg,rusty old wheelbarrow full of yellow bananas in the street
images/000601621.jpg,banana and blueberries reunite in this creamy drink !
images/001818576.jpg,"a fresh , free floating , partially peeled banana against a blue background"
images/001743081.jpg,boy holding a large banana next to bowl of fruit
images/001133185.jpg,butch of small bananas in a hand
images/003125198.jpg,orangutan using a banana leaf for shelter
images/000065629.jpg,old truck in the banana plantation .
images/001961873.jpg,vector illustration of a yellow ripe banana on an isolated white background .
images/000776582.jpg,the composition of bananas in the style of printmaking artist
images/002252849.jpg,traditional meal on a banana leaf
images/002726552.jpg,farm workers loading bananas at a collective farm
images/001021367.jpg,food and banana placed on a table
images/002880293.jpg,bananas on an orange background .
images/000222038.jpg,overripe bananas with large brown spots on a white background
images/001336182.jpg,mom a toddler girl choosing bananas in supermarket
images/00002968.jpg,bananas and banana flower still attached to the tree
images/001568153.jpg,bananas are one of the bestselling items in the produce
images/002135068.jpg,a bright blue house under a banana tree
images/001222662.jpg,a lifestyle portrait of a little girl eating a banana during a fall mini session
images/001414212.jpg,bananas of all shapes and sizes are sold in the market
images/002107568.jpg,vector hand drawn isolated banana with the inscription .
images/002893731.jpg,a banana is pointed like a gun with its end peeled back in a comedic fashion
images/002790725.jpg,a frozen treat with ingredients -- bananas and almond milk !
images/000199863.jpg,"is that a banana in your pocket , or are you just going to shoot me ?"
images/002608627.jpg,"nut free banana bread that 's full of chia seeds , fiber and flavor for a healthy snack !"
images/000854940.jpg,cartoon illustration showing a pair of hands holding bananas
images/002621546.jpg,rain clouds over the sea and banana plantation on the volcanic island
images/000353248.jpg,banana bread with a secret ingredient - shredded coconut !
images/000022980.jpg,bananas and other fruit for sale on a market stall
images/001911968.jpg,bananas are large and extremely sugary .
images/000548351.jpg,"half - peeled overripe , spotty banana , isolated on a white background"
images/001977205.jpg,reading bananas ? we caught up with this vendor who was reading about the latest religious news .
images/000530837.jpg,gifts for the dead bananas
images/002080181.jpg,"his farm now has a total of trees , including mango , banana , papaya and a wide number of herbs ."
images/000441073.jpg,banana seamless pattern with polka dots on a gray background
images/000259605.jpg,seamless pattern with bananas on a black background royalty free stock illustrations
images/002393950.jpg,food and jelly had theirs ... but every once in a while it 's banana time !
images/001255611.jpg,the frame consisting of different bananas .
images/001739134.jpg,colorful seamless pattern of bananas on a striped background in pop art style
images/001223799.jpg,bananas on sale in a market
images/000542607.jpg,breakfast of scrambled eggs with slices of banana bread on a white plate
images/002416064.jpg,"here is my banana , wondering what hit him ."
images/002202958.jpg,bananas washed in a large water tank during harvest and packing
images/002202296.jpg,banana plantation in the wet tropics
images/000477049.jpg,a man sells bananas in a small village
images/000255656.jpg,have you ever found yourself stuck with extra bananas ? the first recipe that usually comes to mind is banana bread .
images/000165770.jpg,person stands amongst the remains of his banana plantation .
images/000474516.jpg,pictures of the - banana flower
images/001062154.jpg,man holding a banana in front of his mouth
images/000652495.jpg,vector illustration of bananas falling into a splash of milk
images/000048365.jpg,lady points down the road next to banana plantation
images/000415398.jpg,yellow ripe bananas for sale on a red table cloth
images/000095521.jpg,bananas cartoons in a joyful talking .
images/000966643.jpg,brand - the softest banana bread you 've ever had swirled with thick ribbons of brand .
images/003303522.jpg,"do you eat food on banana leaf ? if not , read these amazing benefits !"
images/000952664.jpg,buy bananas in bulk dehydrate half with whatever flavors u want .
images/002913595.jpg,bunch of bananas hanging from a banana tree
images/000141048.jpg,person stands amongst the remains of his banana plantation .
images/002004397.jpg,a young woman carries a load of bananas out of the forest to the market in her village
images/001036262.jpg,ants attack cicada shadow on banana leaf in the tropical sun
images/002886249.jpg,bananas for a runner 's diet
images/001926524.jpg,this very literal sign describes these bananas
images/003170218.jpg,seamless vector pattern of black banana leaf on a white background .
images/000305180.jpg,banana on a black reflective background
images/002740996.jpg,cute little girl in pajamas eating banana on the bed at the morning
images/000827958.jpg,a young man is hiding his face behind a bunch of bananas
images/000383219.jpg,banana seamless pattern on the blue background .
images/002150578.jpg,a young man is taking a banana that has been lying on the kitchen counter and starts peeling it .
images/003273422.jpg,a bunch of ripe bananas on a white background
images/002922816.jpg,eat on a banana leaf for a host of health benefits
images/002854205.jpg,"kiwi fruit , ripe banana , sour lemon , a bunch of grapes ."
images/001664605.jpg,will i have time to scribble on a banana ? we can only hope !
images/002558612.jpg,breakfast of banana bread and scrambled eggs on a white plate
images/000458144.jpg,detail of banana leaf on a sunny day
images/000660767.jpg,"but i only have this knitted outfit , will that do ? banana for scale ."
images/001364399.jpg,bananas are taken from a table
images/003044337.jpg,fresh green banana and coconuts at the market
images/000164229.jpg,cut out banana leaf is on a plate
images/000245595.jpg,"animal gives a banana to the boy , vector illustration ."
images/001491884.jpg,banana and fruit on display at a rural stall
images/002817842.jpg,two single and bunches of fresh banana with leaf .
images/000489324.jpg,a man carrying a basket of bananas on his head in the market
images/001631173.jpg,a basket full of bananas at a market .
images/003085144.jpg,bananas hanging for sale at the supermarket
images/001716487.jpg,bananas growing on a tree
images/002036001.jpg,bananas on display at a roadside fruit stand
images/000606599.jpg,chef has a recipe for a fabulous banana bread
images/000116155.jpg,"pink banana on a blue background , 3d illustration"
images/003060387.jpg,biological species eating a piece of rotting banana
images/000320595.jpg,your baby is now the size of a banana .
images/001087599.jpg,grasshopper on green banana leaf in a nature with wind
images/000031985.jpg,portrait of a tortoise eating a banana
images/001730662.jpg,a peeled banana with other bananas in the background
images/002094150.jpg,banana and cinnamon tea offers you a better sleep than sleeping pills
images/001072840.jpg,gifts for the dead bananas
images/000851539.jpg,hand of a man with a banana
images/001520700.jpg,an illustration of religious practice from banana leaf and person decorated on tray with pedestal for paying respect to teachers or person .
images/000137043.jpg,in this recipe the bananas are mashed and then put into the batter to distribute their flavor .
images/000474153.jpg,biological species on a banana leaf
images/002083185.jpg,meal on a banana leaf
images/001426756.jpg,bananas should not be kept in the fridge !
images/002802991.jpg,isolated sketch of a banana
images/002414656.jpg,a banana tree is situated in front of a building .
images/001471507.jpg,bananas are isolated on a white background
images/000260323.jpg,young girl holding an apple seated at table between her mother holding a broccoli and her grandmother with a banana
images/000076918.jpg,landscapes of banana field in foreground with views
images/001033040.jpg,bunch of bananas on the blackboard .
images/001290986.jpg,bananas being sold on a fruit and veg stall on market
images/000885607.jpg,a street market selling bananas from the back of a truck in a small village
images/001900452.jpg,fruit with a large bunch of bananas in august
images/001832805.jpg,a banana isolated on white .
images/000290435.jpg,vector illustration of a banana in hand drawn graphics .
images/000931639.jpg,every time i spell bananas i have to sing the song in my head .
images/003006139.jpg,banana seamless pattern with polka dots on a gray background
images/001883387.jpg,all this running for a free banana .
images/003059275.jpg,bananas and measuring tape on a wooden table .
images/002541915.jpg,fat middle - aged man eats a banana while sitting on a bench in summer park
images/000893050.jpg,bananas in a bowl with an avocado to hasten the ripening process - domestic setting
images/000343503.jpg,a bunch of tasty bananas on a black background with a place for an inscription
images/001238577.jpg,a man buying bananas from a vendor
images/002015286.jpg,traditional south meal on a banana leaf .
images/001519773.jpg,bananas growing on a banana tree
images/001869004.jpg,vector image of bananas on a transparent background .
images/001100740.jpg,my banana tree which grows ?
images/002055582.jpg,a large bunch of organic bananas on a banana tree in employer
images/000857405.jpg,"a plate of fresh whole and cut fruit including melons , bananas , blackberries and apples"
images/000596306.jpg,bunch of bananas hanging from a banana tree
images/000881510.jpg,banana and cinnamon tea offers you a better sleep than sleeping pills
images/002248668.jpg,man carrying a bunch of bananas on his shoulder during harvest on plantation
images/001862844.jpg,girl selling bananas to passengers on a bus
images/001190834.jpg,bat hanging on the tree eating banana
images/003181189.jpg,the pattern of ripe yellow bananas and fresh
images/001766639.jpg,bananas for sale in the market
images/000456589.jpg,banana leaf - cuisine : how to eat your way around the world
images/001808032.jpg,"person , poses for a photo as a banana saturday morning during contest via person"
images/000433857.jpg,cute and funky bananas seamless pattern on the dark background .
images/001372848.jpg,"beautiful vector illustration with banana , strawberry and milk splashes ."
images/002731065.jpg,"measuring tape wrapped around a banana , isolated on a white background"
images/000686500.jpg,"weird man eating a banana , isolated on white"
images/001768664.jpg,seamless pattern with bananas on a striped background .
images/002375744.jpg,slightly overripe banana on a light blue background
images/000616769.jpg,person stands amongst the remains of his banana plantation .
images/002659562.jpg,various bananas on a grill
images/003177076.jpg,yellow ripe bananas on a palm tree
images/000155893.jpg,this is bananas mug made
images/000245829.jpg,"red , yellow and green bananas hanging for sale at a market"
images/001641067.jpg,going bananas over this cute bathroom .
images/001235387.jpg,a bunch of bananas on a white background #
images/002271823.jpg,cut a banana into several pieces .
images/001608701.jpg,seamless vector pattern of yellow bananas on a white background .
images/001055746.jpg,spray - painted it red to make it look more like an actual banana
images/001442763.jpg,food served in a banana leaf
images/000984388.jpg,brown monkey on palm tree eating a banana
images/002015141.jpg,open banana turning on itself on a white background
images/001274005.jpg,a villager holds a bunch of freshly harvested bananas
images/000313098.jpg,stack of unripe bananas on a market stall
images/002514561.jpg,bananas in a female hand
images/000567407.jpg,detail of banana leaf on a sunny day
images/000215822.jpg,banana leaf in the wind
images/002568760.jpg,man eating bananas on bicycle in the park
images/002629449.jpg,a chimpanzee eating a banana thrown by travellers . #
images/002955628.jpg,"pink banana on a blue background , 3d illustration"
images/001845019.jpg,"peanut butter and jelly sandwich , with dancing banana , and a glass of milk"
images/000454343.jpg,person stands amongst the remains of his banana plantation .
images/001994038.jpg,recipe - fluffy yet moist thanks to mashed banana mixed into the batter .
images/001922025.jpg,"pink banana on a blue background , 3d illustration"
images/001285126.jpg,"seamless vector pattern of bananas , pear and watermelon slices on a pink background ."
images/000879892.jpg,bananas on a wooden table
images/002966213.jpg,a boy standing in front of an open refrigerator eating a piece of fruit he is holding a banana and a pear
images/000654298.jpg,a banana isolated on white .
images/001496668.jpg,"a young girl holds up a banana to her mouth , imitating a smile"
images/000584972.jpg,"measuring tape wrapped around a banana , isolated on a white background royalty - free"
images/000418972.jpg,rain clouds over the sea and banana plantation on the volcanic island
images/001185458.jpg,snack : fruit in sticky rice cooked in a banana leaf .
images/001342989.jpg,traditional meal on a banana leaf
images/001228214.jpg,a partially peeled banana in the shape of the letter n
images/002101821.jpg,this is no ordinary banana bread !
images/001937584.jpg,cuisine served on a banana leaf
images/002110659.jpg,# funny # smile on a banana .
images/002939588.jpg,buying a bunch of ripe bananas from the markets
images/000659648.jpg,bananas on a rustic table
images/001723472.jpg,half peeled banana isolated on a white background
images/002416671.jpg,tourists walking through a banana plantation
images/000626822.jpg,are carrying a large bunch of bananas on her head
images/000348855.jpg,three - toed sloth in a banana tree
images/000579176.jpg,german dish is a tasty cake that 's a little bit banana bread and a little bit coffee cake .
images/001559553.jpg,seamless vector pattern of yellow bananas on a blue background .
images/000573053.jpg,how to whiten your teeth with a banana - tried this and it works !
images/001587656.jpg,bananas hanging on a wall .
images/001852262.jpg,a silhouette of yellow bananas as an ornament framed into a circle
images/000824648.jpg,"i 've got a lovely bunch of coconuts , and a really big banana ."
images/001174885.jpg,illustration of a banana rendered in a geometric style
images/002935606.jpg,a banana plantation lies in ruin near the northern town .
images/001028324.jpg,a boy standing in front of an open refrigerator eating a piece of fruit he is holding a banana and a pear
images/00003442.jpg,"besides the cute kids , notice the banana tree - the bananas grow stem upwards ."
images/002260219.jpg,we found the smallest banana in the world
images/001061758.jpg,a simple south side dish for lunch made with raw banana and coconut
images/001279104.jpg,my so - calledbanana pancakes at breakfast
images/001279883.jpg,seamless vector pattern of yellow bananas on a blue background .
images/002130618.jpg,detail on a banana leaf with sun in background
images/000297354.jpg,bananas on and old vintage table top with modeled tan background for a rustic feel and copy space
images/002574996.jpg,hand drawn sketch style chopped banana with the peel on white background .
images/001543419.jpg,"religious offerings of coconut , bananas and flowers for sale at the main entrance to person"
images/000890986.jpg,isolated banana on a white background .
images/000198757.jpg,a bunch of yellow bananas slowly rotating against black background
images/000384093.jpg,monkey eating banana on the ground
images/002015056.jpg,a boy standing in front of an open refrigerator eating a piece of fruit he is holding a banana and a pear
images/001079681.jpg,fans with a flag and inflatable banana
images/000552539.jpg,pop artist putting his entire mouth around a banana .
images/000935472.jpg,"food market , in the city centre , bananas on sale"
images/000424624.jpg,the banana with a flower .
images/000459124.jpg,close - up of a mid adult man carrying a bunch of bananas on his head
images/000451421.jpg,gluten - free pear & banana loaf a dash of compassion
images/000214436.jpg,butterfly cover banana leaf on the natural background
images/002069557.jpg,a man displays bananas growing on his farm
images/002359322.jpg,wrap the top of your bananas with plastic wrap and they 'll last longer .
images/002114387.jpg,a bunch of ripe yellow bananas on a white backlit background
images/002164208.jpg,bunch of slightly under ripe bananas on a dark wooden table
images/003175315.jpg,single over ripe rotting banana isolated on white background .
images/000536225.jpg,feed the elephant a banana as they visit zoo .
images/000974134.jpg,"every morning started with oatmeal and a banana -- topped with a sugar in the packet , which i scavenged from various places ."
images/003213815.jpg,local bananas and papaya fruits on a market stall
images/002087341.jpg,hand drown vector of yellow bananas on a colored background .
images/001855346.jpg,wave with bananas on a white background .
images/003180925.jpg,two single and bunches of fresh banana with leaf .
images/002527243.jpg,woman holding a half peeled banana in her hand
images/002422337.jpg,an old woman with a glasses eating a banana
images/001749874.jpg,"the bananas are washed , labelled and boxed ready to be shipped"
images/000450685.jpg,"measuring tape wrapped around a banana , isolated on a white background"
images/000041522.jpg,workers process freshly harvested bananas
images/002750989.jpg,our favorite banana bread : freezes well ; thaw a few slices a time for snacking .
images/001140953.jpg,feed the elephant a banana as they visit zoo .
images/002868475.jpg,"a farm with banana , pineapple , and squash plants growing in a field"
images/000340071.jpg,isolated group of bananas on a white background
images/000056892.jpg,food served on a banana leaf .
images/000220567.jpg,dozens of bananas are stacked at a market
images/000763965.jpg,this banana looks like my mom 's dog
images/001009190.jpg,some bananas bought from the market on the way to blogger
images/001080062.jpg,extremely rare : this is a double banana which has turned up in a family 's weekly shop
images/001406303.jpg,"found this little lady in a parking lot , banana for scale"
images/002596935.jpg,a woman and young child selling bananas
images/000947225.jpg,man with a bunch of bananas
images/000996053.jpg,cute baby monkey with bananas stand on a white background
images/002420373.jpg,"you 've never really seen banana bread quite like this double chocolate vegan one , and it may be hard to go back to the classic once you do !"
images/000247296.jpg,a banana unlike any other .
images/001335825.jpg,banana bread crumb muffins l !
images/003239845.jpg,iguanas in the sand eating a banana .
images/000406625.jpg,meal served on a banana leaf
images/000755216.jpg,banana leaf in the rain
images/003139795.jpg,bananas hanging for sale at the supermarket
images/002643384.jpg,"fans , with their trademark inflatable bananas , on the terraces during a match"
images/002765628.jpg,whole room covered with bananas
images/002641918.jpg,bananas and other fruit for sale on a market stall
images/000674337.jpg,close up of bunches of bananas at different stages of ripening on a wooden surface
images/001754782.jpg,fried meat and fried chicken and fried pork put on the banana leaf for sale at street local market
images/002628587.jpg,are carrying a large bunch of bananas on her head
images/000633462.jpg,a man selling bananas in a market
images/000890861.jpg,bananas arranged in a sculpture - like form
images/000013880.jpg,cheerful baby is eating a banana .
images/001271281.jpg,a delivery man carries a very large bunch of yellow bananas on his shoulder while unloading the produce from his
images/001275377.jpg,traditional meal on a banana leaf
images/000985374.jpg,human language with a traditional basket fully loaded with bananas
images/002805929.jpg,that sounds bananas to me
images/001695123.jpg,cute monkey lazily lying on a branch and holds the tail of bananas
images/002703162.jpg,banana plantation on the coast
images/001946933.jpg,ants attack cicada shadow on banana leaf in the tropical sun
images/001207753.jpg,lady points down the road next to banana plantation
images/002557619.jpg,a ripe bunch of bananas is ready to be peeled and eaten
images/001097084.jpg,"kiwi fruit , ripe banana , sour lemon , a bunch of grapes ."
images/003225822.jpg,a woman sells cooking banana along a road
images/002493951.jpg,pattern with tropical palm leaves and bananas .
images/000421197.jpg,huge banana besides a slightly smaller banana for scale
images/001199110.jpg,my so - calledbanana pancakes at breakfast
images/001004471.jpg,monkey sits on the stone and eats banana
images/000124208.jpg,banana chilling on the beach
images/001901412.jpg,isolated happy banana on a white background
images/001380524.jpg,"banana tree on the backyard , big and green banana"
images/000839505.jpg,bananas on sale in a market
images/002358287.jpg,cute baby monkey on a tree holding banana
images/002789075.jpg,hand of bananas with a juice
images/001034771.jpg,a woman wanted to see what will happen if she eats nothing but bananas .
images/001145807.jpg,banana seamless pattern with polka dots on a gray background
images/002657621.jpg,a single banana against a white background
images/000479078.jpg,banana plantation on formerly rain forest covered area
images/002282597.jpg,women selling bananas in the market
images/002063424.jpg,tourists feed elephants with bananas during a tour
images/000264184.jpg,bananas and banana flower still attached to the tree
images/000225508.jpg,banana and fruit on display at a rural stall
images/001705799.jpg,bananas in his hand on a wall background
images/001648233.jpg,a spoon of yogurt with banana
images/002695853.jpg,juices of orange and banana .
images/001588856.jpg,dolphin made from a banana
images/000330265.jpg,banana seamless pattern on the white background .
images/001150108.jpg,a very small dog - banana for scale and pillow
images/003236179.jpg,vector illustration of a smiling girl giving peeled banana to monkey
images/001888450.jpg,black and white portrait of a crowd catching and throwing bananas during festival
images/000824280.jpg,cute banana with peel and slices .
images/002734577.jpg,a fan threw a banana at football player with the international forced to kick it off the pitch .
images/002340437.jpg,a woman inspects bananas at a fruit stand in an urban market
images/002505818.jpg,a fan threw a banana at football player with the international forced to kick it off the pitch .
images/001539076.jpg,a frozen treat with ingredients -- bananas and almond milk !
images/000340415.jpg,feed the elephant a banana as they visit zoo .
images/000271502.jpg,funny sleeping bananas on a plate stock vector
images/000515502.jpg,banana bread with a secret ingredient - shredded coconut !
images/001275629.jpg,"still life with banana , purse and change from the series"
images/000716286.jpg,"bananas - all of these are ripe , all were eaten by the next day"
images/001994200.jpg,yellow bananas on an orange background seamless pattern .
images/002737447.jpg,cute and funky bananas seamless pattern on the dark background .
images/002225450.jpg,"aerial view of plantations of wheat , sugar cane , corn and banana in the countryside"
images/000933401.jpg,sliding to fresh banana in the kitchen ready to be eat .
images/000590786.jpg,a banana plantation grows in the rich volcanic soils beside a lake
images/000839891.jpg,a young woman carries a load of bananas out of the forest to the market in her village
images/002777111.jpg,the chimpanzees of use sticks to fish for bananas on a clothesline and apples in the water
images/002798304.jpg,"stock image of yellow bananas on a white background , isolated ."
images/000436229.jpg,banana turning on itself on a white background
images/000525057.jpg,three of ripe bananas isolated on a white background
images/002767686.jpg,yellow bananas seamless pattern on the blue background
images/002590624.jpg,cartoon illustration of a happy banana
images/002108123.jpg,the player also had a banana thrown at him by a woman during a showdown in august last year
images/002773211.jpg,a cute young monkey with bananas .
images/001778561.jpg,hands of small bananas for sale in a rural market
images/001028250.jpg,cartoon illustration of a banana -- stock vector #
images/000497272.jpg,banana in a condom isolated on white stock photo
images/002566344.jpg,girl holds banana as a phone
images/002258085.jpg,bananas in macro on a white background
images/000056015.jpg,sliced banana on the white background vertical royalty - free
images/000431415.jpg,young businessman is holding a banana and stays at panoramic window .
images/001578766.jpg,vector seamless pattern with hand drawn bananas on a white background .
images/000275273.jpg,"weird man eating a banana , isolated on white"
images/003139964.jpg,"green bananas , sliced lemon and apple falling into the water on the black background ."
images/001474333.jpg,"a sweet pull - apart bread filled with caramelized bananas and drizzled with more caramel is the breakfast , brunch and dessert of your dreams , all rolled into one ."
images/001682762.jpg,a snowman with a banana for a mouth in the garden after the first snowfall
images/002964439.jpg,an animal on a banana leaf
images/002122020.jpg,sliding to fresh banana in the kitchen ready to be eat .
images/001349416.jpg,bunch or hand of bananas isolated on a white studio background
images/002989951.jpg,man talking with a banana
images/000042045.jpg,chalk drawn illustration of banana and strawberry smoothie in a bottle with ingredients .
images/000885541.jpg,seamless texture of the outlines of bananas
images/001569803.jpg,are carrying a large bunch of bananas on her head
images/003150926.jpg,type of dish with bananas : butter with a side of bread
images/001837829.jpg,an old woman with a glasses eating a banana
images/000612545.jpg,new versus old : facing bananas
images/002917728.jpg,colored bananas on a white background
images/002125301.jpg,hand sticking a fork on a ripe banana
images/003103266.jpg,a banana plantation grows adjacent to dense tropical rainforest
images/001064325.jpg,white banana leaves diagonal pattern on a dark blue background
images/002427886.jpg,banana and apple cartoons dancing as a couple .
images/000883401.jpg,a banana tree is situated in front of a building .
images/002255181.jpg,"group of fruits like an apple , bananas , orange and pear with happy faces"
images/002630409.jpg,"tomatoes , mushroom and banana arranged in a happy face on a plate"
images/000977388.jpg,over ripe banana cut out on a white background
images/002326895.jpg,deep fried bananas foster cheesecake on a stick : food
images/003025529.jpg,hand of a man holding banana
images/001797850.jpg,a banana tree with coconut trees in the background
images/001329868.jpg,raw banana rotating on the white table with white seamless background
images/002738330.jpg,monkey with banana hanging on a branch .
images/001417598.jpg,bananas arranged on a wooden table
images/000778687.jpg,bananas hanging from a banana tree
images/002796380.jpg,spicy curry and rice meal on a banana leaf
images/001061898.jpg,a lot of small bananas on the tree
images/002696127.jpg,eating bananas is a great way to promote healthy bones in both children and adults .
images/000147155.jpg,food : hanging bananas on a red wooden door
images/000936534.jpg,lace this classic banana and toffee pie with a little dark rum .
images/001459976.jpg,ripe banana slices on a cutting board with knife
images/000063055.jpg,a lot of small bananas on the tree
images/001550813.jpg,a dish of pancake at banana leaf .
images/001932523.jpg,painting of a banana tree
images/002710342.jpg,painting of a banana tree
images/00014144.jpg,ripe bananas painted in the form of a heart on a white background
images/003216662.jpg,cut lime on a banana leaf
images/001216784.jpg,seamless pattern of bananas border on a white background
images/000947060.jpg,close - up view of a single fresh yellow organic ripe banana isolated on white background .
images/000152911.jpg,seamless pattern with image of a banana leaves .
images/000983319.jpg,vector seamless pattern of ripe fresh yellow peeled bananas on a blue background
images/002035978.jpg,a monkey eating a banana
images/002265711.jpg,a stalk or bunch of bananas
images/001232911.jpg,bananas in a crate on rustic wood table
images/000830931.jpg,hand of a man holding banana
images/002894800.jpg,biological species eating a banana leaf left by a hiker
images/002609536.jpg,"far from home : person poses above with a banana tree , which grows huge leaves every year , and sometimes even fruit - though it can not grow to ripeness in the climate"
images/002050510.jpg,"a banana , an apple , strawberries , raspberries and blackberries on a white plate"
images/001908508.jpg,sushi rolls with smoked eel and banana on a wooden board
images/000148527.jpg,"steel cut oats cook overnight with bananas , walnuts and spices to create a healthy , make - ahead breakfast that will be waiting for you in the morning ."
images/001397833.jpg,bananas are transported by ship and train in the 1950s .
images/003192007.jpg,washing weighing and packing to get the bananas ready for shipping
images/000566130.jpg,"pancakes with banana and honey on a white background , top view"
images/002131771.jpg,yellow ripe bananas on colored backgrounds with a long shadow .
images/003193692.jpg,pancakes with banana and honey on a white background
images/001618985.jpg,lentils in a wooden bowl on a banana leaf
images/000160316.jpg,a green banana hanging on a banana tree
images/000536540.jpg,deep fried bananas foster cheesecake on a stick : food
images/003071263.jpg,toddler girl on a bench holding a banana and making funny face .
images/000618825.jpg,"banana frosty smoothie or milkshake , tilted right , with straw in a plastic cup ."
images/001327979.jpg,"these cookies are soft , full of chocolate and have a hint of banana to them ."
images/001176349.jpg,banana tree leaves in the jungle over a blue sky
images/000512155.jpg,bananas of different stages of ripening on a wooden surface .
images/000557768.jpg,banana bread crumb muffins l !
images/001230148.jpg,a banana changing over time
images/001910063.jpg,a bunch of bananas still growing
images/003259854.jpg,orangutan using a banana leaf for shelter
images/002820325.jpg,dolphin made from a banana
images/001994970.jpg,icon of a banana on a white background
images/000945163.jpg,illustration of a banana rendered in a geometric style
images/001854362.jpg,card with fresh bananas and pineapple on a striped background in a rounded rectangle .
images/001039097.jpg,leaf of a tropical tree of the banana isolated on a white background .
images/002018999.jpg,diving along a reef of a tropical underwater world while feeding colourful fish with a banana
images/002058102.jpg,bananas should not be kept in the fridge !
images/002839192.jpg,vector seamless pattern with hand drawn bananas on a light green background .
images/001826625.jpg,yellow banana on a blue background .
images/002676803.jpg,"red , yellow and green bananas hanging for sale at a market"
images/003122111.jpg,tv genre for a healthy pregnancy : bananas
images/000196479.jpg,have you ever found yourself stuck with extra bananas ? the first recipe that usually comes to mind is banana bread .
images/000547808.jpg,bananas in all sizes and colors
images/002493901.jpg,bunch or hand of bananas isolated on a white studio background
images/000675952.jpg,little girl petting a dog and feed them with bananas .
images/000090864.jpg,ae - hem girls or boys banana print shirt - pink - i need this for holiday
images/002030440.jpg,people weighing bananas one after another .
images/002434008.jpg,drawing of a bunch of bananas with speech bubble
images/001867416.jpg,brand - the softest banana bread you 've ever had swirled with thick ribbons of brand .
images/000125867.jpg,pretty woman buys bananas in a supermarket
images/001156592.jpg,monkeys eating bananas along the fence
images/002235119.jpg,biological species on a banana leaf
images/002832910.jpg,women carrying bananas to a wharf for shipping to market 1800s
images/000899400.jpg,bananas on a rustic table
images/002642932.jpg,bunch of bananas hanging from a banana tree
images/002567908.jpg,yellow ripe banana on a turquoise background .
images/002097135.jpg,fresh purple smoothie in a glass bottle made from bananas and blueberries .
images/001074650.jpg,a chimpanzee eating a banana thrown by travellers . #
images/001083056.jpg,a fish in a banana
images/002823585.jpg,bunch of bananas on a banana plantation
images/002076844.jpg,pink bananas on a pink background .
images/000778755.jpg,ripe banana very similar to people on a white background .
images/003002417.jpg,a vector illustration of bunch of bananas
images/000445865.jpg,tropical agricultural land and banana plantation with large palm trees towering against the blue sky
images/003037009.jpg,your baby is now the size of a banana .
images/000890954.jpg,bananas growing on a tree
images/002517988.jpg,pattern of ripe bananas on a purple background
images/001714535.jpg,bananas on the fresh department of a supermarket
images/001223329.jpg,banana turning on itself on a white background
images/002547853.jpg,bananas in super slow motion receiving raindrops against a black background
images/001802564.jpg,close - up of spices on a banana leaf
images/001130453.jpg,the monkey eats a banana .
images/002068683.jpg,portrait of happy girl holding a banana .
images/001204834.jpg,sweet bananas on the yellow background
images/002057335.jpg,showing this to my mom next time she makes fun of mydead bananas - they 're better with brown spots !
images/000678694.jpg,"green bananas , sliced lemon and apple falling into the water on the black background ."
images/002104861.jpg,brand - the softest banana bread you 've ever had swirled with thick ribbons of brand .
images/001833772.jpg,bananas and tangerines on a plate
images/002233164.jpg,food and a bunch of bananas on a plate
images/000858178.jpg,women carrying bunches of cooking bananas to a local market
images/003130392.jpg,a bunch of bananas and market on palms background in fog
images/000083197.jpg,seamless vector pattern of yellow bananas on a white background .
images/000238099.jpg,biological species sitting on a banana leaf
images/002460967.jpg,pregnant woman sitting next to husband an eating banana -- stock photo #
images/002824510.jpg,a young man is holding a bunch of bananas
images/001907206.jpg,beautiful vector illustration with banana and milk splashes .
images/001345701.jpg,"a decadent dessert of sliced banana , caramel , cinnamon and vanilla ice cream ."
images/001668006.jpg,vector illustration of a banana .
images/001338532.jpg,cute baby monkey with banana hanging on the vine isolated on a white background
images/001738990.jpg,yellow ripe bananas on colored backgrounds with a long shadow .
images/000998530.jpg,vector illustration of wooden box with bananas .
images/002852208.jpg,a woman looks up at the bananas growing in her tree
images/001411689.jpg,"a crate of bananas , apples , pears and other fruit on a wooden background"
images/001751553.jpg,close - up of spices on a banana leaf
images/000923740.jpg,how to draw a bunch of bananas step by step .
images/001564225.jpg,man carrying a cardboard box labelled bananas in a street market .
images/002779349.jpg,breakfast of banana bread and scrambled eggs on a white plate
images/002639627.jpg,a spin on the classic - super moist banana bread studded with chocolate chips !
images/000983825.jpg,close - up of food with a bunch of organic bananas & organic braeburn apples
images/000407568.jpg,"bananas by person , fashion illustration for newspaper"
images/003071078.jpg,a banana which is showing brown spots and markings as it starts to over ripen
images/002128724.jpg,an overripe banana on a wooden table
images/002644267.jpg,"red and yellow bananas and other fruit and vegetables are traded , bought and sold at the colorful weekly market"
images/002306085.jpg,bananas for sale on a stall
images/000326603.jpg,tv genre for a healthy pregnancy : bananas
images/000842817.jpg,"ripe yellow banana drops into the water , slow motion shooting"
images/002870482.jpg,whisky instead of a banana
images/001589217.jpg,the woman in an apron in the kitchen cleans banana
images/002807958.jpg,banana tree with a bunch of bananas
images/002737497.jpg,fixing bananas on a bike
images/000389405.jpg,banana leaf in the rain
images/003294517.jpg,"first class meal on a-hr flight -- mini sandwich , banana and cocktail"
images/000742168.jpg,a man buying bananas from a vendor
images/003121499.jpg,banana on the white background
images/001886301.jpg,bananas on sale at a rural market
images/002770798.jpg,"weird man eating a banana , isolated on white"
images/000765581.jpg,buy a dozen bananas and get a spider for free !
images/001691960.jpg,close - up of a banana leaf
images/001224409.jpg,shot of tequila vs. a banana
images/001268214.jpg,banana and blueberry muffins - these are great to freeze for the lunch box
images/003161429.jpg,bananas cut out on a white background
images/001450457.jpg,joyful little girl rejoices to a banana
images/001798318.jpg,hand of a man with a banana
images/001470725.jpg,man slipped on a banana .
images/000329007.jpg,woman sells bananas in a local market
images/000639912.jpg,mayonnaise and bananas are the only things you 'll need to make this sandwich on classic white bread .
images/002966580.jpg,bananas being removed from a boat
images/001193744.jpg,man carrying a bunch of bananas on his shoulder during harvest on plantation
images/002017446.jpg,"sliced banana next to a bottle of fragrance , on a black background"
images/002086717.jpg,is that a banana in your pocket .
images/002766383.jpg,vector image of bananas on a transparent background .
images/003185373.jpg,traditional banana plantation at the foot
images/001845039.jpg,bat hanging on the tree eating banana
images/001161064.jpg,seamless vector pattern of yellow and green bananas on a white background .
images/002549099.jpg,make a bunch of fake bananas and slightly stale bread .
images/001221647.jpg,cat disguised as a banana
images/001533035.jpg,chalk drawn illustration of banana and strawberry smoothie in a bottle with ingredients .
images/002193207.jpg,bananas growing on a tree
images/001728262.jpg,seamless vector pattern of yellow bananas on a pink background .
images/000435542.jpg,"cocoa powder , chocolate chips , and plenty of mashed bananas make this quick bread to - die for !"
images/002113194.jpg,a lady with her moped overloaded with bananas for sale
images/002475169.jpg,seamless vector pattern with yellow banana on the turquoise background
images/000739293.jpg,a caucasian woman with banana and a smile on her face
images/002805616.jpg,over ripe banana cut out on a white background
images/000714176.jpg,vector seamless pattern with hand drawn bananas on a blue background .
images/000172659.jpg,an overripe banana on a wooden table
images/001569456.jpg,monkey eating banana on the ground
images/002479275.jpg,illustration of the floating bananas
images/001894948.jpg,brown monkey on palm tree eating a banana
images/002272704.jpg,a rotten banana on a white background .
images/001742622.jpg,a bunch of bananas and mango isolated on white
images/000370962.jpg,banana plantation this forest like plantation of densely planted bananas is
images/001225260.jpg,ripe bananas set isolated on a white background
images/001173164.jpg,bananas being removed from a boat
images/002370177.jpg,isolated banana on a white background
images/001948531.jpg,boy holding a large banana next to bowl of fruit
images/000138982.jpg,a man rides a bicycle past a truck carrying a load of bananas
images/001502885.jpg,a close up of butterflies feeding on oranges and bananas
images/001651223.jpg,flowers and incense sticks wrapped in banana leaf on a red tray for temple offering province
images/000573757.jpg,lace this classic banana and toffee pie with a little dark rum .
images/002335154.jpg,person spotted bananas that are just right for baking isolated on white
images/000702881.jpg,man breaks a branch of bananas
images/001383966.jpg,measuring ripe yellow bananas with a tailor 's tape measure .
images/000886754.jpg,a bunch of bananas on a white background
images/000664208.jpg,make a bunch of fake bananas and slightly stale bread .
images/002630281.jpg,smile quotes friday long week weekend almost here humor : smile like a monkey with a new banana .
images/000854483.jpg,a funny monkey with a whole lot of bananas .
images/001312944.jpg,skiers having a snack eating a banana and drinking from a water bottle on slopes .
images/003290563.jpg,hand drown vector pattern of yellow bananas on a colored background .
images/002049761.jpg,banana leaves down the center -- stage
images/002918375.jpg,"some call it plantain , we call ityellow banana !"
images/000177403.jpg,a hand of bananas hanging on a metal banana tree viewed from above
images/002845752.jpg,make ice cream with ingredient : a frozen banana !
images/001656793.jpg,on my first tour i was amazed to see bananas grow upside down !
images/000298636.jpg,"i have to agree that this is the best banana bread i 've ever made , which is why i was so diligent about getting it right ."
images/001214429.jpg,heavy rain falling on a banana tree
images/002087465.jpg,the spoiled banana on a white background
images/002278985.jpg,a lot of monkeys eat bananas in venture funded company
images/000795421.jpg,banana plantation in the wet tropics
images/003062310.jpg,"this banana and blueberry loaf may look deceptively decadent , but it 's packed with fruit and reasonably low on sugar ."
images/001509909.jpg,seamless vector pattern of banana and watermelon pieces on a black background .
images/000480704.jpg,"the boy who became a test player : grew up on his parents , person and banana farm"
images/002162810.jpg,this is bananas by person
images/001918002.jpg,little girl eating a banana on the background of the christmas tree
images/000019667.jpg,bananas and watermelons at a fruit market
images/000179244.jpg,a bunch of fresh bananas
images/002974886.jpg,pattern graphic yellow bananas on a light background .
images/000929859.jpg,three - toed sloth in a banana tree
images/002966414.jpg,bananas on a wooden table
images/001528891.jpg,a woman transfers bananas and other produce from boat
images/002505912.jpg,bananas in a rustic basket
images/001250390.jpg,banana with shadow on a white background .
images/001777504.jpg,isolated happy banana on a white background
images/001493093.jpg,big bunch of bananas on sale in the market
images/002656028.jpg,a banana tree seen from below .
images/000477399.jpg,exotic pattern with tropical leaves banana on a black background
images/000006918.jpg,woman sells bananas in a local market
images/000759360.jpg,highway passed between banana plantation
images/003281340.jpg,bananas hanging on a wall .
images/000478379.jpg,"his farm now has a total of trees , including mango , banana , papaya and a wide number of herbs ."
images/001332398.jpg,"red , yellow and green bananas hanging for sale at a market"
images/000838109.jpg,labourers packing fresh bananas into wooden boxes for delivery to markets at the fruit market .
images/001924949.jpg,a man selling bananas on the street from his cart
images/000363792.jpg,a banana plantation grows adjacent to dense tropical rainforest
images/000246897.jpg,vitamins fly out of the peeled banana
images/000602893.jpg,"a few yellow old bananas , on wooden background"
images/000558580.jpg,sliced banana in peel on a white background
images/001893901.jpg,we found the smallest banana in the world
images/002457233.jpg,banana bread crumb muffins l !
images/001327260.jpg,was amazed by this huge banana leaf
images/002150462.jpg,bunch of organic bananas isolated on a white studio background
images/002396412.jpg,vector seamless pattern with banana on a white background .
images/000691749.jpg,hanging soft plush toy in the form of ripe peeled banana isolated on white background .
images/001577748.jpg,wide angle shot of the banana plantation
images/003076673.jpg,yellow banana on a black background .
images/002240958.jpg,open banana turning on itself on a white background
images/001516582.jpg,cartoon illustration of a happy banana
images/000379693.jpg,bananas in a female hand
images/002716983.jpg,noble person feeds a banana to an elephant in april .
images/000994510.jpg,an elderly gardener in a clients garden tending bananas .
images/001807712.jpg,man carrying a bunch of bananas on his shoulder during harvest on plantation
images/001020948.jpg,dish gets even better with the addition of beverage and brown sugar caramelized bananas !
images/000998010.jpg,bananas in a rustic basket
images/002545260.jpg,"steel cut oats cook overnight with bananas , walnuts and spices to create a healthy , make - ahead breakfast that will be waiting for you in the morning ."
images/000329238.jpg,have you ever thought about making banana bread in your microwave ? now you can with this recipe .
images/001792806.jpg,are carrying a large bunch of bananas on her head
images/000129349.jpg,if you have a couple of overripe bananas then whip these muffins up for breakfast .
images/003033797.jpg,portrait of boy holding a banana
images/001336021.jpg,illustration of a monkey holding bananas
images/001460048.jpg,ae - hem girls or boys banana print shirt - pink - i need this for holiday
images/001301835.jpg,little monkey holding a banana isolated on white
images/002230596.jpg,close - up of a banana leaf
images/001317986.jpg,"steel cut oats cook overnight with bananas , walnuts and spices to create a healthy , make - ahead breakfast that will be waiting for you in the morning ."
images/000885167.jpg,juices of orange and banana .
images/000940315.jpg,"a bowl of fruit in a house , with oranges , pears , apples , bananas adn old black banana"
images/000432544.jpg,"bunch of ripe bananas hanging from a long stem with purple flower , isolated on white background ."
images/001369492.jpg,a bunch of bananas on display at a market stall
images/002282070.jpg,man selecting bananas at a roadside fruit stall .
images/003237982.jpg,bunch of ripe speckled bananas isolated against a black background
images/003302454.jpg,if you have a couple of overripe bananas then whip these muffins up for breakfast .
images/00008386.jpg,yellow banana in front of a white studio background
images/000266416.jpg,sliced banana with peel on a white background -- stock photo #
images/000630943.jpg,isolated sketch of a banana
images/001072008.jpg,"peanut butter and jelly sandwich , with dancing banana , and a glass of milk"
images/001916106.jpg,pineapple - banana - orange smoothie with a side of strawberries
images/001065283.jpg,isolated bananas on a white background
images/000538114.jpg,"on weekdays , i usually have milk , cereal and banana with a mug of tea or coffee for my breakfast ."
images/001492565.jpg,banana with shadow on a white background .
images/002521394.jpg,person was impressed with this banana tree along the way .
images/002922635.jpg,juices of orange and banana .
images/002742646.jpg,add a seasonal twist to low fat banana bread by adding pumpkin to the mix
images/001138829.jpg,new versus old : facing bananas
images/001846202.jpg,funny bananas at a birthday party !
images/000051426.jpg,bananas isolated on white background .
images/000743241.jpg,highway passed between banana plantation
images/002984646.jpg,isolated group of bananas on a white background
images/001070401.jpg,are your bananas always turning brown before you have a chance to eat them ? this simple hack will keep your bananas fresh longer .
images/001422542.jpg,watercolor seamless pattern with fresh bananas and tropical leaves .
images/001140547.jpg,members of a pose near their banana plantation
images/002406852.jpg,young businessman is holding a banana and stays at panoramic window .
images/002384965.jpg,seamless vector pattern of yellow bananas on a pink background .
images/000067712.jpg,illustration of some bananas on white background - isolated object
images/003304911.jpg,"a banana has milligrams of potassium , which is beneficial for blood pressure"
images/000160868.jpg,the first harvest of bananas .
images/002429507.jpg,card with fresh pale bananas and pineapple in a striped pale circle .
images/001356101.jpg,bananas on sale in a market
images/001645960.jpg,banana isolated on the white background .
images/003173599.jpg,"i 've got a lovely bunch of coconuts , and a really big banana ."
