,image,caption
286204,images/002229104.jpg,actor receives the awards during festival .
307843,images/000310777.jpg,a rough wedge of silvery metal
59551,images/002860578.jpg,ice hockey left winger collides with award winner after racing to a loose puck .
418522,images/002317462.jpg,squirrel laying down on tree branch with a nut as he shells it and eats it .
418391,images/002375249.jpg,how to make a bracelet out of a baseball !
167953,images/001106332.jpg,"seamless winter pattern with cones , red and orange berries , spruce and pine branches on a white background ."
398829,images/002563418.jpg,plastic particles found in drinking water across the world
273054,images/002128411.jpg,the scales of the grey reptile .
393731,images/000030866.jpg,"multiple male caucasian hand gestures isolated over the white background , set of multiple images"
351531,images/000121045.jpg,person is seen in action during the match .
475865,images/001855225.jpg,three of the dark paintings dark paintings
212713,images/002943147.jpg,fashions of the 60s s fashion for men
71790,images/002755907.jpg,dj playing and mixing music in a night club
34412,images/000886379.jpg,"happy woman running on the beach , slow motion"
275861,images/000719971.jpg,vertical panorama of pine trees under the snow in winter forest
29804,images/000218873.jpg,things to know about invention
443070,images/002318919.jpg,pedestrians walk along the wharf
276308,images/000289421.jpg,paying their respects : tv soap opera took time to lay a wreath in honour of the war - dead in a solemn ceremony before greeting the crowds
285425,images/000342192.jpg,wild medicinal plants in the region .
333842,images/002711198.jpg,happy young man and woman in a car looking out the window
463778,images/002382455.jpg,"white fluffy clouds on the blue sky , time lapse clip"
385595,images/000590340.jpg,hammer on a white background
77861,images/002937973.jpg,shots of the desert and the sun
10333,images/000105361.jpg,"yellow , grey and white bathroom ."
37053,images/002161102.jpg,"inside , the building is strewn with empty ice"
61076,images/001602901.jpg,the wolf walked out from behind a tree .
497223,images/003024364.jpg,comedian arrives at the premiere of crime fiction film
138929,images/000777219.jpg,actor shoots a commercial with a dog
428696,images/000161061.jpg,a crow has joined the gang in the big tree .
368547,images/000681804.jpg,customized cabinetry conceals most of the appliances in the open kitchen .
4447,images/000486782.jpg,athlete confers with his crew before a race
467408,images/002840664.jpg,a group of mallard ducks around a small pond
465921,images/001775526.jpg,"according to legend , guests were once guided back to their rooms using coloured confetti because the property was so large"
261638,images/001893060.jpg,walnuts with nutcracker in a basket on the table
169827,images/003141128.jpg,the city square at china
260433,images/002467466.jpg,set of art period on a white background .
439158,images/002317624.jpg,portrait of an amazing woman in white blouse and wide black pants posing with pine trees on the background
188827,images/002428420.jpg,"the main office building of organisation , located ."
392848,images/000373694.jpg,vintage trophies can be expensive .
24589,images/001690775.jpg,a boulder sits by a road running through gum trees
334603,images/003148466.jpg,picture how to introduce baby to a bottle
209211,images/003176389.jpg,river flows in the forest in spring
87370,images/001603011.jpg,book of recipes and ingredients for cookies on a wooden table horizontal
142427,images/002381661.jpg,crowds pay respect during the tribute
209057,images/000193143.jpg,cover of the magazine rave with rhythm and blues artist
118369,images/001630659.jpg,enter a world of virtual reality with an all - new attraction at accommodation
292723,images/000732201.jpg,industry - love them as a backdrop to the chandelier !
68222,images/001339177.jpg,men are pictured looking into a shop window containing lurid books and magazines
46404,images/001390766.jpg,empty bird nest on a white background
397923,images/000807936.jpg,football player all smiles with fan in new kit
59015,images/001325769.jpg,love the idea of a bench on side and actual chairs on the other
143033,images/001381413.jpg,person is all smiles on wednesday night .
438739,images/002728489.jpg,a general view of the headquarters
58409,images/001112694.jpg,silver * this is an affiliate link .
114575,images/000245009.jpg,actor attends the season premiere
101470,images/001115764.jpg,i love yellow on the dance floor
357519,images/001046007.jpg,engineer 's finger marks areas on the map - close up
182055,images/002903735.jpg,the monkey with the numbers .
236619,images/000002892.jpg,"granite rocks and bracken , looking towards mountain on a stormy and misty summer evening ."
112614,images/001185496.jpg,engagement photos in the fall near the boathouse .
323856,images/000449659.jpg,first lady has been a divisive figure .
202231,images/000946270.jpg,illustration of a funny surprised dog with eyes wide open and tongue hanging out of mouth .
454516,images/001608592.jpg,"a time lapse of lighthouse , a popular tourist destination at the top"
178088,images/002431970.jpg,baseball player # waits for a pitch during a friendly match .
112026,images/001456284.jpg,a detail of a black slinky dress
432541,images/001256178.jpg,rapids of water creating bubbles on the river
75519,images/002815558.jpg,actor and film director attend after party .
77750,images/001133644.jpg,hand drawn dream catcher with feathers .
196498,images/000589051.jpg,cars parked in the basement of a building
426151,images/001968609.jpg,young cheetah on the bonnet or hood of a vehicle
369677,images/002500972.jpg,"abstract pattern under the microscope , drawn by hand ."
300529,images/001080493.jpg,1950s : corn grows in a field .
380880,images/000697907.jpg,"model and son of musical artist , is photographed for the times ."
58381,images/001906196.jpg,skating man thin line icon for web and mobile minimalistic flat design .
405272,images/003010907.jpg,football player gives instructions during the match .
457685,images/001010410.jpg,back to business : model was seen walking the streets last month after returning from a luxurious honeymoon
161211,images/003024793.jpg,who can even resist that smile !
46865,images/002488177.jpg,low tide on the coast
446618,images/000333139.jpg,try something new with your hair and makeup style .
204587,images/002395412.jpg,music director sits with a score in his office chair .
419658,images/002522494.jpg,young latin professional woman with glasses in the city .
127894,images/002741212.jpg,pineapple can be grown in the greenhouse too .
319804,images/000968539.jpg,musician and country artist in a scene behind her is actor
242923,images/002009468.jpg,jazz fusion artist performs on stage
417493,images/001515190.jpg,tennis player on the green screen hit the ball in slow motion
319496,images/002612560.jpg,artist performs onstage during music festival .
87789,images/002728385.jpg,"a small boat anchored in the foreground , with a tiny island visible in the background"
222736,images/000422480.jpg,taxiing on the runway at airfield as part of an annual display
12625,images/002059253.jpg,diverse group of female basketball players holding a basketball
314863,images/001156936.jpg,miss and i in the kayak with noble rank .
424648,images/001717471.jpg,the team walk out into building function where they will play in the final
450421,images/001903935.jpg,actor attends the premiere of season held .
200057,images/000879510.jpg,champions had the fourth - highest revenue in football with € 321.4 million .
53599,images/002501467.jpg,view out of a window
287387,images/000690229.jpg,vector illustration of a banner for holiday .
114091,images/002877456.jpg,actor attends press conference during festival .
241033,images/00008072.jpg,actor and daughter spotted in a park .
441843,images/002142656.jpg,type of coffee around the world
441089,images/003210958.jpg,single maple tree in the autumn isolated on white
38851,images/001313295.jpg,a slowly rotating aerial snowing winter view of a typical residential neighborhood
11788,images/002054540.jpg,home made desk - this way i could have a desk that actually fits me and that i can comfortably write at instead of having to reach up so much
271471,images/000294917.jpg,looking east down the path .
471821,images/000803293.jpg,"letter logo in the triangle shape , font icon , design template elements for your application or company identity ."
382204,images/001632179.jpg,senior couple jogging in a forest .
495969,images/000479759.jpg,"it may only stretch for miles , but tourist attraction offers enough idyllic beauty and luxury for a standalone trip ."
402568,images/002452409.jpg,fall into a seasonal routine with your pet
186769,images/002877153.jpg,a woman walking through the ruins
147805,images/000230262.jpg,"little girls playing in a , code"
3044,images/001961980.jpg,"autumn - a favorite time of year ... vector illustration , icon ."
179566,images/002696601.jpg,details of an old ruined building and staircase
250429,images/002199659.jpg,a young man is talking a lot and he is waving with his arms around
140326,images/001602689.jpg,these girls are ready for person - on show !
116945,images/001498605.jpg,young woman practicing yoga on the beach at sunrise
189961,images/001576955.jpg,movie poster for the film starring actor .
156256,images/001666564.jpg,sympathetic cupid with a big heart
434216,images/001363751.jpg,"icon with shadow isolated on a white background , vector illustration for web design"
362445,images/000015540.jpg,"the pattern of easter eggs , made green outline on a light green background"
347674,images/002052716.jpg,clock on a palm tree
265763,images/002020006.jpg,night city skyline along river
146668,images/002947896.jpg,a canopy of colorful prayer flags flutter on a mountain .
279396,images/002667448.jpg,"a vibrant red and yellow flower against a pleasantly blurred green , floral and white background"
315667,images/002979200.jpg,"person , by painting artist , again reveals simultaneously the craft and technique during art period ."
151533,images/002235334.jpg,all want for christmas actors
264630,images/000276227.jpg,frosty autumn trees in the borders .
6597,images/003008959.jpg,"a sister , left , prays in the crowd gathered"
447990,images/001802392.jpg,people occupy an empty building to accommodate migrants and dozens of people without housing .
105833,images/000646753.jpg,a tree swallows up cars .
319454,images/000582064.jpg,man walking in a forest in the mist at sunrise -- stock photo #
140505,images/000467685.jpg,first attempt at a knot .
331658,images/002857383.jpg,aces and poker chips on a green felt
127198,images/000802282.jpg,black and white illustration of a star with an idea
483917,images/000572854.jpg,"kids running in the playground , slow motion"
451274,images/001008790.jpg,cityscape on an overcast day
397412,images/001291315.jpg,athlete drives his car during event
405161,images/002466928.jpg,recycled christmas trees awaiting collection by the local council
493510,images/001679237.jpg,what do you do if your body is different sizes at different places ? you blend between sizes on your sewing pattern !
178373,images/001262278.jpg,an original image of a steam locomotive train been shunted into position by staff and tourists
429597,images/000517034.jpg,"sad and alone little girl sitting on the pavement in front of the graveyard , crying and remembering someone she has lost - original hand drawn illustration"
435598,images/003029352.jpg,person at home in the reception room .
83167,images/002385611.jpg,tv character with an engine
364264,images/000013731.jpg,"simple , blue and white geometric patterned pillows and curtains in a coastal home"
117248,images/003157429.jpg,aerial zooming out ascending view of island and country across the strait .
475728,images/002334037.jpg,commuters walking to work during the summer
482762,images/002894934.jpg,a general view of atmosphere .
273037,images/002603494.jpg,boxer arrives at the premiere ofsports film .
260780,images/003228298.jpg,person is a national park .
361375,images/002399053.jpg,the cap presented to the duke celebrates
399476,images/001441424.jpg,war for the planet of the apes
295739,images/000916280.jpg,seniors play with a beach ball during the graduation ceremony on thursday .
148854,images/002838597.jpg,typing the word please with an old manual typewriter
376632,images/001035515.jpg,woman speaks in a megaphone
444203,images/002088341.jpg,pedestrians cross the busiest intersections
419734,images/001448956.jpg,billiards beginning of the game is broken pyramid of balls .
221720,images/000325185.jpg,illustration on stage in the spotlight .
46361,images/000231381.jpg,young man burns the american flag at demonstration .
221646,images/001083023.jpg,volcano a weak spot in the crust where molten material or magma comes to the surface .
270585,images/001367541.jpg,person hands out flowers to the dancers
92290,images/001905073.jpg,"finally got a meal from person , and it was this lackluster dish ."
324230,images/002899746.jpg,husband was the first person she told about the abuse
327562,images/002241279.jpg,3d football soccer ball containing the flag spinning on a white background
303889,images/002525822.jpg,barrels of bourbon aging in a warehouse
107645,images/001774357.jpg,just look at the crowd !
241738,images/000138037.jpg,portrait of a businessman smiling and successful photo
142810,images/000990073.jpg,fireworks flashing in the night sky
5969,images/001297130.jpg,make sure your new arrival feels welcome .
262277,images/000934495.jpg,property image # ocean - steps !
243114,images/002266046.jpg,as the sun goes down the views of mountains and sky are spectacular and hard to capture .
147530,images/000534886.jpg,young people sit at base of statue in the city
441278,images/002044200.jpg,a truck went pink to raise awareness and funds for our cause .
299161,images/000587615.jpg,stroll in style with a vintage baby carriage
422749,images/002991385.jpg,my favourite prince is film character - if i spelled that right - but person put him .
23526,images/003125356.jpg,this listing is for - inch cross stitch in a wooden hoop .
259170,images/002497139.jpg,wooden pier in the sea
188788,images/001016042.jpg,"and to cap week , we found our groove on the dance floor ."
319873,images/002147375.jpg,runners wait for the start .
407820,images/000929694.jpg,a bowl with a portion of noodles
359218,images/000061044.jpg,actor and wife los angeles premiere
497108,images/001036633.jpg,friends was the only tv show featured in the poll at number
174546,images/002473141.jpg,a messy braided ponytail perfect for weekend wandering .
475236,images/002236566.jpg,person was clad in a slick black suit and bow tie with a crisp white shirt
147599,images/002112052.jpg,"its periods of rotation and revolution are almost identical ; therefore , we have only seen % of surface ."
71786,images/001482394.jpg,chrysanthemums plant in bloom in a garden
264074,images/001452776.jpg,vintage graphic vector lotus ethnic elephant .
338530,images/001950364.jpg,fashion business makes extremely sophisticated belts .
390710,images/002573255.jpg,american football player during a game against sports team
158583,images/002602923.jpg,television show host attends the premiere
321745,images/000329294.jpg,"but before politician could begin , person did an extensive , yearlong renovation , keeping the original facade and building additions at the rear and side for a new kitchen"
14488,images/001872919.jpg,visual artist congratulates athlete after a completion monday night .
131547,images/000798766.jpg,a man directs people to sit in different queues on dry ground behind a barbed wire fence
458075,images/001868027.jpg,biological genus on a white .
89149,images/002950985.jpg,"a young couple kissing in the rain under jacket on a night out , s country"
157825,images/000774407.jpg,actor attends the premiere at theater
457826,images/000737897.jpg,a sharing starter of mixed seafood for a function
27716,images/000510092.jpg,american football players looks on during a football game circa american football player played for the 49ers from 198185
386839,images/003134000.jpg,charms the audience as she accepts award for her performance in romantic comedy film .
37414,images/001450686.jpg,"girl has tattoo of person , crosses it out , makes another ."
213563,images/003300360.jpg,a wedding with actor and person
495236,images/001959770.jpg,a muddy ocean wave near the mouth .
167336,images/003183258.jpg,a crowd of tourists is photographing the sunset from the top
96819,images/002255370.jpg,organisation performing in photo by person /
283966,images/002114278.jpg,football player celebrates scoring his side 's first goal of the game during the match
215649,images/002608162.jpg,v on the ball opposed by football player
359751,images/003015846.jpg,rear view of a man in pajamas scratching head
207337,images/002596188.jpg,hip hop artist performs on the main stage during the festival
406027,images/002073920.jpg,young women eat at a fast food restaurant in a shopping mall
167294,images/002971892.jpg,man speaking on telephone near the desk isolated on white .
83965,images/001731122.jpg,a model walks the runway at the summer fashion show during fashion week .
15673,images/001854515.jpg,"mathematician , as depicted in a statue ."
411610,images/001173698.jpg,looking up at the yellow foliage of birch trees against a brilliant blue sky in november
20802,images/001136982.jpg,vector illustration in a colourful background for happy navratri .
160253,images/002135206.jpg,a resident using binoculars to look the side of area
315858,images/002947978.jpg,flower and green leaves swing in the wind
394082,images/002709443.jpg,"years after fame , person is now a grandfather and he loves baby sitting"
184345,images/001330345.jpg,letter p from alphabet of balloons on a white background
130188,images/002793523.jpg,silhouette of happy family on a white background
136639,images/001446002.jpg,"tilt wide shot of the river , valley and snowy mountains"
150216,images/000362630.jpg,"young man reading a tablet in the dark , 4k"
446757,images/002301582.jpg,experience the sparkling white beauty of winter .
494555,images/002926423.jpg,birthday cake at 36th birthday party
56492,images/001986570.jpg,"politician , heir to the throne has been revealed as the buyer of building , an opulent mansion that features and underground nightclub ."
66197,images/000904879.jpg,"the vast array of food never seems to run out on a cruise ship , but how much does a ship really buy ?"
154252,images/000052723.jpg,girl and boy with umbrella in an autumn raining day background concept .
36899,images/003042640.jpg,circa directional road sign establishing shot towards the harbor and lighthouse point along main street
290739,images/002252721.jpg,"this exclusive screenshot shows elements , which are still a work in progress"
255254,images/000109901.jpg,film a scene at the movie set .
100347,images/000116467.jpg,hitting road on the way
282777,images/000328692.jpg,american football guard plays against sports team
325098,images/001051572.jpg,woman meditates in the morning on the seashore
378910,images/002753560.jpg,pop artist attends premiere during festival
423494,images/000591167.jpg,"illuminated houses at harbour in the evening , a city"
468069,images/001168751.jpg,on the lookout for one of these .
304950,images/003250600.jpg,a bald eagle swoops down for pieces of meat thrown from a tour boat
81967,images/001424450.jpg,greeting card featuring short story by person
361771,images/002930766.jpg,property image # welcome to the lake !
434289,images/003256084.jpg,house seen across the park
175702,images/001813684.jpg,"of cheese , snow and a mountain - a weekend"
28400,images/000643321.jpg,wave - like pattern on the beach sand
309820,images/003004507.jpg,ambulance attending an emergency call
147199,images/002151824.jpg,celebrity attends the premiere special screening
259630,images/000180493.jpg,patient expressing problems with a doctor
473866,images/002702471.jpg,garment features unique hand crafted leather women 's sandals that are embellished with jewelry
145326,images/001375065.jpg,the traffic was backed up as it waited for the sheep to pass over the narrow bridge .
37551,images/003077845.jpg,"engaged : the model 's long - term beau joined her on the front row , with the businessman looking stylish in double denim"
391402,images/000044682.jpg,biological species in the rain
11020,images/000116507.jpg,young woman on a laptop in a classroom smiling
153951,images/000388114.jpg,love the simplicity of the engagement ring .
161078,images/001810075.jpg,breakfast at the hotel with sea view
441640,images/003229795.jpg,"the old illustration , the man is engaged in karate"
388527,images/001530180.jpg,"post a picture of the largest animal in your city , state , or country see you on the front page"
67873,images/001302174.jpg,beverage type is passionate about all things coffee .
125313,images/001552165.jpg,clouds in shape of the letter o
404642,images/001215071.jpg,young woman waiting for a taxi
180343,images/002793872.jpg,what do you call this meringue - based dessert named after a ballet dancer ?
46617,images/001448892.jpg,a bowl made out of clothesline without wrapping it in fabric first .
404480,images/000329607.jpg,a cartoon illustration of a lion looking happy .
63798,images/000823705.jpg,christian artist on the red carpet at awards
460443,images/001435627.jpg,"a vector cartoon illustration of a brain wearing knee - length striped socks holding the bomb in its hands , the metaphor of patience"
144068,images/000794539.jpg,property image # cookies and drinks on the table
363369,images/000206725.jpg,actor during an interview with comedian
294465,images/002584928.jpg,equestrian is in demand with designers and ablaze on social media .
354517,images/002877706.jpg,the rock band performs a live concert .
10460,images/002909490.jpg,soccer player reacts in horror after shooting over the bar late in the game
436733,images/000947887.jpg,hard rock artist of heavy metal artist performs on stage during a sold out show at theatre .
237134,images/000308909.jpg,view to the east of narrow profile - exterior photo
38697,images/001436127.jpg,sign at the entrance of the dealership
438150,images/001074257.jpg,keeping trim : a new survey has revealed that half of men would dump a girlfriend if she gained weight - but per cent of women would do the same
336126,images/000551416.jpg,a man travels on a camel with a laptop .
77554,images/001629277.jpg,this would be a beautiful birthday cake for the princess !
36654,images/000383116.jpg,there is a map of country
437146,images/000742271.jpg,"like a tree you have to find your roots , and then you can bend in the wind"
427181,images/002090640.jpg,event has hit filming location for a festival of gloriously geeky entertainment
14558,images/002791029.jpg,"no snow today , but more on the way"
177614,images/002460337.jpg,actor at the premiere held
295565,images/002046393.jpg,biological species perched atop a rock
175384,images/002893417.jpg,celebrity gets a bicycle ride from person
206491,images/001711292.jpg,happy girl using a tablet lying on the bed at home
2312,images/001654591.jpg,you 'll be amazed how well your students will learn about symbols as they make their own copies of symbols .
22118,images/000307576.jpg,chairs and umbrellas at the beach
80627,images/003212449.jpg,first match is sold out
381383,images/000292714.jpg,shrubs with autumn yellow and red leaves in a pine forest .
334601,images/000119331.jpg,she 's got a lot of hair
29461,images/001066428.jpg,map shining on a purple poster isolated on violet background .
172642,images/002626635.jpg,"illustration for newspaper , to accompany an essay about a woman 's journey with her first home ."
40635,images/000198159.jpg,artist of artist performs on stage at festival
471384,images/002054744.jpg,organisation should fix their logo .
91332,images/002610230.jpg,city road against the background of a heavy snowfall
387982,images/002786081.jpg,illustration of a hand holding weighing scale scales of justice
241593,images/000340978.jpg,a border of white anemones
452291,images/000240455.jpg,"... this honeybee got down to business , really got into the work of getting nectar ."
385003,images/000041003.jpg,a cute baby is looking into the camera
245136,images/000267304.jpg,it 's in his kiss : the couple are pronounced man and wife
84634,images/000353375.jpg,aircraft model and hurricane in flight .
73846,images/001153466.jpg,visitors choose a car via a touch screen and a robotic system delivers it to the turntable for display .
81227,images/000891328.jpg,man - made rock formation near the entrance
199214,images/003081761.jpg,actor arrives at the premiere .
317243,images/003180712.jpg,digital art selected for the #
150879,images/001933408.jpg,seahorse swimming under the ocean illustration
410489,images/001243159.jpg,person is returning this season for the boys team .
313644,images/000331150.jpg,the sun rises above the clouds in the mountains
130055,images/000214429.jpg,person indicates the location of cameras within new emu .
242642,images/000897434.jpg,trees down - right on top of the trail
262655,images/001456011.jpg,learn the right way to wash your tennis shoes in the washing machine so they 'll look new .
43071,images/002230875.jpg,seamless pattern of colored bright snowflakes on a blue background
460494,images/003140800.jpg,hate that i 'm jealous of a piece of art work .
254057,images/001460786.jpg,the prime crew named for the second mission .
22451,images/000715090.jpg,there are several spots for a wedding just steps away .
298760,images/000695554.jpg,"but with little imagination you can get a room with a strong personality , of course if the space allows it ."
404996,images/003112876.jpg,gray white and yellow v - shaped nail art design .
7042,images/001317924.jpg,"loved up : actor and organisation founder , pictured at the party last friday , are engaged"
178263,images/003027006.jpg,large blue butterfly resting on a green leaf
24226,images/003184135.jpg,infantry on the eastern front
484774,images/002816967.jpg,"the dish is eggs , potatoes"
417474,images/000636280.jpg,person : she proudly showed off her toned abs and arms which she has sculpted with help of workouts
88089,images/000835553.jpg,"aerial photo of rivers and lakes , mountain in the highlands"
391269,images/001795968.jpg,a member holds the flag during the parade .
231932,images/001103825.jpg,automotive industry business is now a wholly owned subsidiary
310647,images/003035788.jpg,a well dressed business woman stands in a room to give a presentation .
246637,images/000691733.jpg,a row of onions in the soil of a garden
378877,images/003180483.jpg,illustration of an isolated red heart with the communist symbol
148502,images/000334891.jpg,along the shore of a city
326923,images/000502512.jpg,illustration of successful businessman in the air being throwing up by his colleague
295292,images/001071152.jpg,mountain biker jumping across rocks on the harbour wall
365537,images/002993673.jpg,soccer game of the local youth
156498,images/000582387.jpg,large outdoor kitchen on a deck at night .
134097,images/000661753.jpg,children sitting in old house in front of mural showing military commander and the flag
278769,images/001212725.jpg,a collage of paper lanterns .
462006,images/002044509.jpg,"illustration of an ancient wallpaper or cloth pattern , that can be used continuously"
129519,images/000541560.jpg,these are some of my favourite lines
244177,images/001600051.jpg,new to my store is jewelry stores business inspired table centerpiece .
129421,images/000467684.jpg,automobile make drops a handful of live shots with automobile model
433500,images/001626491.jpg,person performs during rehearsals for awards
347383,images/001239908.jpg,actor arrives for the premiere
325385,images/003111167.jpg,rock artist performs on stage
298115,images/003051919.jpg,"a city , the second city"
31367,images/002688584.jpg,"a lot of bright different pills and capsules , seamless pattern"
221073,images/001758153.jpg,small friendly but sad monkey locked in a cage
111072,images/000780435.jpg,a cartoon illustration of a glass of wine with an idea .
367336,images/002147144.jpg,# drives to the basket against sports team during the game .
47681,images/000144576.jpg,picture of young happy business couple using computer in office .
430322,images/001021424.jpg,herd of cows in a meadow
19364,images/000644055.jpg,an image of sunrise on a downtown city of buildings .
234743,images/001022673.jpg,version of the classic black suit
285070,images/001639054.jpg,unknown elderly woman chooses food products on a shelf
348233,images/000465286.jpg,"what about a rug made of this ? cream - brown log cabin , fat quarter , pure cotton fabric"
62168,images/000733914.jpg,illustration of a pirate ship on white illustration
123510,images/003073495.jpg,day of the dead cross stitch
324687,images/000322130.jpg,fallen trees and exposed roots due to erosion next to the river
305760,images/001142099.jpg,rugby ball and team on the pitch
274566,images/001097056.jpg,elevated city view with binoculars
176151,images/001944757.jpg,the jersey - with a free jersey valued at $160 for a limited time
440226,images/000770568.jpg,a young boy speeds down a narrow side street on his bicycle
102339,images/001149504.jpg,travel themed wedding with a 1950s twist by person
288101,images/000563892.jpg,cloudy with a chance of meatballs - meatloaf meatball spaghetti - image source : food in literature
319559,images/002977545.jpg,"a police officer stands near a car used by police , during the exhibition ."
485284,images/003292166.jpg,helicopter flying at sunset after tourist attraction .
474150,images/002996465.jpg,flowers during winter - top flowers that bloom during winter top inspired
205534,images/000753131.jpg,the aurora borealis is seen in the night sky overa city
490245,images/000909819.jpg,pot plants are pictured but which one has a large snake in it ?
433433,images/002356937.jpg,christmas ornaments on display at a festive market .
186103,images/001717369.jpg,glamorous bathroom created in the cellar of this town house
350813,images/001612716.jpg,round paper card on the background of beautiful flowers
393237,images/001433293.jpg,"colorful drink on the background of bottles in original shapes , cocktail drink with ice cubes , party night"
119236,images/003082980.jpg,fans show their support during the v
415028,images/000028343.jpg,"men standing near the world 's biggest bouquet of flowers , picture"
435216,images/002523673.jpg,attractive young man suffers from a headache .
168794,images/000367824.jpg,film director and actor arrive at premiere held during festival .
356261,images/002079943.jpg,"vector illustration set of beer glasses , as you can find in a bar , a pub or a restaurant"
152264,images/002476250.jpg,a barbecue grill on an exterior concrete patio on a sunny day in the summer .
289229,images/000358504.jpg,a model walks the runway at the fashion show during spring .
241894,images/001238678.jpg,lobster isolated on a white background
205741,images/003104020.jpg,i think this may be religious organisation .
75442,images/002022520.jpg,golfer squirts water to the camera during the third round .
239952,images/002168463.jpg,"detox your body , speed up your metabolism and regain your energy"
369358,images/001825416.jpg,close - up of a baby boy on the beach
339410,images/001913306.jpg,a market - oriented world focuses on increasing commercial consumption .
163987,images/001320612.jpg,vector illustration of a toy green tractor on a white background
401147,images/002523294.jpg,an elephant & octopus in one
301792,images/000768223.jpg,geological map of the region along with a representative cross section
85243,images/001512948.jpg,woman picking strawberry on a farm
133101,images/003113030.jpg,overlooking the water from a bridge infrared
475758,images/001714375.jpg,students working in the classroom
111110,images/001134704.jpg,illustration of a woman with allergy
439651,images/003200624.jpg,men preparing to hoist a sail on a small sailboat off the coast
446348,images/000169728.jpg,actor wore this sparkly lime green dress and shawl on the red carpet .
54848,images/000684636.jpg,formal living room of the house .
325605,images/000714600.jpg,walking down to the water after lunch
327838,images/002100093.jpg,black on black with a bright pump .
434366,images/000393778.jpg,nails with silver accent and chevron design on the toes
139334,images/002823005.jpg,fake fireplace inside our room
190784,images/001105485.jpg,dusk from the waters edge
115608,images/002359378.jpg,"people , of fame , are selling their house ."
73050,images/000525650.jpg,oil platform on the sea
464991,images/002944167.jpg,family with a tablet pc at home
397712,images/001212261.jpg,people ride motorbikes on street the last night of celebrations
353024,images/002329248.jpg,cricket player in action against country during sports association .
70908,images/003083157.jpg,actor attends the opening night .
327194,images/001299746.jpg,"polished in person is a lifestyle blog focusing on fashion , fitness , food and more !"
150027,images/000676786.jpg,cheers : a cute red bar fit for people sits in between the main living room and the dining room
138842,images/002507398.jpg,stunning : person looked lovely in a low - cut purple top and high - waisted black trousers
370208,images/000338181.jpg,flower arrangement in a temple
472350,images/001410675.jpg,woman dressed head - to - toe as a bumble bee for the race
173954,images/000863479.jpg,a smooth sea never made a skilled sailor .
377707,images/002658495.jpg,tattoo on the right calf .
254289,images/002968012.jpg,"water in a glass of ice cubes , lemon and fresh mint ."
204948,images/002655653.jpg,was this famous painting created while on drugs ?
161099,images/001939367.jpg,biological species is the largest terrestrial mammal .
164716,images/001401141.jpg,cute cake for kids party omg !
171340,images/000705995.jpg,whites & denim always a winner .
377595,images/001692494.jpg,"chipmunk eating chestnuts on a tree stump , isolated on white background"
130650,images/000095489.jpg,a glass of champagne on a black background
480187,images/00008705.jpg,a shadowed profile of a girl on a beach
433376,images/001728820.jpg,footballer controls the ball during match against constitutional republic
252303,images/00003060.jpg,north and continent at night .
212393,images/001825455.jpg,beautiful woman taking a bath in bathtub .
103795,images/001774620.jpg,sick little girl in bed .
153025,images/000771845.jpg,hire a photographer for a special event
221063,images/000206394.jpg,situation with the army of modern armored vehicles
157453,images/001588076.jpg,3d rendering of biological genus isolated on white background
29076,images/001415343.jpg,macro photograph of the stem and base of a wine glass with lights behind
330138,images/001908916.jpg,"take some time be grateful design for card , cups , t - shirt , vector illustration ."
166247,images/001712180.jpg,i want a picture like this at my wedding .
210034,images/002888649.jpg,puppy in a spring meadow
58594,images/000706525.jpg,people attend fashion show during fashion week
414816,images/001124311.jpg,"muscles of the forearm , labeled"
388814,images/001907511.jpg,this bedroom is equipped with a tv
94462,images/001720531.jpg,ornaments supporting the roof of a temple
310495,images/001060398.jpg,a rocky mountain river flowing noisy in summer afternoon time landscape .
112017,images/001451029.jpg,person speaks onstage at awards
437401,images/002316047.jpg,young woman practicing yoga at the beach in the morning
29105,images/002587132.jpg,most of parks were created in the 1970s .
125134,images/001945758.jpg,close up intimate wedding photograph of person slipping the wedding ring onto finger taken
405294,images/000328247.jpg,stylish young woman in glasses looks into the camera from the bottom up .
433360,images/000231000.jpg,sand sticking to the nose of a brown dog with floppy ears royalty - free
323055,images/002199024.jpg,"when the big one comes , chances are twitter will know it first ."
22914,images/003026324.jpg,this is an example of a contemporary water fountain landscape .
60326,images/002645321.jpg,image of a serviced office
273147,images/002117578.jpg,"get this all - star , easy - to - follow recipe from chef"
29225,images/002253160.jpg,"colourful : lime green , shocking pink and fluorescent orange dresses hang on a rail in a hallway"
372189,images/002882147.jpg,people lining up at the famous shop at the corner of person and 33rd streets
82870,images/003299045.jpg,image of a stack of pancakes drizzled with maple syrup and melted butter
196578,images/000213021.jpg,table at the study conducted
431678,images/000134424.jpg,balloon floats over a city during event
214507,images/000793858.jpg,each building was given an ambiguous theme and individual floors and areas play off the themes .
408031,images/002750012.jpg,the girl in the office counting money
403931,images/003303645.jpg,"view of the coastal road and the beach , people walking around"
298385,images/001793428.jpg,a city liberated -- country goraving mad carriers and armoured cars pass burning transport on the road ~
26783,images/002053656.jpg,a pan across the moon .
84391,images/001163093.jpg,single bridge in the landscape
144141,images/001553338.jpg,comedian pictured wearing an overcoat and hat as he stands beside the steps
25487,images/002576651.jpg,politician walks red carpet during awards
423973,images/000185177.jpg,set up a proof -- do not prove .
220091,images/002992911.jpg,digital art selected for the #
294511,images/001126110.jpg,isolated collection on a color background for design
495321,images/000722035.jpg,walk through a summer forest
43386,images/002795181.jpg,person in action during sports association under fixture .
332166,images/002884554.jpg,boy band : the actor for his second performance lip synced to a song
83370,images/001767188.jpg,police cars through the years
277287,images/003258964.jpg,"a sketch of the proposed arch , which would hold nests ."
24968,images/000595471.jpg,the diver swims under water
394168,images/000879524.jpg,the front of a beautiful period cottage
53908,images/001096900.jpg,biological suborder hang upside down in tree in rainforest scratching himself on a sunny morning
471367,images/001824457.jpg,cups of hot tea and dessert on the table
369199,images/000985745.jpg,the team celebrate victory during the match
274883,images/001382425.jpg,the - new series ... i 'm enjoying the show although it is very different from the books
21253,images/002318263.jpg,i totally freaked out when i saw crime fiction film in the first comic .
341468,images/000329998.jpg,this handsome chest accompanied me on my first trip .
472685,images/002406319.jpg,"today hipster style is one of the best trends of design and it 's the most used style by designers while creating a logo , poster or website ."
70046,images/001502862.jpg,a girl lies face down over a table in an empty food market .
147812,images/002257891.jpg,people gathered at a pier along river
22974,images/000829256.jpg,the old pier during the off season
74189,images/002596624.jpg,"cricket player has been in good form during the ongoing series against cricket team and cricketer believes that the work put in by cricketer , former coach of the cricket team on the bowler has reaped rich benefits ."
478070,images/000140205.jpg,industry underneath sink fixing a pipe
313180,images/000970028.jpg,"chocolate cookies with oats , peanut butter and brown sugar on a cooling rack"
322582,images/000068297.jpg,hard rock artist -- live
382650,images/001444906.jpg,the way it was : today
415288,images/000283653.jpg,biological genus in the garden
19725,images/000134268.jpg,cute little girl playing with a dog
260610,images/002306846.jpg,view of the well decorated wedding table with flowers and candles .
249715,images/002404712.jpg,getting the upper hand in play
205433,images/002927398.jpg,open kitchen with french doors to the living room
285314,images/002059720.jpg,an abstract geometric spiral pattern of purple and blue
5742,images/001168604.jpg,bottlenose dolphin hunting & feeding on salmon
90315,images/002089041.jpg,what nickname would you give to our beloved macaw ?
263555,images/000875083.jpg,football player and battle for the ball in the air
379353,images/002934965.jpg,the eyes are the window to your soul and your heart
106690,images/000589181.jpg,a large tree is home .
135856,images/002354044.jpg,exposed seabed along the coast
137564,images/001785798.jpg,door detail with person in the background .
150199,images/001938776.jpg,golfer reads a putt on the 7th green during the final round
90561,images/000955799.jpg,senior woman washing cloths in a washing machine
36246,images/000300752.jpg,an ordinary city in the summer
458041,images/000423681.jpg,organisation founder lies on the ground after being hit by sports team outside american football player in the first half of a football game .
19329,images/002702090.jpg,water drop falling into water making a concentric circles
102772,images/001793112.jpg,all sizes merry christmas to you ! via photo sharing website .
403093,images/000621000.jpg,the flag flies over a wintry landscape in the east of the country
184783,images/002339642.jpg,"green sea turtle , returns to the sea after egg laying"
1162,images/000566333.jpg,at the sounds with people
132230,images/001637437.jpg,person is dragged down by a pair of players after catching a pass .
112039,images/000737049.jpg,someone teach me how to do my hair bc i have no idea wat i 'm doing
197090,images/000503403.jpg,"blue period - open , by painting artist , anchors the drawing room ."
349087,images/002780056.jpg,fruit in a wooden vase
195974,images/001021671.jpg,a watercolour painting of traditional thatched cottage
330357,images/002145312.jpg,flag waving in the wind with png alpha channel for easy project implementation
387225,images/002815661.jpg,map -- click for a larger view -- non watermarked versions are available by agreement .
154956,images/000603504.jpg,film character holding a knife and fork ready for dinner
456081,images/001285798.jpg,detail of a historical building with blue sky in the background
119602,images/001347866.jpg,sea oats on the dunes at sunset
163204,images/003065335.jpg,person and her friend were sat on a bench when person came and sat beside them .
199039,images/003175158.jpg,"for many soldiers , person was remarkably different"
29297,images/001349466.jpg,sunflowers moving in the wind on morning 4k 3840x2160
195641,images/000857634.jpg,menu with translation outside a restaurant
405918,images/001771314.jpg,this girl is just too pretty like i want to cry !
266589,images/002698165.jpg,free printable pin the tail on game !
81222,images/002781792.jpg,a woman stops to take a photo of the flags placed side - by - side next .
313772,images/000680834.jpg,social opinion icons set in flat style for any design illustration
257119,images/002964526.jpg,person competes during an event .
315269,images/000668204.jpg,television show host attends the european premiere
373090,images/002602800.jpg,military conflict between military commanders on horseback with soldiers
275490,images/002956136.jpg,boots for the dairy farm with invention
215671,images/002496833.jpg,suspiria stained glass by person
301179,images/002066066.jpg,actor looks at her reflection in a mirror while standing in the waters of lake
151076,images/000338872.jpg,receiving a goodnight text ensures beautiful dreams because it 's the last thing you 'll think about before drifting to sleep .
444739,images/003213830.jpg,portrait of an elderly couple at christmas
43148,images/003139125.jpg,"a young lion , standing in tall grass"
369411,images/002438830.jpg,food growing just before harvesting .
202359,images/001809949.jpg,view from a ferry of buildings along river
325463,images/001186573.jpg,actor arrives at the premiere .
211335,images/000661067.jpg,young people singing with the microphone in their hands .
250606,images/000013233.jpg,this aerial view shows the house and surrounding farm before the fire devastated the building
411066,images/000408252.jpg,"cute young girl white painting on the face , isolated on white background - black people"
441534,images/000801488.jpg,a vector illustration of oblivious cartoon man walking off the edge of a cliff while staring at a butterfly
194932,images/001897872.jpg,fill your planters with small gourds for a fun fall display .
478342,images/000859259.jpg,early 17th century illustration viewed
105261,images/002138014.jpg,snow covers the ground on the side as people jog underneath
212442,images/002155413.jpg,seamless pattern flight of the plane .
219971,images/001830673.jpg,the boat house was the last home of novelist and his wife on the estuary
304437,images/001261194.jpg,"on the go : she was also spotted looking up with her arms crossed over her chest , as well as walking beneath a large umbrella on her way to set"
283838,images/002386473.jpg,close up of hand grabs wet sand at the beach at sunset
88504,images/000614956.jpg,"a sphere made of animated , long connected lines shows the shape transforming at will against a dark blue space background"
260973,images/002801756.jpg,kingdom of a city and artist attend premiere during festival
44813,images/000917431.jpg,view a waterfall surrounded by forest
746,images/002415595.jpg,black and white image of people dancing at aa wedding reception
452036,images/002955522.jpg,organization leader working with the locals loading a wheelbarrow .
400144,images/000718569.jpg,woman feeds ducks and swans on the frozen pond
358989,images/000250456.jpg,skylight above the bathroom in white
483288,images/001650224.jpg,olympic athlete scored to even the series .
384450,images/000653684.jpg,illustration of a bear head in winter hat and scarf .
486189,images/000793524.jpg,many hands reaching out in the air for help stock photo
245937,images/002962849.jpg,actor attends the world premiere
109989,images/000458637.jpg,stumps on the coast at first light
315438,images/003276259.jpg,vector illustration of film character and penguin with text happy new year on a gray background
184045,images/002600828.jpg,an extreme close up of a sen coin on a solid black background
492601,images/001356413.jpg,hard bee collects nectar from a flower .
414100,images/002418589.jpg,some members of basketball team at a news conference announcing the final roster for filming location .
131520,images/000593047.jpg,australian rules footballer controls the ball during a training session .
286240,images/001810034.jpg,condominium building thin line icon for web and mobile minimalistic flat design .
427222,images/002678734.jpg,pop artist announces her new concert tour
415536,images/001493455.jpg,person loves above all the approach of love will never know the joy of attaining it .
479784,images/002180408.jpg,footballer and battle for the ball
470676,images/002763743.jpg,stock image ofa padlock on a computer keyboard .
185998,images/003018006.jpg,images from the graduation ceremony .
295074,images/002192438.jpg,a stall where they are selling sweets .
386645,images/001468449.jpg,a supplied undated image of scratches on the face ofperson .
485560,images/001693085.jpg,the fashion during season is going to blow your mind !
78501,images/001304114.jpg,big moth on the wall
255175,images/000496584.jpg,person arrives for the premiere
134308,images/000810343.jpg,person lying on a bed in front of the painting by painting artist
337581,images/000488247.jpg,lace yourself : person is coming .
253130,images/002599063.jpg,you too can create this deck come and see us at our website .
156875,images/002036481.jpg,crest of mountain - aerial view over the valley
180881,images/001411741.jpg,a dining room dressed for western christian holiday .
295898,images/003243321.jpg,"safari , hippos in the wild"
115169,images/000716607.jpg,"this trip was marked by rain and heavy clouds , making flying in a chopper in the numerous valleys a bit hazardous ."
112417,images/001950586.jpg,all of studios feature exposed brick and hardwood floors .
323189,images/000817568.jpg,fans vote for person they want to marry top - 10 anime
228264,images/000354228.jpg,empty tomb if your gon na get a tattoo
153689,images/000695662.jpg,photos : new year 's eve celebrations around the world --
57212,images/001426078.jpg,actors speak onstage during an event for thriller film last month .
314977,images/002292864.jpg,members pose for photographs at their departure for olympic games .
82263,images/001880419.jpg,old trees in the lake 's shore .
84710,images/002118346.jpg,i 'd change the areas the sand would be on her face but over all it 's cool
494212,images/001507416.jpg,dog and a cat sitting on a couch
320467,images/002506539.jpg,actor holds off football player during their football match
288250,images/002762059.jpg,actors having drinks with another couples in a scene from the film
314783,images/001235526.jpg,spacecraft could be used to support a long - duration mission to an asteroid as early
394981,images/001910939.jpg,the national flag in a refreshing breeze on a blue sky
202109,images/001487585.jpg,beach protected by artificial reefs on the coast
195022,images/001677526.jpg,vector illustration of abstract icons based on the letter o
181046,images/002459478.jpg,camper van at a small petrol station
351643,images/000434175.jpg,worker with adjustable wrench near the tractor
162358,images/000010969.jpg,mix all the ingredients and let rest
53238,images/003043588.jpg,on a white background lie fruit and berries
219886,images/000552523.jpg,kids birthday party with a big cake
216841,images/001414528.jpg,the maker showed off a sedan and wagon but other c - class variants are in the works .
255021,images/002660697.jpg,a baby laying on a soft white fabric inside a laundry basket
485112,images/001112201.jpg,go to a water park with three of my friends !
336064,images/000018631.jpg,tiny shoot of a plant grows through the garbage
247822,images/002973920.jpg,actor at the premiere of person
116426,images/001579994.jpg,a model walks the runway at the winter fashion show during event
461742,images/001418040.jpg,expecting actor is set to become a first - time father with model
97829,images/002928606.jpg,animal and grey cat on a couch .
467766,images/000736854.jpg,what the earth would look like if all the ice melted
45250,images/000033610.jpg,baseball player of the bats against sports team
74749,images/000311955.jpg,person of folk rock artist performs during music festival
191391,images/001275376.jpg,big crowds and small waves showed up for the 32nd annual
323224,images/000139592.jpg,side view of the front of a boeing aeroplane waiting to take off
404933,images/001340572.jpg,"toast with a smile of jam , coffee , orange juice and fresh orange -- stock photo #"
120981,images/002045658.jpg,hand - drawn illustration of a happy gardener with his lawnmower
318972,images/000059015.jpg,schematic illustration of the main steps of presynaptic cholinergic transmission
413376,images/000088427.jpg,"building which includes interior views , heritage elements and a church or cathedral"
146112,images/002262294.jpg,a young woman sings a song near a microphone in a recording studio under natural light
140645,images/003056816.jpg,you are a work of art
184920,images/001961910.jpg,animal isolated on a white background
16756,images/001341466.jpg,black navy genuine leather classic shape clutch bag with a blue stone .
210024,images/000508290.jpg,riding on gondola on a narrow canals
338716,images/001710889.jpg,boxer dog standing in the grass
156843,images/003202296.jpg,open wooden windows with the green blinds on the yellow wall
27856,images/000016080.jpg,football players after the team had arrived for the tournament
261416,images/001458169.jpg,a colonial era bungalow i love the way the trees are close
228687,images/000317486.jpg,pirate attributes vector in a cartoon style on white background for holiday or birthday illustration
7203,images/001532986.jpg,the lady who does my nails used a nail polish pretty pink with striped nail on each hand <3
375314,images/000328209.jpg,illustration of a panda in a scarf and sunglasses .
152147,images/001200205.jpg,silhouette of woman in a tunnel
106235,images/001881407.jpg,silhouette of a tree with leaves and flowers .
380850,images/000105610.jpg,interior of a serviced office with an outside view form the window
276486,images/000072074.jpg,tattoo on the left inner forearm .
365147,images/000195529.jpg,a soldier comes out of the line .
185148,images/002044227.jpg,a profile view of a young beautiful white and red puppy dog standing on the lawn .
469124,images/002839025.jpg,basketball shooting guard goes up for a shot against award winner during the first half of a basketball game .
78663,images/001585373.jpg,woman running on the beach royalty - free
218878,images/002094083.jpg,silhouette of a bird over the sky at dusk
465076,images/001557978.jpg,rhythm of the water 14938
228083,images/001075186.jpg,fans try to catch a foul ball during a game
132601,images/003279659.jpg,"bit sand castle - featuring platform video game , video game series ."
137854,images/000706009.jpg,soccer player celebrates scoring the first goal for football team during the match .
182373,images/000238923.jpg,hip hop artist arrives during weekend .
50963,images/000356073.jpg,hospital ship of the mass .
250066,images/001634183.jpg,"easter eggs arranged in a line along the lower third of frame , with blank black copy space"
127762,images/002150697.jpg,red wine pouring on a glass isolated on white background .
489437,images/001746347.jpg,the last sunflowers of the season .
243037,images/002751986.jpg,chandelier -- probably the most thorough tutorial i 've ever seen for this .
214668,images/003093619.jpg,actor at film premiere held
437330,images/000978486.jpg,person attends the premiere during festival .
340464,images/002104518.jpg,seamless black and white geometric background .
42082,images/001869802.jpg,basketball point guard dribbles the ball against sports team in the first quarter at arena .
275458,images/000461241.jpg,calligraphy which translation is holiday .
170164,images/002690147.jpg,beautiful details on this gray door .
230607,images/000947940.jpg,try to avoid that valley at bottom right !
95262,images/000978219.jpg,... on a mild evening with a view of the garden
329033,images/001903114.jpg,if you dont shave everyone in this school will die .
437253,images/000452732.jpg,person warms up during a training session
75402,images/000500676.jpg,signs warn against straying from the public trail into property .
141324,images/000040645.jpg,must have a stone wall around my garden so that i can hide this little treasure
22794,images/001810191.jpg,a set of seamless patterns .
327310,images/000963753.jpg,laundry drying in the open air
331758,images/002078505.jpg,it was different than i imagined .
357827,images/002566921.jpg,let 's write on the windows
51122,images/002182470.jpg,football player celebrates scoring his team 's second goal with his teammate during the match .
201068,images/002368293.jpg,these tiles will brighten up any living space with their geometric patterns and hand painted effect blue tones .
299073,images/002864979.jpg,surfing along the north shore with huge waves at dusk
356691,images/002509293.jpg,"abstract businessman bearing his desk with working all time , vector illustration ."
144350,images/001570911.jpg,to play up the shades of garment
39890,images/002568454.jpg,"newly established , a national park unveils a new plant species"
388093,images/001445522.jpg,fans dance under a suspended stage the hip hop artist performs on in concert
6419,images/002371749.jpg,an establishing shot of buildings
268185,images/000075179.jpg,actor in rehearsal for his role in play
441284,images/000614070.jpg,"leaping male dancers in circle , award nominee , by choreographer - photographed by person ."
347377,images/003036915.jpg,he 's on a bridge yo !
70314,images/000181002.jpg,wall decals are easy and fast way to complete a nursery .
495710,images/000061474.jpg,"more from the bartender , up close ."
320194,images/001011509.jpg,view over the pebbly beach towards english civil parish
489960,images/000144694.jpg,the temple dedicated to deity
387925,images/002582709.jpg,"art nouveau colored chairs seamless pattern , hand drawn illustration of a series of chairs isolated on white"
436272,images/000801160.jpg,berries green grapes in a glass .
207210,images/002300390.jpg,person ponders what to do whilst the clouds begin to gather at pace over the summit .
37799,images/002182936.jpg,"person celebrates a win over high school , during the boys basketball regional ."
225874,images/001479893.jpg,helmet in the form of a skull with scratches .
437636,images/002545515.jpg,rock pools on the beach
39841,images/002723033.jpg,pop artist attends awards held
171184,images/000571722.jpg,snowy sandy beach under a cloudy sky
166475,images/001959044.jpg,"artist designed dresses for wedding , but she finally settled on this one with a dramatic train for her special day ."
57271,images/000565008.jpg,"autumn on a misty , cool morning"
48041,images/000862783.jpg,compass lying on a black and white map -- stock photo #
427787,images/000875866.jpg,illustration of a letter n is for nurse
102892,images/003239769.jpg,a silky black ribbon replaces a traditional chain to create a timeless look .
44098,images/000692009.jpg,actor at the premiere for the film
385001,images/000978619.jpg,hire a bicycle and see a city on wheels
347924,images/001218655.jpg,"photo showing people , shot with a remote"
354736,images/001163890.jpg,shoal of small fish at a coral reef outside the island
406573,images/002674002.jpg,person and young boy taking pictures of a participants in a parade during the days
134954,images/001140575.jpg,science fiction film - born of a black hole
49810,images/000439583.jpg,portrait of person by person
243099,images/003304873.jpg,actor in a shiny dress
176187,images/001631449.jpg,a plow moves snow in the eastbound lanes .
46427,images/000681976.jpg,man and woman in their house relaxing near their cute dog on the couch
300867,images/000887955.jpg,recipe for vegetables and meat tossed with noodles and sauce for a kid friendly dish .
190101,images/002932730.jpg,trick a blind child into eating one
194814,images/001258306.jpg,a patron reads a menu at the bar a restaurant located
285942,images/000507505.jpg,shopping day grainy textured icon for overlay watermark stamps .
63096,images/002720443.jpg,rectangular frame of colorful abstract pattern with a white empty space inside for your text or image
441427,images/002253672.jpg,cyclists competing in a race around the streets
270440,images/002489343.jpg,4x4 passes cars that have closed the road
444469,images/000239501.jpg,cigar and a cutter isolated on white background
105046,images/001682159.jpg,the lovely smile of actor
455022,images/000060546.jpg,an aerial view of person and bridge linking
353919,images/001980993.jpg,"hard rock artist , the heavy band , performs a live concert"
64933,images/001707850.jpg,armed force assigned unfold tents during the setup
336359,images/001014811.jpg,young woman reading a book in the park
254485,images/003299747.jpg,cinema looking space called accommodation type with photo in background
265950,images/002095229.jpg,reclaimed white oak flooring and tabletop in an apartment .
424318,images/002362864.jpg,biological species looking for food on the beach
177786,images/00002907.jpg,made for each other red tattoo design
15698,images/002077816.jpg,musical artist of musical artist attends
486275,images/001288579.jpg,"person , story by fictional character creator"
105852,images/001846283.jpg,contrast this beach shot with the one at the top of this post .
236094,images/002819005.jpg,designs by person of person on day
375492,images/001609034.jpg,"this is my first tattoo , made ."
409476,images/001497483.jpg,room for rent in a cool flat .
23396,images/002509881.jpg,actor clarifies : officials visited my office for assessment .
293811,images/000636607.jpg,we were lucky and saw a few bighorn sheep by the side of the road .
120532,images/000339765.jpg,once upon a time ... an angel and a devil fell in love
498072,images/000247610.jpg,3d digital render of a jumping leopard isolated on white background
67843,images/002632245.jpg,flag this is a computer generated and 3d rendered image
209018,images/002209721.jpg,actor arrives at the premiere
452498,images/001851286.jpg,map and national flag in a circle .
294447,images/000379591.jpg,hairdresser making haircut to a customer in the barbershop .
214988,images/001845306.jpg,the calf on a summer pasture
374272,images/001186702.jpg,business man using a mobile phone on city street
5302,images/001692019.jpg,the bengal tiger lying on the wooden bridge
49792,images/003300172.jpg,human hand takes away a half of lime
498775,images/002259485.jpg,silhouette of a boy running on the beach at sunset with the horizon in the background -- stock photo #
97770,images/001475303.jpg,swap out the tv stand for a dresser .
35533,images/000342930.jpg,teen pop artist attends fashion designer show during ss16
448128,images/001998456.jpg,modern wooden table with a chair in form z isolated 3d model
435842,images/003045429.jpg,shooting at night -- how to make alluring photography in the evening
368589,images/000791414.jpg,"taking dog for a walk , high above the valley of fog ."
366687,images/000317776.jpg,hip hop artist arrives at awards honoring pop artist .
427543,images/002650236.jpg,rain drops on a green leaf
473770,images/003219866.jpg,joyful young man blowing candles on a birthday cake and looking at the camera isolated on white background
189573,images/000951752.jpg,world globe on a blue background
441184,images/000573432.jpg,"4k portrait of an attractive woman looking to camera with a gentle smile , in slow motion"
314200,images/001857091.jpg,"a horse 's head and neck movement on the approach to a fence , helps him to judge distances"
10367,images/002476592.jpg,a classic christmas tree made up of star at top and star and ball on each branch
191074,images/002805220.jpg,red squirrel in the forest
315875,images/002553795.jpg,couple running away on the meadow
70357,images/002351160.jpg,digital art selected for the #
2976,images/001435080.jpg,"the seventh annual edition of person featuring interviews with organization leader , person , person , and articles about professional lifestyle and what it means"
35194,images/003051676.jpg,interior of the passenger airplane with passengers on seats
30557,images/002778953.jpg,the house on the beach
402165,images/000902695.jpg,team watches the match from a box .
467471,images/000866890.jpg,palace is seen russian federal city
109494,images/003204051.jpg,"this pink , velvet tufted wing back armchair and ottoman feel fresh and new , rather than sad and dated in this light filled room ."
191595,images/002972323.jpg,glacial icebergs gradually melting into a lake through global warming
275784,images/001494951.jpg,politician hugs his wife as they discuss their adopted children .
68283,images/000878442.jpg,pop artist and actor attend the uk premiere
219882,images/001070231.jpg,hand - drawn doodles on the subject of vector art illustration
149602,images/001879946.jpg,the sweeping facade of terraced houses
57995,images/000379798.jpg,abstract eagle isolated on a white background .
196047,images/001997482.jpg,a flat seamless pattern design with eyes
438570,images/000826122.jpg,model behaviour : also out in force was
424430,images/003127779.jpg,neo soul artist performs on stage
146638,images/002465845.jpg,cheerful female friends chatting over drinks and preparing a meal at home
481104,images/000713075.jpg,a wild grass growing in a pine forest
495310,images/002992265.jpg,sketch over an abstract background
488711,images/001036555.jpg,a private road sign on a mountain
154401,images/000820783.jpg,"if i had a flower for every time i thought of you , i could walk through my garden forever ."
169885,images/000505515.jpg,photo of : vibrant sunrise behind a dock
409315,images/002360590.jpg,shape animated on the admin map of the globe
386085,images/000096626.jpg,the police performing during event .
33201,images/001454620.jpg,fall from sleigh with harness on the reindeer .
351269,images/000099112.jpg,sprays a line of foam in front of players during their match against republic
435676,images/002280291.jpg,"inscription on sand , the beach"
277804,images/000166891.jpg,walking the trails at the bottom
445456,images/002427024.jpg,"happy and enthusiastic team of professionals , of mixed ages and ethnicity are seated around a conference table for a business meeting"
158506,images/001461290.jpg,fashion photo of a young woman with dark hair
372458,images/001603949.jpg,we can change the world with kindness .
293551,images/002504492.jpg,a man riding a pony and cart on the island .
214748,images/001059803.jpg,kitchen - country homes for sale and luxury real estate including horse farms and property in the areas
35477,images/003191537.jpg,person tours the intensive care unit on the 5th floor .
217028,images/000823952.jpg,illustration of a businessman firing an employee
473821,images/001516409.jpg,the big colorful group of vegetables .
449649,images/003140545.jpg,hamburger and fries on a white plate
85990,images/000413981.jpg,profession in tractor driving to the field
318847,images/002832157.jpg,actors attend the world premiere
50837,images/001738372.jpg,wedding at photography by free
290371,images/000308659.jpg,tennis player serves to tennis player during the men 's single fourth round match at the tennis tournament .
151580,images/001751402.jpg,the crowd farewells the queen
76914,images/002910752.jpg,mascot illustration of a rugby ball scoring a touchdown
107116,images/001258720.jpg,3d rendering of a city
468846,images/001194515.jpg,man is cradling a child in his arms
421453,images/000361985.jpg,a biker performing freestyle jumps on the sand dunes of the desert
148735,images/003287907.jpg,"raining water falling in full bucket , rain is liquid water in form of droplets that have condensed from atmospheric water vapor"
155827,images/000875954.jpg,people walking and jogging along the promenade
102866,images/000397974.jpg,"letter logo in a circle , gold and silver colored ."
246171,images/000648363.jpg,willing forward movement is the foundation of all riding .
201862,images/001535057.jpg,hand - drawn sketch ethnic arrows arranged in a circle on white background .
161674,images/000550113.jpg,side view of a bald eagle swooping down and snatching a fish out of the water
303776,images/000376384.jpg,it 's all over : actor attended the season premiere to say goodbye
407584,images/002505250.jpg,just a few of the tremendous number of flags at today 's ceremony
59146,images/000943729.jpg,actors arrive to the premiere .
284928,images/002399423.jpg,the career of a baker
303697,images/002642976.jpg,tone with these low - impact exercises
185919,images/000222181.jpg,brahmin bull with colourful painted horns & decorations near the beaches with small boy next
433838,images/001481833.jpg,a model walks the runway at the autumn winter fashion show during fashion week .
432947,images/002988524.jpg,putting dogs onto a train for show
445745,images/003071359.jpg,vector silhouette of old people on a white background .
361549,images/001163946.jpg,hotel - i just love the color of this hotel .
442932,images/002166299.jpg,actor and grime artist attend film premiere
447469,images/000691281.jpg,puppy sitting in a basket with a purple blanket on a white background .
274287,images/000242144.jpg,woman and person celebrate their bronze medals .
235699,images/003305655.jpg,jazz fusion artist attends the fashion show during spring .
469685,images/003162402.jpg,a new bike lane by national register of historic places location .
231521,images/000891353.jpg,sign painted on a building and building function
279360,images/000394183.jpg,"the musician , dj and trip hop artist is better known by trip hop artist and is here seen"
114755,images/002939234.jpg,are we close to getting a new actor ?
200258,images/001458477.jpg,pretty shy curly woman playing with her hair and winks at the camera over black background
422127,images/000217356.jpg,tourists exploring the riverfront looking at different restaurants
30755,images/003035886.jpg,"the music room , with a baroque ceiling painted by painting artist in the 1730s for the drawing room of the earlier house"
112590,images/003066935.jpg,organic food -- a passion for prevention
68462,images/001633726.jpg,the man was arrested on suspicion of possession of an offensive weapon
402392,images/001570837.jpg,football player and his counterpart dish out instructions from by the touchline
296674,images/000369442.jpg,a pair of black leather boots is just what the doctor ordered to bring this summery floral dress into fall .
297367,images/000111312.jpg,"finances will have received a boost with the signing as the world governing body 's first sponsor , a deal officially signed today"
342622,images/000727354.jpg,illustration of a plumber holding monkey wrench on shoulder set inside shield crest done in cartoon style on isolated background .
385963,images/002259591.jpg,clip art of oil can button isolated on a background
228826,images/001857324.jpg,the room inside the farmhouse
341384,images/003055863.jpg,pink sweater and ripped denim day !
272483,images/002740814.jpg,"economist , walks the runway in a dress and laundry shoes during show ."
349786,images/002152242.jpg,young man making a pencil rubbing of a name
199493,images/000975385.jpg,actor arrives at the show as part
50615,images/000849698.jpg,actor played by actor leads person the elephant
254107,images/003140176.jpg,setting sun seen to disappear behind horizon looking towards a city the tower just made out in the distance
240588,images/001770624.jpg,farmhouse style dining room looks out to the lake and comfortably seats 8
468222,images/003304783.jpg,portion of food on a plate
110955,images/000188189.jpg,a landscape with sparse vegetation
428705,images/003038085.jpg,baseball player celebrates alongside baseball player after hitting a run home run during the fourth inning of a game against sports team
47156,images/000742670.jpg,images from the graduation at the school .
187515,images/000532482.jpg,a model walks the runway at the bridal show
353158,images/001056146.jpg,statue at the city hall
100059,images/002529275.jpg,class diesel locomotive no. hauling a train
231365,images/001288673.jpg,supporters hold up a flag with a portrait of former player and soccer player during the football match .
262839,images/001970606.jpg,homes for sale and luxury real estate including horse farms and property in the areas
338113,images/002297126.jpg,"flag waving in the wind close up with room for text , logos , graphics and titles"
249783,images/003242431.jpg,bare metal split window i wish mine looked like this right now .
5867,images/001725223.jpg,beautiful summer landscape in the mountains with pink flowers
366005,images/002758108.jpg,"the texture of the water flow , top view"
36431,images/000150164.jpg,senior man falling asleep in a chair
21827,images/000907507.jpg,olympic athlete plays catch with the team before the game against american football team .
172103,images/001503200.jpg,a man on a bicycle pulls a trailer carrying a dog in the seafront
29827,images/002499093.jpg,log your vote for the top football player from week
149126,images/000140404.jpg,tequila in a shot glass
179071,images/001835937.jpg,person looks to pass against american football team
121471,images/000713837.jpg,our room in the lower level .
423604,images/002126282.jpg,actors have the task of portraying lovers
386814,images/001467119.jpg,"a man exploring on a laptop , and the statistics printed on paper"
472990,images/001294769.jpg,computer mouse connected to a globe .
116914,images/002804290.jpg,"cricket player makes his way through the crowd , to be presented on stage during the opening event"
72087,images/000886343.jpg,the many bags of person
343695,images/000252987.jpg,"view of the gorgeous tree - lined street , reminiscent of a quiet town ."
224127,images/000487053.jpg,graphic thanksgiving day elements in the shape of circle .
293058,images/003171344.jpg,i love how the kitchen opens to the den and yet is still separate .
379665,images/003011851.jpg,sister leading little brother by the hand
309372,images/000537556.jpg,the amount of plastics we acquire at the dentist 's office is just too much .
288640,images/002984600.jpg,white horses and riders running on the beach along geographical feature category
469485,images/001809466.jpg,add a sprig of lavender ; it symbolizes love and devotion .
357538,images/001498765.jpg,the windows in this home are such a distinctive feature due to their size .
13318,images/000535446.jpg,live person in - by
304045,images/000809286.jpg,"floral illustration of butterfly with flowers , leaves , decorative elements isolated on the white background hand drawn contour lines and strokes style , graphic vector illustration ..."
217898,images/000041797.jpg,actors greet guests and sign autographs .
174966,images/001781505.jpg,a model walks the runway at the winter fashion show during event
142891,images/001325235.jpg,a woman in the crowd wipes away tears .
248331,images/001765450.jpg,ribbons crossed with blue bow isolated on a white background
266687,images/001596938.jpg,packing carry - on only can sometimes be overwhelming .
161010,images/001323155.jpg,"award winner takes his dog , for a walk in the paddock"
385713,images/001535546.jpg,an old barn in a city is reflected in a puddle left
39249,images/000336854.jpg,the family is in white clothes on the bed
418700,images/002610877.jpg,interior view of the library in a large modern university building .
129163,images/001508613.jpg,cute young woman portrait for avatar isolated on a white background vector
233302,images/000429789.jpg,galaxy viewed in the night sky over a lone silhouetted tree
417813,images/002860237.jpg,"options : wearing white after us federal holiday : even with white shoes , this outfit works for cooler months and is casually chic ."
48814,images/001395799.jpg,"several people standing by and sitting on rocks in the forest , while looking at documents ."
359095,images/001932552.jpg,models walk the runway wearing business by spring during fashion week
46168,images/002233836.jpg,the neon sign of the coffee shop used in the tv series friends
319288,images/003246764.jpg,photograph of an older lady and child .
321408,images/002365660.jpg,antique engine running at a county fair - 4k
301862,images/000908174.jpg,businessman in the office working with laptop
117733,images/001929259.jpg,some examples of retaining walls by organisation
294619,images/002049058.jpg,water streaming down a waterfall at the lakes
292094,images/003080817.jpg,kittens playing in the garden close up photo
270162,images/001339651.jpg,not sure how to style girls with shorter hair ? find a headband that accents the costume or show theme !
260709,images/000597960.jpg,"piece of tropical island with water , palms and hammock on a beach in cross section ."
384158,images/001196784.jpg,white chalk cliffs and aerial view
346027,images/001748639.jpg,kitchens on the square make your kitchen smile -- sweeter
361308,images/003261865.jpg,person takes a dim view of the situation when fog stopped racing
363946,images/003101590.jpg,"the protest attracted person to the memorial , where the band performed and spoke to the crowd , who marched through streets"
55959,images/000471981.jpg,tourist attraction on a misty winter day
62775,images/001807602.jpg,storage solutions for organising the pantry
419694,images/000791910.jpg,hearts in pink and red on a white background .
474548,images/002088501.jpg,flowers of the month - dried lanterns
145138,images/000746865.jpg,a snowman wearing the jacket of a local bakery stands on the street which has seen feet of snow fall in hours
313687,images/000926947.jpg,we are such stuff as dreams are made on .
266617,images/000561354.jpg,images vs. boys basketball game .
127754,images/001599239.jpg,a large flock of birds circling over the water against a background of purple clouds and fog .
413027,images/000166756.jpg,a surfer performing the snap while riding a huge wave
144532,images/002513280.jpg,fireworks flashing in the night sky
94715,images/000914258.jpg,"people are terrible , and not just to animals ."
322134,images/001210192.jpg,the steep streets and stairs of the old city
130300,images/000068382.jpg,wedding invitation with pink ribbon and white roses .
432481,images/001131736.jpg,solid body electric guitar isolated over a white background
21472,images/001117515.jpg,"front view - historic houses in internet encyclopedia project website , the free encyclopedia"
405183,images/003128862.jpg,"industry with pool under conservatory , large terrace overlooking the private pond"
207380,images/002846786.jpg,an old anchor embedded in coral
13217,images/002147363.jpg,minimalist artist performs on stage during the first day .
304216,images/000684879.jpg,the new interior to restaurant
317223,images/001360946.jpg,smoking man with a glass of whiskey and cigar
237910,images/000134754.jpg,narrow street between the town hall and church
113370,images/002213645.jpg,fancy seeing you here : person looked delighted to come across the queen in person as the monarch greeted her backstage
105159,images/000521372.jpg,old iron door closed by the rusty lock
133810,images/000541177.jpg,"man buying a car in dealership sitting in his new auto , the salesman talking to him and explaining details"
123247,images/002298519.jpg,singer and artist performs live on stage during a concert .
443735,images/002740212.jpg,a white computer mouse and cord on a stack of dollar bills
346136,images/000399193.jpg,transparent glass of milk on a black background
317171,images/002066129.jpg,a city pinned on a map
59016,images/002858943.jpg,football player celebrates with football player after scoring their first goal during the match .
333748,images/000513227.jpg,country artist and low angle shot : the beautiful light and shadow of branches and leaves in the tropical forest
347297,images/000591033.jpg,click the button below to go to your team 's photo album .
57112,images/001790657.jpg,"the building where aircraft model , the last aircraft ever built is housed and on display"
340813,images/000782043.jpg,actor attends the premiere at the cinema .
233695,images/001813026.jpg,an outfit that will bring out the best in you !
114619,images/001761663.jpg,as seen from eastern side
57029,images/000923617.jpg,builders construct a concrete bridge over a small river
434859,images/001327822.jpg,illustration of a smiling mosquito on a white background
172369,images/002637346.jpg,actor attends the film premiere
367734,images/001529690.jpg,vector seamless background with a round ornament .
261117,images/001828736.jpg,cat climbs the outside of the stairs .
207557,images/002232668.jpg,seamless pattern of repeating geometric elements .
325444,images/000084663.jpg,witch preparing a potion on illustration
488427,images/000438730.jpg,"a city , date shot fishing"
267962,images/001666235.jpg,a car drives up a snow - covered street .
43946,images/002096708.jpg,person holding a magnifying glass against a city by night
149501,images/002955456.jpg,vector silhouette of a woman on white background .
130401,images/000044681.jpg,country artist performs during festival
48986,images/002763050.jpg,free festival crowd of people jumping hands rises near the stage
136244,images/003103239.jpg,portrait of a camel adorned with colorful beads
399302,images/002216225.jpg,baroque pop artist performs on stage
321423,images/002525736.jpg,business woman talking on the phone at the office
439168,images/001132442.jpg,you have the beach to yourselves
374358,images/003269462.jpg,flag on the mast of the yacht
63553,images/003157844.jpg,images from the graduation ceremony .
77581,images/000853395.jpg,we 're diving into the top ten recipes from our site !
385129,images/000527537.jpg,football player salutes the crowd after the match .
244020,images/001095506.jpg,the entire basketball team emerged for the final warmups before their loss on wednesday night wearing black short - sleeve t - shirts with the words in bold white letters
9142,images/001020168.jpg,a photo of a man in a kilt
413339,images/001832120.jpg,robber in a mask carries bag .
298681,images/001549290.jpg,tennis player has won twice posing by tower in a dress on each occasion .
487755,images/001882347.jpg,the plane flies behind a skyscraper under construction
434589,images/002346381.jpg,full length picture of a handsome business man thinking
421343,images/001570267.jpg,environmentalist discusses the new series .
186720,images/001691240.jpg,a cartoon illustration of a beaver in love .
157214,images/001896559.jpg,olive oil and olive branch on the table
485240,images/000951874.jpg,"team of peoples hands raising the national flag , 3d rendering isolated on white background"
112810,images/003060778.jpg,"athlete , right , tags out baseball player at the plate during the fourth inning of tuesday 's game ."
159232,images/003226696.jpg,a small dairy farm in a beautiful mountain valley
488530,images/002991491.jpg,actor deep in animated conversation with actors
108965,images/002921117.jpg,building complex graced by a rainbow .
287865,images/003144596.jpg,abstract hearts with the colors of the flag
204531,images/000024345.jpg,american football player with logo ... on the back of the helmet !
217366,images/001265576.jpg,"musical artist , seen here at a charity event played a key role ."
278807,images/002749518.jpg,red alarm clock in a piece of ice
272081,images/001945649.jpg,actor attends the book launch event .
318879,images/000089073.jpg,arabian horse in the field
416076,images/002312410.jpg,"isometric city center on the map with lots of buildings , skyscrapers , factories , and parks ."
58777,images/002841429.jpg,old medieval church on a hilltop
137771,images/000301035.jpg,lake lies just over the sand dunes
228302,images/001078356.jpg,the man in style gangster on dark background
116334,images/001037234.jpg,elk by the river at lunchtime .
295589,images/002404115.jpg,night city with lights and smoke from the chimneys
343932,images/001807153.jpg,cute cartoon animals swimming under the sea and boat
63502,images/001113185.jpg,the city skyline of host
147381,images/001335285.jpg,the cruises over stadium during the final
220632,images/001738990.jpg,a view of the plant with an unopened bloom .
67180,images/000269842.jpg,"a pair of young girls in uniform smiling , the younger girl laughing as seen in front of a school"
462347,images/003315929.jpg,actor arrives at the premiere held .
328017,images/000170884.jpg,actors pose at the after party for the premiere .
243578,images/002527319.jpg,i 'll never be as good of a musician as anyone in progressive metal artist .
21819,images/002949694.jpg,we wont give up even when the skies turn grey cuz we are worth it ... thankful for u always
415994,images/000772358.jpg,baseball player during a baseball game against sports team
146333,images/002410624.jpg,baseball coach during a practice .
430316,images/002182587.jpg,tilt up of the tropical sea in employer
241933,images/002983876.jpg,illustration vector of baby boy sitting on prince baby carriage decorated with curtain in the room design for new born girls to baby shower invitation and greeting card .
403467,images/002620914.jpg,singer on the red carpet
314604,images/001875295.jpg,a dog with a prosthetic foot
255333,images/001089872.jpg,celebrity listens to how the projects are progressing from volunteers and sponsors during his visit
56628,images/002131573.jpg,actor arrives at the premiere .
287102,images/000200387.jpg,a wrecked metropolitan police vehicle at a demonstration
427808,images/002011004.jpg,a student works with a child
488375,images/000396534.jpg,"people buying clothes an apparel in the street market , italian comune"
70262,images/001097601.jpg,the view over the badlands so close yet i 've never been .
498509,images/002065453.jpg,football team arrive featuring : football player
445105,images/003296783.jpg,a ferry arriving and visitors
400385,images/000404986.jpg,a family enjoys a meal during the lunch hour an eating joint
219749,images/003023712.jpg,"inside every older person , is a young person saying - men 's premium t - shirt"
181729,images/001301742.jpg,"football player , coach stands on a ball during the training session ."
246258,images/000975137.jpg,the cost of confectionery in poster
460710,images/002788065.jpg,"meanwhile , this shark is getting its own back , sort of ."
109229,images/001021201.jpg,crunk artist performs during festival .
234859,images/003178683.jpg,wheel - drive vehicle in the desert
167870,images/000151046.jpg,the moon in the night sky
10396,images/002859110.jpg,boy with his skateboard on the road
402583,images/000400390.jpg,little kids boy and girl decorate a christmas tree with funny puppy .
408117,images/000589443.jpg,seamless pattern with a slices of cheese on a blue background .
388949,images/001906027.jpg,"rare automotive industry business - tuned wagon is a bargain at £ 18,995"
421744,images/001166247.jpg,"happy girl talking on the phone , walking in the park"
220987,images/002351212.jpg,a close up of biological species feeding from a flower in the garden
256270,images/000690539.jpg,this is so me ... party .
418915,images/002954612.jpg,street sign for a city with foliage
278251,images/000651940.jpg,cartoon character of a girl wearing stylish dress with shoes on white background .
187049,images/000568435.jpg,cute white kitten sitting on a black table looking up scared
97788,images/000400526.jpg,white mother of the bride dress with floral coat
16603,images/002747445.jpg,politician relaxing on a bench
400090,images/002106154.jpg,"a cartoon vector illustration of a green reptiles animals like snake , turtle , crocodile and lizard ."
477206,images/000520740.jpg,monk with puppies in his lap transported by rickshaw through the busy streets
476516,images/000539319.jpg,lilly flower on a white background
73385,images/003172695.jpg,rising along the empty expanse
132824,images/000487935.jpg,award winner in action during a football game
496181,images/000461056.jpg,down from the sky to the stage .
205395,images/002401400.jpg,"watercolor illustration of a dog , for greeting cards , design and illustration"
45136,images/001791135.jpg,a classic convertible car at the seaside
159754,images/000898951.jpg,close - up of potter making an earthen pot on a pottery wheel in workshop
393737,images/002404209.jpg,example of a classic kitchen design with wood countertops
336878,images/000163982.jpg,person performing on a large stage lit by bright blue lights in front of a large crowd
465239,images/000649180.jpg,coconut palm trees silhouetted against a full moon
11914,images/000912209.jpg,person celebrates scoring her sides first goal of the game with teammates
492098,images/002179863.jpg,eerie woodland with a slightly creepy feel .
149655,images/001455948.jpg,images from the girls basketball game .
3392,images/000371306.jpg,beautiful american flag on the front porch
148746,images/000141869.jpg,portrait of a young woman in snow
99272,images/003278144.jpg,"saving , male hand putting a coin into piggy bank ."
406250,images/000867871.jpg,tees off at the 16th during day
79929,images/000271252.jpg,i saw this below in the water and had to take a photo .
21773,images/000773858.jpg,"similar styles : the family all seemed to be wearing the same summery style for their day out , looking perfect for the bright weather"
334820,images/003220480.jpg,girl walking on the road at sunset
69400,images/002914730.jpg,"basketball player , highest - paid player , reacts to a common foul ."
40757,images/001529888.jpg,biplane over geographical feature category
154199,images/000916595.jpg,letter logo in a square shape gold and silver colored geometric ornaments .
293503,images/001110654.jpg,silver anchor on a white background
352227,images/000896099.jpg,disabled man fixing his car on the streets .
160720,images/003229000.jpg,they took a cruise and have info about all the cities they visited
167399,images/001758772.jpg,"visual artist , the fairy must give herself up to the queen"
68522,images/000718913.jpg,vector image of the waving flag
371800,images/000880746.jpg,red logo on a white background
201730,images/001323666.jpg,the wind carries the bride 's veil on the bridge .
223462,images/001448358.jpg,art gallery at night -- stock photo #
54367,images/002192160.jpg,light from sunset illuminates an oak tree
149170,images/002538424.jpg,cleaning up the lawn of back yard with rake
422943,images/002420088.jpg,the ladies on parade on day
88256,images/000749397.jpg,musician of artist performs live on stage
112765,images/002002973.jpg,-- the main mosque new landmark
8940,images/002144568.jpg,trying out some young versions of my character .
300702,images/003042431.jpg,person : located on the beach
405429,images/001931300.jpg,senior woman laughing at the park
421216,images/003240205.jpg,cards : make it sparkle at in the pink
29008,images/001814462.jpg,teenagers sledding in the snow on a saucer
256922,images/000672285.jpg,"apparently , when you 're the king of a deserted island , you amuse yourself at night by spraying fire"
424416,images/000043675.jpg,"actor , boxer and actor arrive at the premiere ofsports film ."
145604,images/000706889.jpg,ancient old door knocker seen in the old city
74357,images/001069671.jpg,actor attends the westwood premiere
427907,images/001295903.jpg,ancient tree near a site
204192,images/000369754.jpg,blurred footage of a football team warming up before a match
107619,images/002216705.jpg,person and groomsmen in from of the church before the ceremony
459224,images/000850867.jpg,woman practicing yoga with legs in the air
84248,images/000227091.jpg,wild flowers on a white background .
259649,images/000275265.jpg,life and reproduction of bees bees take care of the larvae -- their new generation .
64089,images/003269191.jpg,original preparatory drawing of person for picture book
156944,images/001928650.jpg,a guy in the passenger seat is tying the name of the street and the city into gps .
131941,images/001929817.jpg,person attends the premiere of film
488929,images/002096852.jpg,golden hearts falling from the open medical capsule isolated on white background
61711,images/000781496.jpg,person arrives at the premiere .
385920,images/002517478.jpg,imagine sitting out on the balcony and sipping your morning coffee
169332,images/000063562.jpg,how to use summer clothes in the winter
179395,images/000150056.jpg,car light trails in the tunnel .
68098,images/001184828.jpg,digital 3d illustration of a creepy creature
483460,images/003021410.jpg,a year of my hair !
306441,images/00003064.jpg,person brought some of watches to a game to offer one to basketball player .
275546,images/001807213.jpg,a man and person by painting artist .
190549,images/001298646.jpg,invention and screwdriver icon digital red for any design isolated on white
168716,images/002678401.jpg,get their warm up in before their last game of the showcase
336688,images/003028306.jpg,a city in the morning .
347121,images/00002255.jpg,goat chilling out at the streets
259537,images/002256085.jpg,hard rock artist left and hard rock artist of hard rock artist perform
119194,images/001336146.jpg,the gallery of the modern art
335083,images/002252813.jpg,the study from the southeast on full - height view
443997,images/003007760.jpg,letter logo design in a circle .
351088,images/000910381.jpg,great white shark swimming alone in the darkness
51568,images/001599547.jpg,open bag of brand with a glass bowl of cooked popcorn and microwave
301347,images/001978291.jpg,tees off on the fourth hole during second round action of the golf tournament
410288,images/002792962.jpg,who is the owner of these jazzy shoes ?
182553,images/002720862.jpg,using vinegar and steel wool to stain wood in a gray tone
197653,images/002653291.jpg,young serious couple holding hands against the wall
126364,images/001869782.jpg,"soccer player , ships crew and other dignitaries at the official opening ."
228269,images/002589501.jpg,image of the flag made of food .
119585,images/001076264.jpg,lovely contrast in a short iris for the front of your bed .
474278,images/000927664.jpg,football player celebrating a goal for uk constituent country during the round match .
59869,images/002070104.jpg,slow motion clip of a young woman shopping for fruit in the grocery store .
239361,images/000099228.jpg,"old , grown up and some young swans resting on the shore by the lake"
357421,images/000310716.jpg,children play in the street
267186,images/001303255.jpg,teenage girl doing homework at a desk in her bedroom
344528,images/001964345.jpg,"how to finish a room by adding layers , not clutter"
21197,images/002772153.jpg,suitable woman : actor was spotted out in a blue suit and scarf on wednesday as she walked to show
25037,images/003036063.jpg,"beautiful orchid flower in morning sun with natural background , select the focus and blur , make lens flare"
464816,images/000293818.jpg,cars parked in a flooded car park
12463,images/000557331.jpg,the picture shows tourist attraction .
310943,images/000166237.jpg,picture of computers in a lab
462012,images/002047938.jpg,building a version with custom plans
384583,images/000384309.jpg,no toys in the fish tank .
225068,images/001982189.jpg,actor attends the world premiere .
383659,images/000791220.jpg,disabled father with daughter and granddaughter watching the sunset .
140535,images/003201146.jpg,actors attend awards after party held .
110799,images/000820090.jpg,lane through a carpet of autumn leaves early on a misty morning
485687,images/002384999.jpg,a female actor stands on a stage lit by brightly coloured boxes
347045,images/002239983.jpg,sweet suit at the premiere .
69789,images/000813295.jpg,girl emotionally shouts at the laptop
328231,images/002178241.jpg,girl eating a soup on a kitchen
371736,images/002189659.jpg,tree silhouetted against a colorful orange and purple sky
482821,images/002500595.jpg,view of the cranes on site - exterior photo
37481,images/000650308.jpg,people have posted missing person signs around country in a never - ending search for their daughter and granddaughter .
471216,images/002250554.jpg,politician entering the church with politician on her wedding day .
78608,images/002615340.jpg,electric car on display at show .
244733,images/000226613.jpg,smiling builder wearing a red hard hat and carrying a shovel over his shoulder
482181,images/002806439.jpg,full length portrait of a lost businessman carrying a suitcase at the beach
102773,images/001908544.jpg,futuristic office building with a train station in the underground
224739,images/000164848.jpg,a distant stream from the mountain peak .
391770,images/001935845.jpg,this kinds of tattoo design are the traditional tattoo designs .
282911,images/000578907.jpg,misty spring morning in a woodland
198293,images/002944741.jpg,a handler waits with animal for judging to start for the first day of competition .
64039,images/002011731.jpg,"a field with trees , clouds , high in the mountains"
431676,images/002844428.jpg,person with the neighbors dog
9434,images/002969662.jpg,"actor , organization leader and awards held ."
111018,images/002584298.jpg,palace prior to the royal wedding .
187448,images/002343754.jpg,hotel is pictured in this photo that was entered into the eyes on fundraiser .
425406,images/003086103.jpg,veg and protein from the meat make for a nutritious start to the day
310291,images/002760261.jpg,"film character , in his enclosure ."
211468,images/001991686.jpg,prospective students take a tour of the campus .
373877,images/000951928.jpg,a city : architecture of the new buildings in town
118614,images/002539019.jpg,person is kinda cute with this hair .
156017,images/001970452.jpg,biological species in the fog and mist
474418,images/000676400.jpg,the engagement ring given to noble person by noble person .
329376,images/000138420.jpg,rocks stacked top of another is an art form
276323,images/003217493.jpg,actor poses for a portrait for the film during festival
266786,images/000688019.jpg,perfume - a fragrance for women
219181,images/003157971.jpg,olympic athlete holds the flag
343729,images/000732131.jpg,film director attends the world premiere held
335946,images/001285402.jpg,calm boy in the retro railway station
433304,images/000281562.jpg,the powder room pops with yet another example of a timeless animal - inspired motif .
463548,images/000287089.jpg,large ferris wheel at a funfair
221557,images/000769671.jpg,the logo in black and white
412403,images/000885119.jpg,close - up of a colourful tropical plant
407537,images/000473947.jpg,grey wolf howling at the moon - photo #
257907,images/002729122.jpg,"these hyper - detailed soldiers appear to discussing the best route to take , perhaps to deliver a very message to hq regarding"
262455,images/000939681.jpg,the sneakers of # are seen during the game against sports team .
131241,images/000596333.jpg,person of the band indie rock artist performs .
21378,images/000377833.jpg,vector illustration of a banner or poster for happy new year .
368652,images/002389242.jpg,man snorkeling off the coast
424527,images/000986299.jpg,"square , degree panoramic view of the gallery and the main building with moving people in the day time"
254921,images/001069798.jpg,pedigreed animal - today was one of those ... should have stayed home days .
117647,images/000435608.jpg,quick sketch from a documentary i watched
90028,images/000221259.jpg,you want the water to be at a good boil before adding the shrimp !
453117,images/002204573.jpg,view from the roof of our apartment
165095,images/003069033.jpg,"person , the author and professor of history , at festival ."
61486,images/002838571.jpg,"television show host and girlfriend , attend the first runway show ."
486715,images/001739745.jpg,dandelion flower with a boy doing handstand in the background
269203,images/003014927.jpg,financial analysis segment this segment should contain the numbers that illustrate how the project is expected to operate over an initial period of time .
223546,images/003058950.jpg,fall fashions by top designers : shown below are models from the collections of three
474946,images/003091937.jpg,"in this file photo , gestures during a college football game against us state ."
285952,images/003062267.jpg,number silver color over a red background .
289250,images/000188906.jpg,chocolates in a shop window
279261,images/002632497.jpg,the white structures near the mountain is where i stay .
7008,images/002173019.jpg,tennis player kisses the trophy after winning the men 's final
141835,images/002390849.jpg,soccer player speaks at at a press conference at the training ground .
198876,images/000892909.jpg,-- this huge lighthouse was built as late .
194483,images/000529908.jpg,"looking north down the tracks , through the intersection ."
70533,images/000496614.jpg,a city illuminated at dusk
394569,images/001343535.jpg,hospital opened new floors this summer to help meet the growing need for its neurological services .
471649,images/002562910.jpg,this year 's winners at awards
14243,images/000709194.jpg,sun rising in a blue sky while shining through a tree on a green hillside
80700,images/000302850.jpg,i 've got an oil for short sleeve t - shirt
234476,images/001227429.jpg,newlyweds coming out of the church after wedding ceremony
393611,images/002826315.jpg,actor arrives at the premiere
426517,images/003219480.jpg,person pulls down a rebound over person during their game in the first round
17316,images/003202118.jpg,behind the scenes of the series
72267,images/001326131.jpg,glass with sparkling wine and strawberries on a garden table in late evening sunshine
475393,images/001002283.jpg,adventure tv program : sketch for gown for festival .
101532,images/002521402.jpg,mixed martial artist competes with professional boxer during their fight .
103822,images/002793767.jpg,happy woman drinking cocktail in cafe in the city
143755,images/002588958.jpg,a high altitude aerial shot with a view of the hills in the background .
68945,images/000408853.jpg,sketch big ostrich standing on a white background .
334732,images/003134631.jpg,man climbing a net during obstacle course in boot camp
56064,images/002843381.jpg,"large and little goats graze near the tree , eating leaves stand funny on their hind legs"
304128,images/000017992.jpg,group of friends dancing by the lake
195611,images/000903015.jpg,scriptwriter and person attend the european premiere
399297,images/002748726.jpg,politician addresses the meeting on t
435442,images/001937173.jpg,"a vector illustration of retro fall harvest happy thanksgiving phrase with cornucopia , fall leaves , turkey and more ."
107999,images/002828118.jpg,the bride and groom with the orange colored smoke
2136,images/001864436.jpg,a preseason game last season against sports team .
391554,images/000186652.jpg,man builds ft model replica of a battleship
245303,images/000411842.jpg,aerial view of the old town in winter
30109,images/003044539.jpg,burning candle in the form of number birthday
61818,images/003251669.jpg,why is there so much art of this ?
168281,images/003036338.jpg,couple camping in the woods .
34903,images/002052695.jpg,"in this file photo , rhythm and blues artist performs ."
217884,images/000675835.jpg,actor attends a premiere to promote the movie during festival .
391620,images/000274108.jpg,all of my boys :)
168868,images/000226686.jpg,rotten wood texture extreme close up stock footage .
257791,images/001177740.jpg,person breaks for the line during their match against rugby union team
100032,images/000051051.jpg,"carnival costume of deities , set for two"
329997,images/001353914.jpg,person poses backstage at the fashion presentation during fashion week .
355999,images/001236030.jpg,biological subfamily in the water near by rocks
411782,images/003121070.jpg,a mobile home parked between trees in a suburban neighborhood
412905,images/001498313.jpg,these boots : rocked a shabby jumper with jeans and heeled thigh high boots
341492,images/003208745.jpg,pottery making on a pottery wheel
430859,images/001043641.jpg,seaweed growing on the shallow sea water near the rocks
291505,images/003093115.jpg,garden -- click through for more photos of this garden
260342,images/001582723.jpg,animal standing in a field
469858,images/000384713.jpg,prehistory - is the period in history before writing was invented .
297354,images/002329937.jpg,"the monumental red stone building with the arched pass in the middle , is the part"
160576,images/002573413.jpg,blues artist performs on stage during tour
356330,images/000266080.jpg,"this little piece of art serve as a reminder of fictional character who has been entrusted by deity to light and guard , rule and guide ."
83758,images/001338142.jpg,circular disc with star in a retro circus
144725,images/000270173.jpg,printmaking artist on the bed of his home
258219,images/001163692.jpg,fresh snow on the vernal pond
98086,images/002910848.jpg,in black and white : visiting zoo
22066,images/003024885.jpg,people conversing on front porch at an event
483712,images/002646172.jpg,this look to the theatre this weekend !
358552,images/001392531.jpg,the night before christmas 9781534400856 hr
342383,images/001634275.jpg,minarets of a mosque is seen in the city kms west
465525,images/000933240.jpg,kicking off her heels : the aspiring model seemed keen to take off her shoes after entering the event
216182,images/001413727.jpg,sienna gets a mild facelift for show
277839,images/002303378.jpg,athlete celebrates scoring the team 's late goal during the round of leg match .
303949,images/000757703.jpg,a salmon jumps out of the waters of a bay
260464,images/000863063.jpg,martial artist attends the premiere
350028,images/002784568.jpg,pop artist and film actor perform on stage during awards held
28628,images/002417444.jpg,rhythm and blues artist performs during festival
37442,images/001700167.jpg,one of the pagodas that a city
298028,images/001653962.jpg,sometimes a girl needs to options .
167963,images/002086220.jpg,model at fashion show during fashion week
161083,images/000948079.jpg,"hand holding red card in soccer , football isolated on a green background ."
175385,images/003057079.jpg,the wedding of people by 007
298291,images/002349429.jpg,soccer player participates in his first training session .
390172,images/002242227.jpg,side profile of a mid adult man lying in a hammock talking on a mobile phone
205992,images/000892248.jpg,"healthy food , spaghetti in a heart shape with tomato and basil on a white background"
246040,images/002292838.jpg,we love this long fiery auburn red fall - ready hair color .
25434,images/002895247.jpg,a view down the main street in the old town
115368,images/00013091.jpg,design ideas for a modern water fountain landscape .
145835,images/001096147.jpg,"production company : a collection of ideas to try about cases , moving castle and landscape wallpaper"
354058,images/000766361.jpg,baseball player throws against sports team during the first inning of their baseball game .
168444,images/001270321.jpg,ancient characters are intricately carved into this table lamp .
162895,images/002202556.jpg,battles for the ball with football player
230813,images/002709136.jpg,aircraft on the flight deck
148346,images/002661095.jpg,the road leads through the woods to the mountains
446688,images/001998584.jpg,for this earring i used red and golden beads alternatively .
65267,images/002247792.jpg,little boy with a girl eating ice cream at an outdoor cafe in outdoor cafe
9923,images/000834816.jpg,this is what person would look like if i let his fur grow .
474721,images/000158380.jpg,week - your baby is now the size of a lemon
112692,images/000892028.jpg,silhouette of a family with children against the backdrop of the setting sun and sea
372784,images/000504700.jpg,"sleepy cat lying down on a carpet , looking at camera , beautiful pet"
306076,images/002358220.jpg,baseball player hits baseball pitcher in the face after being hit with a pitch in the eighth inning of a baseball game monday
242204,images/000009054.jpg,"astrological sign of the zodiac , head"
220711,images/002491514.jpg,steam locomotive with a passenger train
108150,images/001357437.jpg,gangsta rap artist and hip hop artist perform at the .
320531,images/001314175.jpg,additional view from room of the many boats coming in
239263,images/000347826.jpg,we have a problem ... art by artist
113616,images/000284928.jpg,image of an artist 's hand squeezing his favorite tool
409441,images/002970407.jpg,white nails with an accent
139814,images/001181546.jpg,view of the mountains out the window
451124,images/002887439.jpg,property image # charming house in the heart of a typical village
61420,images/002811796.jpg,"image : a stone building with a steeply pitched roof , overgrown with vines and mostly obscured by bushes and trees"
19401,images/001379860.jpg,"illustrated red , orange and yellow roses isolated on a white background"
450962,images/000622701.jpg,members entertain visitors outside museum during the annual open house
455477,images/000195654.jpg,mustache and lips on a stick ~ back in stock !
448964,images/000831416.jpg,photographer taking picture of a model
170796,images/003030037.jpg,young woman looking away at the sea
131698,images/001989179.jpg,# showcases his sneakers against sports team during a game
28657,images/001606055.jpg,country on the physical map outlined and glowed .
133657,images/003266841.jpg,maleficent tattoo ... ? i love the green flames with purple and black
499931,images/002436464.jpg,person to the club with her friends
348016,images/001141213.jpg,"a bedroom with gold wallpaper , black art , and a vintage chandelier"
11760,images/002956372.jpg,vector illustration of a flat acoustic system
340039,images/002218654.jpg,person assigned are in the midst of their
101278,images/000219905.jpg,students on a class field trip are lead by a teacher after learning about art
4267,images/001022965.jpg,box girder bridge over river
365093,images/000826647.jpg,this serving bowl adds a little bit of folk art to your dinner table !
87811,images/001284586.jpg,basketball shooting guard during the game against sports team
245508,images/000347474.jpg,a large space ship flying near a planet
478427,images/002507110.jpg,football players warm up before the game
434236,images/003294110.jpg,"4k footage of a chess board with its pieces lined up , the shot moves from left to right"
10556,images/000562771.jpg,"the walk - through waterfall , designed by person , is a magnet in the summer heat ."
158726,images/002747656.jpg,tired child crawling out of a hot tub covered in foamy bubbles
441440,images/002682798.jpg,the was built by person .
309098,images/002728871.jpg,tourists enjoying a cruise aboard person .
209169,images/002072738.jpg,snail in a grass 7838
250983,images/001351661.jpg,"raindrops on the petals of a flower pink , slow motion"
486652,images/000950344.jpg,solar panels covering the roof of a building .
296110,images/001506054.jpg,in my town a road was built around a tree
451009,images/003219083.jpg,republic extruded on the world map with administrative borders and graticule .
210091,images/000632540.jpg,cosmetic treatment with injection in a clinic
231094,images/002273357.jpg,statue of military person shooting a buffalo
383260,images/001277448.jpg,movie star : actor was recently seen in the movie
19180,images/002091665.jpg,soccer player celebrates after scoring a goal during the second half against football team .
472486,images/000621119.jpg,cars from a train that derailed above lay spilled onto road alongside smashed vehicles .
144854,images/002639150.jpg,aerial view of reservoir on a beautiful sunny day
493424,images/001373233.jpg,decorative design of overlapping snowflakes .
320646,images/003252374.jpg,"aerial view , flying by night ."
471779,images/002899809.jpg,how to buy an used car
468593,images/001698645.jpg,a giant statue of author being moved in the bed of a truck
256115,images/000620927.jpg,military officer arrives at the premiere
77732,images/001541026.jpg,choosing fruits on the farmer 's market
224319,images/001074691.jpg,vector illustration of a young mother with buggy reading a book on a park bench
363131,images/002786200.jpg,the actor at his home
387620,images/000788616.jpg,film director and boxer walked the red carpet for the world premiere at the hotel .
374360,images/003214233.jpg,"a set of vector illustrations of exotic fishes in color , and black and white renderings ."
489629,images/000086448.jpg,young woman holding a bouquet of flowers smiling and waiting for someone
233732,images/000568873.jpg,divers ascend from the shipwreck
147264,images/001007063.jpg,person walks the runway at the fashion show during fashion week
432136,images/001988350.jpg,a gallery of fans watch play during the second round
159983,images/003255595.jpg,3d digital render of a beautiful female pirate holding guns isolated on white background stock photo
398823,images/000019659.jpg,actor poses on the red carpet of person .
475768,images/002145692.jpg,person with copies of the program and books by writers who will be appearing at the festival .
137660,images/000223106.jpg,"illuminated leaf in a trunk , heart shaped"
411817,images/000848031.jpg,"icon with the shadow isolated on a white background , vector illustration for web design"
452949,images/003071577.jpg,celebrity wore a floor - length gown to the bash .
195390,images/002470520.jpg,football team in action during the match .
341114,images/000168641.jpg,the southern part of the rainbow .
16888,images/000297645.jpg,oil painting on a recycled dvd
419470,images/003149212.jpg,helicopters brought us to and from where we were greeted with a fleet .
291747,images/001674086.jpg,dandelion seeds blowing in the wind
308449,images/003085904.jpg,this wood lined hallway has large round skylights to introduce sunlight to the space .
485410,images/001736277.jpg,"colonial buildings , an office block"
331884,images/003070767.jpg,animated locomotive 's fire and smoke in 4k .
10864,images/001608344.jpg,general look at the city
390157,images/000738487.jpg,portrait of a beautiful young woman smiling in a city park in autumn royalty - free
273309,images/001369379.jpg,actor arrives at the premiere
87556,images/002043021.jpg,teenagers having fun playing video games in the living - room
103641,images/001514031.jpg,turn up the music : the first part of duet was drowned out by the music and vocals
428966,images/001259625.jpg,theater and building by night
159314,images/000148090.jpg,vector image of the background
388099,images/002953999.jpg,big snail on a green leaf
444494,images/000826864.jpg,american football player and # celebrate after scoring a second quarter touchdown during their game against american football team
142048,images/002283524.jpg,images from the graduation ceremony at the school in a city .
90230,images/002870518.jpg,athlete and the rest of the team celebrate the victory
265714,images/002579094.jpg,footballer makes a save against country
339783,images/000370852.jpg,actor and film director at the premiere
6569,images/000287545.jpg,halloween poster - beautiful orange moon in the starry sky
128219,images/000723316.jpg,girl for western christian holiday .
283545,images/001350686.jpg,fans celebrate after seeing their national side take a-goal lead in the second half
487019,images/000446595.jpg,snakes often lie coiled or twisted with their heads sort of hidden by the folds of its body
63614,images/001359966.jpg,looking for a new hair color ? try these colors for fall .
256258,images/002518429.jpg,there is the old house in winter .
435492,images/002723924.jpg,i think the silhouettes of people would look great as a tattoo .
499685,images/000503029.jpg,get the look with these casual - chic black ankle boots .
364781,images/001008482.jpg,"person , you would look so cute with this bag on your shoulder !"
376724,images/002626389.jpg,"map on a flag button , white background"
31237,images/000457934.jpg,people boarding a bus during a winter snow storm on the plateau
253898,images/000735412.jpg,testing the temperature of the tap water in kitchen
101803,images/001700693.jpg,"dark blue background with checkered pattern , closeup ."
171419,images/002931292.jpg,actor attends the after party for the opening night .
377123,images/003188495.jpg,vector silhouette of old people on a white background .
378101,images/003122916.jpg,from the balcony greet the people with heart as the crowd cheers .
280191,images/002147489.jpg,a close up photo of dog
284309,images/001288341.jpg,young man training in the gym pulling the handles lifting weight
313221,images/001894734.jpg,rural life in a village
391969,images/000919416.jpg,photo with a bored gargoyle
490190,images/001586443.jpg,"stylish pair : was joined by her mother , the duchess at the star - studded event"
487745,images/001428369.jpg,young man in glasses uses tablet computer in the cafe
126704,images/003171454.jpg,seamless pattern collage of flags with shadows on a white background
59288,images/001644499.jpg,huge golden homage to the statue
495738,images/002315980.jpg,the sun sets over a car park .
230949,images/001521740.jpg,4k elementary school children in a lesson in classroom .
244901,images/001484226.jpg,"pupils collect the award from person , head of equality , human rights and third sector"
477449,images/000254999.jpg,beautiful white and gray bathroom with gold accents .
203426,images/003021551.jpg,turquoise waters against the white beach fringed by white cliffs and rolling countryside
331471,images/001591020.jpg,water glass in a restaurant
377049,images/000677961.jpg,olympic athlete shows her winning performance during the women 's free skate .
704,images/001986899.jpg,painted garden shed amongst a vegetable garden
41305,images/001208593.jpg,mob of kangaroos take shade under a tree
115970,images/001576276.jpg,a steam train of the a city rolls through the countryside
94550,images/001683692.jpg,a large statue of person inside town
294098,images/001632453.jpg,digital art selected for the #
280600,images/001198720.jpg,starting young : a small child in a miniature carriage with a dwarf horse on her way to the fair with her father
310743,images/000305830.jpg,views of the city with historical buildings .
229691,images/000899467.jpg,politician reading a newspaper in an armchair in his hotel room
465429,images/000601622.jpg,this child is not related to the story told in the following blog .
475620,images/000475514.jpg,woman taking a rest from a bike ride relaxing on a river bank leaning against a tree and checking her mobile phone
420054,images/001600300.jpg,day trip approaching the island
375271,images/002356674.jpg,love the colors together but might need a different shade besides mint green ... to match camo
459008,images/002757443.jpg,"vintage old convertible taxi yellow car parked , near a park full of trees"
149873,images/002900192.jpg,try this fat - burning workout that will get you slim and fit .
225901,images/000119719.jpg,"racecar driver , who races under the flag was cheered on by the crowd"
320517,images/002507267.jpg,"a fashion look featuring dresses , shoes and bracelets ."
153439,images/002745120.jpg,yellow roses and transparent fabulous butterflies on the blue background
164273,images/003287564.jpg,pop artist arrives for a performance
326535,images/002273015.jpg,windmills in the sunset light
161693,images/002212848.jpg,wooden boats on the lake shore
261670,images/002705566.jpg,the carvings on the wall of the tank
53194,images/002082610.jpg,exotic fruits on a market stall
323431,images/003263918.jpg,businessman with a suitcase in his hand .
262159,images/002435990.jpg,putting in the new garden
397185,images/000934954.jpg,combine harvester in a green field - aerial footage
137099,images/000386041.jpg,little girl is sitting on the floor holding a cup .
405331,images/000379569.jpg,"terrible monster hand to create a collage on the theme of halloween , on white"
156280,images/001318111.jpg,father walking daughter down the aisle
251918,images/001998705.jpg,elephants bathing on the reserve .
460889,images/000075830.jpg,actor arrives at the premiere
150448,images/000905534.jpg,merely a hour west and named after a town was founded by immigrants and is known due to its high density of churches and religious centers .
45068,images/001598042.jpg,a model walks the runway during the summer show as part .
449180,images/001688397.jpg,is going up for auction with a starting bid of $10 .
92407,images/000073286.jpg,hospitality business of the day
433737,images/001367982.jpg,a general view of shoes during tv talk show at studio
386018,images/002767149.jpg,little cat sleeping in the cushion
290540,images/001663491.jpg,car traffic on a wintry road
15145,images/002521751.jpg,mother and child relaxing in the city park
484350,images/001477684.jpg,revive a chair for a holiday !
219850,images/003075979.jpg,different kinds of bread on the wooden table
231845,images/000651425.jpg,a red - tailed hawk soars in a blue sky searching for prey
378788,images/001242538.jpg,football player concentrating before a game for football team
159821,images/003111644.jpg,woman lying on grass using retro camera on a sunny day
66964,images/003090034.jpg,"artist , lead singer of group , performing in concert ."
476310,images/000928794.jpg,illustration of a cute cat .
316341,images/003285057.jpg,cocker spaniel in the park
146885,images/002266899.jpg,a city in the making .
41877,images/001266417.jpg,illustration of a girl doing yoga under the tree on a white background
60238,images/001272421.jpg,line along bodies of water .
452643,images/001864948.jpg,failure and reinforcement of the monitored slope
228951,images/001841229.jpg,entry in portfolio by person
320741,images/002147969.jpg,egg on a white background .
84276,images/002793683.jpg,gold pendant in the form of a maple leaf .
361062,images/000764966.jpg,horses grazing in a meadow
109274,images/002055266.jpg,fashion designer attends the fashion show during fashion week .
30269,images/002632466.jpg,actor attends the world premiere
108590,images/000542728.jpg,sun shining through the trees
405671,images/000321112.jpg,"view of apartment buildings going past , as seen from the window of a moving train"
40867,images/002965490.jpg,"group of men and women sat around a table , being addressed by a woman"
422262,images/002310538.jpg,interior with colorful ornaments isolated on a white background .
264868,images/002565889.jpg,"secondary highways are less crowded , but still pretty good condition - but still keep an eye out for potholes !"
146764,images/002746780.jpg,bathroom with a bath and a shower
438938,images/000141782.jpg,kids holding the skateboards in the streets .
126966,images/001774229.jpg,organization leader backstage before the fashion show .
320170,images/001197121.jpg,this portrait was painted for a couple of their farm and pet cats in the scene also .
36006,images/000822870.jpg,wondering if my hair could ever do this ... would look great for the wedding though
120846,images/000528016.jpg,cute angel wings for a tat
243972,images/001209333.jpg,new season means a new scent for your home : breathe in the zen with person .
381031,images/000037734.jpg,person hands over the keys of the new vehicle to person .
439588,images/001726341.jpg,actor attends the premiere at amc empire theater
328433,images/000203402.jpg,colorful cupcakes for a party on a cake stand
210696,images/000431805.jpg,patients long shadow vector icon .
28550,images/000423050.jpg,water falls streaming down from levels rushing down through the forest into a small lake .
228876,images/002465378.jpg,businessman reading a map in his car
34246,images/002129555.jpg,armed force for olympic games
210664,images/000318957.jpg,a construction worker shows his support with a flag placed on his hard hat .
281934,images/000498996.jpg,what is the most expensive room in the - star hotel
63917,images/001981295.jpg,armed force and civilian firefighters assigned
310843,images/001328565.jpg,person looking the sea from transit vehicle type
175270,images/001510447.jpg,new weapon : takes his turn during the exercises in the training session on friday
9140,images/000069207.jpg,remembering those who fell in the line of duty .
476265,images/001619522.jpg,winter cloudy day at the country side .
35719,images/000867307.jpg,"coming from the same designer , this large bathroom boasts a lengthy dual vanity in grey , beneath a massive set of frameless mirrors ."
366563,images/002371476.jpg,cute dark - skinned fairy flying on the wings .
397051,images/003015854.jpg,"the plane 's toilet , which today still looks identical to its original state"
288915,images/001264897.jpg,a city my last drink with person and some friends .
246036,images/001593058.jpg,watercolor background in the style of painting .
256309,images/001636629.jpg,"class , he 's just too good -- fans are raving about this star after game"
65337,images/002477714.jpg,organisation and clowns for a sneak peak of its new circus .
183876,images/002577515.jpg,a look up the beach often revealed this sight .
321252,images/001474184.jpg,"person is a fun game for the little ones , but for adults as well ."
118756,images/000097848.jpg,this red lip makes this look so glam !
100290,images/000257721.jpg,yellow socks with white hearts isolated on a white background
275692,images/000420844.jpg,beach on the northern coast
1729,images/002188638.jpg,actor and person attend the press conference
75210,images/001856173.jpg,gradual focusing of water in the creek
358995,images/003209100.jpg,wedding photography bridal portrait in the gazebo
454075,images/002612410.jpg,concept of metal engine inside a red heart .
95371,images/000497975.jpg,state flag gently waving in the wind .
379471,images/003073801.jpg,the ruins of the monastery
337635,images/003186676.jpg,wedding ceremony at the hotel
180039,images/000690744.jpg,like and share if you want organisation sector a friend who would love this !
129744,images/001996836.jpg,gorilla looking at me through glass at the zoo
274781,images/002965471.jpg,musical artist attends the premiere of comedy film .
152966,images/001080946.jpg,living room and kitchen leading into full bedrooms in the back .
463626,images/001532973.jpg,road is the name for a stretch that traverses national park
170472,images/001475396.jpg,vector illustration of a female comic book character talking .
366745,images/002032841.jpg,ambient lighting and comfy chairs star in the second - floor dining room .
186263,images/001209803.jpg,a map of birthplace and home .
426716,images/003206026.jpg,vector illustration of balloons flying over the city in the setting sun
236450,images/000020362.jpg,taller ceiling for the house with vaulted ceilings
315776,images/001599690.jpg,models walk the runway at the presentation during fashion week
155876,images/001596453.jpg,organisation founder in her car reading the report
72353,images/002418834.jpg,putts on the 18th green during day of event held
297679,images/002552154.jpg,a street along the coast line
358806,images/000433687.jpg,"illustration of a map , its flag and a comic balloon with a shopping bag"
197985,images/003268875.jpg,"outside the circus the pair , who met look like any other couple in love"
195797,images/000512836.jpg,father and daughter shopping for lettuce at a grocery store
